{
  "type": "FeatureCollection",
  "_meta": {
    "version": 1,
    "generatedAt": "2026-03-19T18:58:49.963Z",
    "rlsNeighborField": "SubdivisionName",
    "trestleVerified": true,
    "totalFeatures": 81,
    "canonical": 674
  },
  "features": [
    {
      "type": "Feature",
      "properties": {
        "name": "Astoria",
        "borough": "Queens",
        "slug": "astoria",
        "source": "nyc_nta_2020",
        "quality": "medium",
        "centroid": {
          "lng": -73.923748,
          "lat": 40.765768
        }
      },
      "geometry": {
        "type": "Polygon",
        "coordinates": [
          [
            [
              -73.91194025916087,
              40.76901015311978
            ],
            [
              -73.9144990235603,
              40.76585640001886
            ],
            [
              -73.9141323000722,
              40.76568360754063
            ],
            [
              -73.91370071321843,
              40.76548023943927
            ],
            [
              -73.91499211485011,
              40.76389230453765
            ],
            [
              -73.91579117314488,
              40.76426777112949
            ],
            [
              -73.91788807822094,
              40.761695075808625
            ],
            [
              -73.91979922170717,
              40.75934944532388
            ],
            [
              -73.9216591710906,
              40.7570514199901
            ],
            [
              -73.9229047573353,
              40.755506165071324
            ],
            [
              -73.92415699977637,
              40.75396114233148
            ],
            [
              -73.92495399929061,
              40.754336752671705
            ],
            [
              -73.92575429124501,
              40.754710899939006
            ],
            [
              -73.92655413022148,
              40.75508563537876
            ],
            [
              -73.92735228349545,
              40.75546007636599
            ],
            [
              -73.9281537252948,
              40.75583585556395
            ],
            [
              -73.92895587392927,
              40.756212584159
            ],
            [
              -73.92975052086942,
              40.75658057764621
            ],
            [
              -73.93055267344805,
              40.75695894252332
            ],
            [
              -73.93135128661851,
              40.7573340850233
            ],
            [
              -73.93215200209738,
              40.75771038532681
            ],
            [
              -73.93090035233608,
              40.75925288201763
            ],
            [
              -73.92965061901405,
              40.760797762089204
            ],
            [
              -73.93054963851196,
              40.76122060130232
            ],
            [
              -73.93004851905492,
              40.76174504595371
            ],
            [
              -73.92943440756808,
              40.762380093350565
            ],
            [
              -73.9300498637595,
              40.762669946319285
            ],
            [
              -73.93043814882333,
              40.762852577865075
            ],
            [
              -73.93133626072911,
              40.76327644170063
            ],
            [
              -73.93109447700587,
              40.763591657343376
            ],
            [
              -73.93086652843867,
              40.763874224960865
            ],
            [
              -73.93036545982827,
              40.7644907508823
            ],
            [
              -73.9296471585256,
              40.76537472654026
            ],
            [
              -73.9291503507836,
              40.7659833163053
            ],
            [
              -73.92855636498305,
              40.76671423931419
            ],
            [
              -73.92829080224297,
              40.76703995429464
            ],
            [
              -73.92818586704263,
              40.76716865625599
            ],
            [
              -73.92782087977119,
              40.76761629315209
            ],
            [
              -73.92715011754852,
              40.768442065618764
            ],
            [
              -73.92647341110653,
              40.769271396247966
            ],
            [
              -73.92780678506122,
              40.769889038658164
            ],
            [
              -73.92754752879112,
              40.77021758658143
            ],
            [
              -73.92730372533914,
              40.77052655840048
            ],
            [
              -73.92706713767748,
              40.77081992857412
            ],
            [
              -73.92681478469365,
              40.77113284635401
            ],
            [
              -73.9264083257582,
              40.771640642632576
            ],
            [
              -73.92590026968253,
              40.77226208786926
            ],
            [
              -73.92511019207805,
              40.77327620074391
            ],
            [
              -73.92492822369033,
              40.77348904169735
            ],
            [
              -73.92448650692235,
              40.774049856204385
            ],
            [
              -73.92398142850024,
              40.77461511268849
            ],
            [
              -73.92279264385564,
              40.77396229584666
            ],
            [
              -73.92216697391144,
              40.77354687802797
            ],
            [
              -73.9214687837298,
              40.77305130769123
            ],
            [
              -73.92076339467634,
              40.772552547990806
            ],
            [
              -73.92007608636862,
              40.77206691037681
            ],
            [
              -73.9194217840495,
              40.771595176232736
            ],
            [
              -73.91880312478595,
              40.77114938855439
            ],
            [
              -73.91870527754173,
              40.77107888239208
            ],
            [
              -73.91815346581846,
              40.77070124253985
            ],
            [
              -73.91770217216155,
              40.77039311158805
            ],
            [
              -73.91807875178459,
              40.77006199589546
            ],
            [
              -73.91725714729296,
              40.76985353036546
            ],
            [
              -73.91682702249152,
              40.76979148980273
            ],
            [
              -73.91633725512567,
              40.7697130369129
            ],
            [
              -73.91584870519878,
              40.769633575496584
            ],
            [
              -73.9148737639832,
              40.76947041784723
            ],
            [
              -73.91388850089261,
              40.769323930122674
            ],
            [
              -73.91291677922973,
              40.76916129840852
            ],
            [
              -73.91194025916087,
              40.76901015311978
            ]
          ]
        ]
      }
    },
    {
      "type": "Feature",
      "properties": {
        "name": "Battery Park City",
        "borough": "Manhattan",
        "slug": "battery-park-city",
        "source": "patch_polygons",
        "quality": "high",
        "centroid": {
          "lng": -74.0145,
          "lat": 40.7095
        }
      },
      "geometry": {
        "type": "Polygon",
        "coordinates": [
          [
            [
              -74.015,
              40.7175
            ],
            [
              -74.017,
              40.7148
            ],
            [
              -74.0178,
              40.71
            ],
            [
              -74.0185,
              40.7055
            ],
            [
              -74.0175,
              40.702
            ],
            [
              -74.0148,
              40.7005
            ],
            [
              -74.0118,
              40.7015
            ],
            [
              -74.0105,
              40.7055
            ],
            [
              -74.0098,
              40.7098
            ],
            [
              -74.0102,
              40.7135
            ],
            [
              -74.012,
              40.7165
            ],
            [
              -74.015,
              40.7175
            ]
          ]
        ]
      }
    },
    {
      "type": "Feature",
      "properties": {
        "name": "Bayside",
        "borough": "Queens",
        "slug": "bayside",
        "source": "nyc_nta_2020",
        "quality": "medium",
        "centroid": {
          "lng": -73.760963,
          "lat": 40.762791
        }
      },
      "geometry": {
        "type": "Polygon",
        "coordinates": [
          [
            [
              -73.76760454567857,
              40.77829903415697
            ],
            [
              -73.76510436820394,
              40.77379903822068
            ],
            [
              -73.75893512093695,
              40.768334328516055
            ],
            [
              -73.75864264358079,
              40.767357170035645
            ],
            [
              -73.75739020737589,
              40.76716667285977
            ],
            [
              -73.75650071937827,
              40.76634450501819
            ],
            [
              -73.75547310439607,
              40.76636558091926
            ],
            [
              -73.75377036464347,
              40.765304631985686
            ],
            [
              -73.7591977039697,
              40.764326745504064
            ],
            [
              -73.75886431310758,
              40.76327454175998
            ],
            [
              -73.7583629650641,
              40.763497383000384
            ],
            [
              -73.75784858628565,
              40.762566799538575
            ],
            [
              -73.75848074978504,
              40.761994737147305
            ],
            [
              -73.75800131634726,
              40.76037986814802
            ],
            [
              -73.75682062041994,
              40.7597348068314
            ],
            [
              -73.75583713256925,
              40.7577420624534
            ],
            [
              -73.75511648290063,
              40.75847949880217
            ],
            [
              -73.75320997118119,
              40.75824487350981
            ],
            [
              -73.75230259322663,
              40.7594551998344
            ],
            [
              -73.7511558281731,
              40.75906976875012
            ],
            [
              -73.75057710625028,
              40.758014895656224
            ],
            [
              -73.75004764465876,
              40.75840465879311
            ],
            [
              -73.74711113768001,
              40.75417328675966
            ],
            [
              -73.74774116439379,
              40.75384994514821
            ],
            [
              -73.74680794553375,
              40.75202841850012
            ],
            [
              -73.74902502805362,
              40.75098001554669
            ],
            [
              -73.75758836019223,
              40.74915475261831
            ],
            [
              -73.76140163165645,
              40.74756730972532
            ],
            [
              -73.76862599805305,
              40.74558274613076
            ],
            [
              -73.77163811373067,
              40.744196939369765
            ],
            [
              -73.77564503502515,
              40.752629013496474
            ],
            [
              -73.77838149519921,
              40.76122605637027
            ],
            [
              -73.78400901818792,
              40.77200397486297
            ],
            [
              -73.78459339349048,
              40.77614122569327
            ],
            [
              -73.77583958177736,
              40.778612373114356
            ],
            [
              -73.77553732181362,
              40.777025597979296
            ],
            [
              -73.76861267825942,
              40.77909521106401
            ],
            [
              -73.76815640868458,
              40.77812526976861
            ],
            [
              -73.76760454567857,
              40.77829903415697
            ]
          ]
        ]
      }
    },
    {
      "type": "Feature",
      "properties": {
        "name": "Boerum Hill",
        "borough": "Brooklyn",
        "slug": "boerum-hill",
        "source": "patch_polygons",
        "quality": "high",
        "centroid": {
          "lng": -73.9838,
          "lat": 40.6822
        }
      },
      "geometry": {
        "type": "Polygon",
        "coordinates": [
          [
            [
              -73.9848,
              40.6858
            ],
            [
              -73.9795,
              40.685
            ],
            [
              -73.978,
              40.683
            ],
            [
              -73.9782,
              40.68
            ],
            [
              -73.981,
              40.6785
            ],
            [
              -73.985,
              40.6785
            ],
            [
              -73.9878,
              40.68
            ],
            [
              -73.9882,
              40.683
            ],
            [
              -73.9872,
              40.685
            ],
            [
              -73.9848,
              40.6858
            ]
          ]
        ]
      }
    },
    {
      "type": "Feature",
      "properties": {
        "name": "Brooklyn Heights",
        "borough": "Brooklyn",
        "slug": "brooklyn-heights",
        "source": "nyc_nta_2020",
        "quality": "medium",
        "centroid": {
          "lng": -73.993775,
          "lat": 40.695522
        }
      },
      "geometry": {
        "type": "Polygon",
        "coordinates": [
          [
            [
              -73.9923636691119,
              40.68969012377707
            ],
            [
              -74.00174362045013,
              40.69240674970571
            ],
            [
              -73.99947406666517,
              40.69670413446216
            ],
            [
              -73.99887207177386,
              40.69692378457437
            ],
            [
              -73.9972446280566,
              40.70014140989724
            ],
            [
              -73.99504592660271,
              40.70313183979975
            ],
            [
              -73.99261204840333,
              40.702061129508806
            ],
            [
              -73.99087453692033,
              40.70067311729603
            ],
            [
              -73.99143346974742,
              40.69828185981727
            ],
            [
              -73.99044474028206,
              40.693828251433736
            ],
            [
              -73.99097186833538,
              40.69254880139072
            ],
            [
              -73.98893356245586,
              40.69208664198901
            ],
            [
              -73.99047488040556,
              40.68914107450508
            ],
            [
              -73.9923636691119,
              40.68969012377707
            ]
          ]
        ]
      }
    },
    {
      "type": "Feature",
      "properties": {
        "name": "Carnegie Hill",
        "borough": "Manhattan",
        "slug": "carnegie-hill",
        "source": "patch_polygons",
        "quality": "high",
        "centroid": {
          "lng": -73.9562,
          "lat": 40.7838
        }
      },
      "geometry": {
        "type": "Polygon",
        "coordinates": [
          [
            [
              -73.9562,
              40.7868
            ],
            [
              -73.9518,
              40.7855
            ],
            [
              -73.9502,
              40.7838
            ],
            [
              -73.9515,
              40.7815
            ],
            [
              -73.9555,
              40.78
            ],
            [
              -73.96,
              40.7812
            ],
            [
              -73.9615,
              40.7838
            ],
            [
              -73.9592,
              40.7862
            ],
            [
              -73.9562,
              40.7868
            ]
          ]
        ]
      }
    },
    {
      "type": "Feature",
      "properties": {
        "name": "Carroll Gardens",
        "borough": "Brooklyn",
        "slug": "carroll-gardens",
        "source": "patch_polygons",
        "quality": "high",
        "centroid": {
          "lng": -73.9918,
          "lat": 40.679
        }
      },
      "geometry": {
        "type": "Polygon",
        "coordinates": [
          [
            [
              -73.9942,
              40.683
            ],
            [
              -73.9895,
              40.6828
            ],
            [
              -73.9862,
              40.6818
            ],
            [
              -73.9855,
              40.6795
            ],
            [
              -73.9865,
              40.676
            ],
            [
              -73.9905,
              40.6748
            ],
            [
              -73.9948,
              40.6755
            ],
            [
              -73.9965,
              40.6785
            ],
            [
              -73.996,
              40.6815
            ],
            [
              -73.9942,
              40.683
            ]
          ]
        ]
      }
    },
    {
      "type": "Feature",
      "properties": {
        "name": "Chelsea",
        "borough": "Manhattan",
        "slug": "chelsea",
        "source": "patch_polygons",
        "quality": "high",
        "centroid": {
          "lng": -74.0002,
          "lat": 40.7448
        }
      },
      "geometry": {
        "type": "Polygon",
        "coordinates": [
          [
            [
              -74.002,
              40.7525
            ],
            [
              -73.995,
              40.751
            ],
            [
              -73.9922,
              40.7478
            ],
            [
              -73.9955,
              40.744
            ],
            [
              -73.9982,
              40.7395
            ],
            [
              -74.005,
              40.7365
            ],
            [
              -74.0095,
              40.738
            ],
            [
              -74.011,
              40.7415
            ],
            [
              -74.0088,
              40.7465
            ],
            [
              -74.0058,
              40.7505
            ],
            [
              -74.002,
              40.7525
            ]
          ]
        ]
      }
    },
    {
      "type": "Feature",
      "properties": {
        "name": "Chinatown",
        "borough": "Manhattan",
        "slug": "chinatown",
        "source": "patch_polygons",
        "quality": "high",
        "centroid": {
          "lng": -73.9958,
          "lat": 40.7152
        }
      },
      "geometry": {
        "type": "Polygon",
        "coordinates": [
          [
            [
              -73.996,
              40.7192
            ],
            [
              -73.9925,
              40.7178
            ],
            [
              -73.9898,
              40.7155
            ],
            [
              -73.9895,
              40.713
            ],
            [
              -73.993,
              40.7112
            ],
            [
              -73.9968,
              40.7105
            ],
            [
              -74.0002,
              40.7125
            ],
            [
              -74.0005,
              40.7158
            ],
            [
              -73.9988,
              40.7182
            ],
            [
              -73.996,
              40.7192
            ]
          ]
        ]
      }
    },
    {
      "type": "Feature",
      "properties": {
        "name": "City Island",
        "borough": "Bronx",
        "slug": "city-island",
        "source": "patch_polygons",
        "quality": "high",
        "centroid": {
          "lng": -73.8205,
          "lat": 40.842
        }
      },
      "geometry": {
        "type": "Polygon",
        "coordinates": [
          [
            [
              -73.8178,
              40.8492
            ],
            [
              -73.815,
              40.8472
            ],
            [
              -73.8138,
              40.844
            ],
            [
              -73.8148,
              40.8405
            ],
            [
              -73.8168,
              40.8375
            ],
            [
              -73.8205,
              40.8348
            ],
            [
              -73.8248,
              40.8355
            ],
            [
              -73.8268,
              40.839
            ],
            [
              -73.8258,
              40.8432
            ],
            [
              -73.8232,
              40.8465
            ],
            [
              -73.8202,
              40.8488
            ],
            [
              -73.8178,
              40.8492
            ]
          ]
        ]
      }
    },
    {
      "type": "Feature",
      "properties": {
        "name": "Civic Center",
        "borough": "Manhattan",
        "slug": "civic-center",
        "source": "patch_polygons",
        "quality": "high",
        "centroid": {
          "lng": -74.0042,
          "lat": 40.7128
        }
      },
      "geometry": {
        "type": "Polygon",
        "coordinates": [
          [
            [
              -74.0042,
              40.7158
            ],
            [
              -74.0012,
              40.7142
            ],
            [
              -74.0002,
              40.712
            ],
            [
              -74.0015,
              40.71
            ],
            [
              -74.0048,
              40.7095
            ],
            [
              -74.0072,
              40.711
            ],
            [
              -74.0075,
              40.7135
            ],
            [
              -74.0058,
              40.7155
            ],
            [
              -74.0042,
              40.7158
            ]
          ]
        ]
      }
    },
    {
      "type": "Feature",
      "properties": {
        "name": "Cobble Hill",
        "borough": "Brooklyn",
        "slug": "cobble-hill",
        "source": "patch_polygons",
        "quality": "high",
        "centroid": {
          "lng": -73.9932,
          "lat": 40.6845
        }
      },
      "geometry": {
        "type": "Polygon",
        "coordinates": [
          [
            [
              -73.9962,
              40.6862
            ],
            [
              -73.991,
              40.6858
            ],
            [
              -73.9878,
              40.6848
            ],
            [
              -73.9875,
              40.6832
            ],
            [
              -73.9908,
              40.6825
            ],
            [
              -73.9952,
              40.6828
            ],
            [
              -73.9978,
              40.684
            ],
            [
              -73.998,
              40.6855
            ],
            [
              -73.9962,
              40.6862
            ]
          ]
        ]
      }
    },
    {
      "type": "Feature",
      "properties": {
        "name": "DUMBO",
        "borough": "Brooklyn",
        "slug": "dumbo",
        "source": "patch_polygons",
        "quality": "high",
        "centroid": {
          "lng": -73.9892,
          "lat": 40.7005
        }
      },
      "geometry": {
        "type": "Polygon",
        "coordinates": [
          [
            [
              -73.9928,
              40.7042
            ],
            [
              -73.9882,
              40.7038
            ],
            [
              -73.9858,
              40.7028
            ],
            [
              -73.9842,
              40.7008
            ],
            [
              -73.9848,
              40.698
            ],
            [
              -73.987,
              40.696
            ],
            [
              -73.9905,
              40.6965
            ],
            [
              -73.9932,
              40.6985
            ],
            [
              -73.9942,
              40.7015
            ],
            [
              -73.9928,
              40.7042
            ]
          ]
        ]
      }
    },
    {
      "type": "Feature",
      "properties": {
        "name": "Dongan Hills",
        "borough": "Staten Island",
        "slug": "dongan-hills",
        "source": "patch_polygons",
        "quality": "high",
        "centroid": {
          "lng": -73.0742,
          "lat": 40.5968
        }
      },
      "geometry": {
        "type": "Polygon",
        "coordinates": [
          [
            [
              -74.0722,
              40.6015
            ],
            [
              -74.0668,
              40.5998
            ],
            [
              -74.0655,
              40.5965
            ],
            [
              -74.0678,
              40.5932
            ],
            [
              -74.073,
              40.5912
            ],
            [
              -74.079,
              40.5928
            ],
            [
              -74.081,
              40.5962
            ],
            [
              -74.0788,
              40.5998
            ],
            [
              -74.0722,
              40.6015
            ]
          ]
        ]
      }
    },
    {
      "type": "Feature",
      "properties": {
        "name": "Downtown Brooklyn",
        "borough": "Brooklyn",
        "slug": "downtown-brooklyn",
        "source": "patch_polygons",
        "quality": "high",
        "centroid": {
          "lng": -73.9838,
          "lat": 40.691
        }
      },
      "geometry": {
        "type": "Polygon",
        "coordinates": [
          [
            [
              -73.9855,
              40.6962
            ],
            [
              -73.9802,
              40.6948
            ],
            [
              -73.9772,
              40.6912
            ],
            [
              -73.9775,
              40.687
            ],
            [
              -73.9812,
              40.6858
            ],
            [
              -73.9858,
              40.6855
            ],
            [
              -73.989,
              40.6878
            ],
            [
              -73.9895,
              40.692
            ],
            [
              -73.9882,
              40.695
            ],
            [
              -73.9855,
              40.6962
            ]
          ]
        ]
      }
    },
    {
      "type": "Feature",
      "properties": {
        "name": "East Harlem",
        "borough": "Manhattan",
        "slug": "east-harlem",
        "source": "nyc_nta_2020",
        "quality": "medium",
        "centroid": {
          "lng": -73.937271,
          "lat": 40.8036
        }
      },
      "geometry": {
        "type": "Polygon",
        "coordinates": [
          [
            [
              -73.9338261413771,
              40.81935642975051
            ],
            [
              -73.9343386458468,
              40.80956221433414
            ],
            [
              -73.93356119245327,
              40.80760067738646
            ],
            [
              -73.93030876458822,
              40.803786014865715
            ],
            [
              -73.92903490240303,
              40.801080903852046
            ],
            [
              -73.92903640113434,
              40.79676259460364
            ],
            [
              -73.93006881035544,
              40.794700828605635
            ],
            [
              -73.93505405969788,
              40.79168623135817
            ],
            [
              -73.93773611991232,
              40.79281580410147
            ],
            [
              -73.93864883146107,
              40.79155775480549
            ],
            [
              -73.94327251058219,
              40.793488103940284
            ],
            [
              -73.9418760457263,
              40.79540586955281
            ],
            [
              -73.9483112532211,
              40.79812921756641
            ],
            [
              -73.9445991520805,
              40.80322504834261
            ],
            [
              -73.94620045768927,
              40.80390652243227
            ],
            [
              -73.9443558695654,
              40.8064135879114
            ],
            [
              -73.94275367162054,
              40.80574401279446
            ],
            [
              -73.93412816606748,
              40.81773396351836
            ],
            [
              -73.93447523610446,
              40.81969749639639
            ],
            [
              -73.9338261413771,
              40.81935642975051
            ]
          ]
        ]
      }
    },
    {
      "type": "Feature",
      "properties": {
        "name": "East Village",
        "borough": "Manhattan",
        "slug": "east-village",
        "source": "nyc_nta_2020",
        "quality": "medium",
        "centroid": {
          "lng": -73.979085,
          "lat": 40.725484
        }
      },
      "geometry": {
        "type": "Polygon",
        "coordinates": [
          [
            [
              -73.97177410965303,
              40.72582128133725
            ],
            [
              -73.97357185653394,
              40.71859722992405
            ],
            [
              -73.97722379174816,
              40.719309775859564
            ],
            [
              -73.99260322198428,
              40.72413644968361
            ],
            [
              -73.99123439470965,
              40.7277268052625
            ],
            [
              -73.98990295970046,
              40.73443479013707
            ],
            [
              -73.97205015281106,
              40.72688094679736
            ],
            [
              -73.97162697183613,
              40.72662845349942
            ],
            [
              -73.97177410965303,
              40.72582128133725
            ]
          ]
        ]
      }
    },
    {
      "type": "Feature",
      "properties": {
        "name": "Financial District",
        "borough": "Manhattan",
        "slug": "financial-district",
        "source": "patch_polygons",
        "quality": "high",
        "centroid": {
          "lng": -74.0058,
          "lat": 40.7082
        }
      },
      "geometry": {
        "type": "Polygon",
        "coordinates": [
          [
            [
              -74.0095,
              40.715
            ],
            [
              -74.005,
              40.7128
            ],
            [
              -73.9988,
              40.7098
            ],
            [
              -73.9998,
              40.707
            ],
            [
              -74.0008,
              40.704
            ],
            [
              -74.0055,
              40.7012
            ],
            [
              -74.0098,
              40.7008
            ],
            [
              -74.0125,
              40.7038
            ],
            [
              -74.0132,
              40.7078
            ],
            [
              -74.0125,
              40.7118
            ],
            [
              -74.0095,
              40.715
            ]
          ]
        ]
      }
    },
    {
      "type": "Feature",
      "properties": {
        "name": "Flatiron",
        "borough": "Manhattan",
        "slug": "flatiron",
        "source": "patch_polygons",
        "quality": "high",
        "centroid": {
          "lng": -73.9895,
          "lat": 40.7425
        }
      },
      "geometry": {
        "type": "Polygon",
        "coordinates": [
          [
            [
              -73.9892,
              40.7462
            ],
            [
              -73.986,
              40.7448
            ],
            [
              -73.9855,
              40.7425
            ],
            [
              -73.9868,
              40.74
            ],
            [
              -73.9898,
              40.7388
            ],
            [
              -73.993,
              40.7402
            ],
            [
              -73.9938,
              40.7428
            ],
            [
              -73.9918,
              40.7452
            ],
            [
              -73.9892,
              40.7462
            ]
          ]
        ]
      }
    },
    {
      "type": "Feature",
      "properties": {
        "name": "Flushing",
        "borough": "Queens",
        "slug": "flushing",
        "source": "nyc_nta_2020",
        "quality": "medium",
        "centroid": {
          "lng": -73.831077,
          "lat": 40.759869
        }
      },
      "geometry": {
        "type": "Polygon",
        "coordinates": [
          [
            [
              -73.82063593185151,
              40.758872267845774
            ],
            [
              -73.8178924559545,
              40.75708633898605
            ],
            [
              -73.82030067670415,
              40.755514980724726
            ],
            [
              -73.81840782792052,
              40.75383042207662
            ],
            [
              -73.82084928748625,
              40.752241544924296
            ],
            [
              -73.82191828734253,
              40.75317308071225
            ],
            [
              -73.82576557247215,
              40.75096902425292
            ],
            [
              -73.82584440827102,
              40.749348392102114
            ],
            [
              -73.8276564180309,
              40.74986083084326
            ],
            [
              -73.83096329142796,
              40.74893634692274
            ],
            [
              -73.83125479839798,
              40.74810635962931
            ],
            [
              -73.83300301897044,
              40.747833989797286
            ],
            [
              -73.83229535672847,
              40.75194179113857
            ],
            [
              -73.83559153783257,
              40.751377132770244
            ],
            [
              -73.83791732703234,
              40.754541435301064
            ],
            [
              -73.83861858898014,
              40.75704484639162
            ],
            [
              -73.843243813566,
              40.7553368037672
            ],
            [
              -73.84596638423373,
              40.76069999140458
            ],
            [
              -73.84670933597923,
              40.76134526913537
            ],
            [
              -73.84368787664125,
              40.76361272608388
            ],
            [
              -73.84306961203558,
              40.76359256915301
            ],
            [
              -73.84272819396486,
              40.76462854893189
            ],
            [
              -73.83935912159866,
              40.765409871852285
            ],
            [
              -73.83721938162334,
              40.76874306939172
            ],
            [
              -73.83159305635508,
              40.772560020472646
            ],
            [
              -73.83151692468128,
              40.77165764985647
            ],
            [
              -73.83058462325141,
              40.7716388752165
            ],
            [
              -73.83054572477742,
              40.7702236831603
            ],
            [
              -73.82957144973903,
              40.7707111120933
            ],
            [
              -73.82656578804828,
              40.77064147673239
            ],
            [
              -73.82655841905539,
              40.770137083592495
            ],
            [
              -73.82466908878068,
              40.770407607806455
            ],
            [
              -73.82348245124568,
              40.76465179236624
            ],
            [
              -73.82063593185151,
              40.758872267845774
            ]
          ]
        ]
      }
    },
    {
      "type": "Feature",
      "properties": {
        "name": "Fordham",
        "borough": "Bronx",
        "slug": "fordham",
        "source": "nyc_nta_2020",
        "quality": "medium",
        "centroid": {
          "lng": -73.899152,
          "lat": 40.85874
        }
      },
      "geometry": {
        "type": "Polygon",
        "coordinates": [
          [
            [
              -73.89177188666727,
              40.861871717251596
            ],
            [
              -73.8913802322572,
              40.86170058876435
            ],
            [
              -73.89141802357817,
              40.861662984043285
            ],
            [
              -73.89256392478259,
              40.86052272891526
            ],
            [
              -73.89321520691615,
              40.85987420615524
            ],
            [
              -73.8938102600623,
              40.85898656563415
            ],
            [
              -73.89394892946706,
              40.85877969702648
            ],
            [
              -73.89526290304758,
              40.856743364757655
            ],
            [
              -73.89539788767541,
              40.856531841546186
            ],
            [
              -73.89553445002257,
              40.856317844440326
            ],
            [
              -73.89558076421216,
              40.85624526699257
            ],
            [
              -73.89575585005555,
              40.85597881035177
            ],
            [
              -73.89600715957343,
              40.855596344366674
            ],
            [
              -73.8960552493299,
              40.855519935552735
            ],
            [
              -73.89644052433917,
              40.85490775915461
            ],
            [
              -73.89709926706911,
              40.855172291947014
            ],
            [
              -73.89831118538353,
              40.85406115105083
            ],
            [
              -73.89863543655886,
              40.853906975435514
            ],
            [
              -73.89816577388366,
              40.85514637639213
            ],
            [
              -73.89877598478346,
              40.85536324709546
            ],
            [
              -73.89967155667752,
              40.855668908898814
            ],
            [
              -73.90060385983115,
              40.855987237864746
            ],
            [
              -73.90077922681346,
              40.856047109728614
            ],
            [
              -73.90085477068786,
              40.855937440328034
            ],
            [
              -73.90085591755613,
              40.85593581265132
            ],
            [
              -73.9011659080535,
              40.85549567506269
            ],
            [
              -73.90130126496122,
              40.85530349100484
            ],
            [
              -73.90153703304394,
              40.85499464378875
            ],
            [
              -73.90185995986776,
              40.85458615026468
            ],
            [
              -73.9020800105516,
              40.854622599699546
            ],
            [
              -73.90298864462305,
              40.854773110149274
            ],
            [
              -73.90396404557903,
              40.854960102190105
            ],
            [
              -73.90472622148128,
              40.85537039483096
            ],
            [
              -73.90557007241134,
              40.85578732339887
            ],
            [
              -73.9052216989598,
              40.85620359530429
            ],
            [
              -73.905086139224,
              40.85641083070436
            ],
            [
              -73.90468371278571,
              40.85706030172391
            ],
            [
              -73.90512980725995,
              40.857215017200986
            ],
            [
              -73.90523327395667,
              40.85725090197087
            ],
            [
              -73.90565953360884,
              40.857398734662645
            ],
            [
              -73.90541258714394,
              40.857803472015696
            ],
            [
              -73.90535954978459,
              40.857890398249154
            ],
            [
              -73.90526389150375,
              40.85804717834908
            ],
            [
              -73.90486847127264,
              40.85869322470828
            ],
            [
              -73.90447464015809,
              40.85934159467593
            ],
            [
              -73.90408132647391,
              40.859987847507774
            ],
            [
              -73.90351390497871,
              40.86091751065298
            ],
            [
              -73.90254479260203,
              40.86057825533532
            ],
            [
              -73.90233887133193,
              40.860954971468644
            ],
            [
              -73.90211720284236,
              40.86132694852573
            ],
            [
              -73.90188007283248,
              40.86169362461954
            ],
            [
              -73.9016278502147,
              40.86205443508222
            ],
            [
              -73.90136090274918,
              40.86240886466166
            ],
            [
              -73.9010796688533,
              40.862756383422
            ],
            [
              -73.90028368016033,
              40.86247183809262
            ],
            [
              -73.89996177564684,
              40.86235028103058
            ],
            [
              -73.89964261619805,
              40.86221043694726
            ],
            [
              -73.8994367077421,
              40.86211691206513
            ],
            [
              -73.8984103831837,
              40.86229696667898
            ],
            [
              -73.89798099215484,
              40.8624025403712
            ],
            [
              -73.89737274636995,
              40.86243236504405
            ],
            [
              -73.89728242568094,
              40.86243737553421
            ],
            [
              -73.89714379677335,
              40.86244506565406
            ],
            [
              -73.89698372111496,
              40.8624433957027
            ],
            [
              -73.89693899596872,
              40.86244292975043
            ],
            [
              -73.89588387401163,
              40.86225834336952
            ],
            [
              -73.89482463188222,
              40.862065074749275
            ],
            [
              -73.89372490673667,
              40.86194419280019
            ],
            [
              -73.89355914275161,
              40.86192596776128
            ],
            [
              -73.89285169022902,
              40.86183219349472
            ],
            [
              -73.89206679146426,
              40.861860925742334
            ],
            [
              -73.89198297748706,
              40.86186399054578
            ],
            [
              -73.89177188666727,
              40.861871717251596
            ]
          ]
        ]
      }
    },
    {
      "type": "Feature",
      "properties": {
        "name": "Forest Hills",
        "borough": "Queens",
        "slug": "forest-hills",
        "source": "nyc_nta_2020",
        "quality": "medium",
        "centroid": {
          "lng": -73.849037,
          "lat": 40.723112
        }
      },
      "geometry": {
        "type": "Polygon",
        "coordinates": [
          [
            [
              -73.83097820817336,
              40.714313605287636
            ],
            [
              -73.83597706956753,
              40.711705956974846
            ],
            [
              -73.84453738714153,
              40.70866105563943
            ],
            [
              -73.8493315614799,
              40.708388333680105
            ],
            [
              -73.85593793979514,
              40.70639628822719
            ],
            [
              -73.85667714278766,
              40.70769187446505
            ],
            [
              -73.85868097494433,
              40.72261244048231
            ],
            [
              -73.85990796356725,
              40.72434623516033
            ],
            [
              -73.86203833783489,
              40.725956785406034
            ],
            [
              -73.85805416739869,
              40.72444540610082
            ],
            [
              -73.85727107984803,
              40.725681298088084
            ],
            [
              -73.85941987945064,
              40.72646483756206
            ],
            [
              -73.85798089544537,
              40.728735445245995
            ],
            [
              -73.85762923515857,
              40.728606921813835
            ],
            [
              -73.85851097754131,
              40.73028680330544
            ],
            [
              -73.85625664948243,
              40.73095912309851
            ],
            [
              -73.85877141151009,
              40.735785289538065
            ],
            [
              -73.85134604533705,
              40.73758845234141
            ],
            [
              -73.84755579631894,
              40.739063915743635
            ],
            [
              -73.84689366105576,
              40.738671217393154
            ],
            [
              -73.84418886465552,
              40.732642019579956
            ],
            [
              -73.83985434224356,
              40.7281775697852
            ],
            [
              -73.83488359346718,
              40.71930327241618
            ],
            [
              -73.82983328300575,
              40.7155677836586
            ],
            [
              -73.8314586691967,
              40.71455445043996
            ],
            [
              -73.83097820817336,
              40.714313605287636
            ]
          ]
        ]
      }
    },
    {
      "type": "Feature",
      "properties": {
        "name": "Fort Greene",
        "borough": "Brooklyn",
        "slug": "fort-greene",
        "source": "nyc_nta_2020",
        "quality": "medium",
        "centroid": {
          "lng": -73.97397,
          "lat": 40.692727
        }
      },
      "geometry": {
        "type": "Polygon",
        "coordinates": [
          [
            [
              -73.96283963628261,
              40.69803866900987
            ],
            [
              -73.96347515119811,
              40.69680066820083
            ],
            [
              -73.96455070444493,
              40.69610759162735
            ],
            [
              -73.96939449979428,
              40.69608038942046
            ],
            [
              -73.96880989559104,
              40.693120382901355
            ],
            [
              -73.96983118385486,
              40.69313424397387
            ],
            [
              -73.96910362399453,
              40.68946752251075
            ],
            [
              -73.97013154130974,
              40.68950630795875
            ],
            [
              -73.96868961225599,
              40.682005257597126
            ],
            [
              -73.97745722009145,
              40.68405228761326
            ],
            [
              -73.98083375198148,
              40.68886378450787
            ],
            [
              -73.98350982042075,
              40.68992217175198
            ],
            [
              -73.98139773143168,
              40.689928670434526
            ],
            [
              -73.98206215595255,
              40.69131209107181
            ],
            [
              -73.98175888955718,
              40.69295517354225
            ],
            [
              -73.98251747416961,
              40.692977388309586
            ],
            [
              -73.9825109126574,
              40.693606611302954
            ],
            [
              -73.97916718339002,
              40.69348832322123
            ],
            [
              -73.9801380950677,
              40.69471005572491
            ],
            [
              -73.98054419051788,
              40.69824651292223
            ],
            [
              -73.96577476135246,
              40.69763578048863
            ],
            [
              -73.96283963628261,
              40.69803866900987
            ]
          ]
        ]
      }
    },
    {
      "type": "Feature",
      "properties": {
        "name": "Gowanus",
        "borough": "Brooklyn",
        "slug": "gowanus",
        "source": "patch_polygons",
        "quality": "high",
        "centroid": {
          "lng": -73.984,
          "lat": 40.6762
        }
      },
      "geometry": {
        "type": "Polygon",
        "coordinates": [
          [
            [
              -73.987,
              40.6808
            ],
            [
              -73.9818,
              40.681
            ],
            [
              -73.9792,
              40.6792
            ],
            [
              -73.9795,
              40.676
            ],
            [
              -73.9808,
              40.6725
            ],
            [
              -73.9845,
              40.671
            ],
            [
              -73.9878,
              40.6718
            ],
            [
              -73.9888,
              40.6748
            ],
            [
              -73.9882,
              40.6785
            ],
            [
              -73.987,
              40.6808
            ]
          ]
        ]
      }
    },
    {
      "type": "Feature",
      "properties": {
        "name": "Gramercy",
        "borough": "Manhattan",
        "slug": "gramercy",
        "source": "patch_polygons",
        "quality": "high",
        "centroid": {
          "lng": -73.9828,
          "lat": 40.7368
        }
      },
      "geometry": {
        "type": "Polygon",
        "coordinates": [
          [
            [
              -73.9818,
              40.7412
            ],
            [
              -73.9778,
              40.7398
            ],
            [
              -73.9765,
              40.7368
            ],
            [
              -73.978,
              40.7338
            ],
            [
              -73.9822,
              40.732
            ],
            [
              -73.9865,
              40.7335
            ],
            [
              -73.9878,
              40.7365
            ],
            [
              -73.9855,
              40.7398
            ],
            [
              -73.9818,
              40.7412
            ]
          ]
        ]
      }
    },
    {
      "type": "Feature",
      "properties": {
        "name": "Gramercy Park",
        "borough": "Manhattan",
        "slug": "gramercy-park",
        "source": "patch_polygons",
        "quality": "high",
        "centroid": {
          "lng": -73.9855,
          "lat": 40.7375
        }
      },
      "geometry": {
        "type": "Polygon",
        "coordinates": [
          [
            [
              -73.9855,
              40.7398
            ],
            [
              -73.9832,
              40.7388
            ],
            [
              -73.9822,
              40.7372
            ],
            [
              -73.9832,
              40.7355
            ],
            [
              -73.9855,
              40.7348
            ],
            [
              -73.9878,
              40.736
            ],
            [
              -73.9882,
              40.7378
            ],
            [
              -73.987,
              40.7395
            ],
            [
              -73.9855,
              40.7398
            ]
          ]
        ]
      }
    },
    {
      "type": "Feature",
      "properties": {
        "name": "Great Kills",
        "borough": "Staten Island",
        "slug": "great-kills",
        "source": "nyc_nta_2020",
        "quality": "medium",
        "centroid": {
          "lng": -74.144553,
          "lat": 40.544815
        }
      },
      "geometry": {
        "type": "Polygon",
        "coordinates": [
          [
            [
              -74.14699303293699,
              40.570485923476994
            ],
            [
              -74.14131233542193,
              40.568433348755306
            ],
            [
              -74.13527417135028,
              40.5655177616255
            ],
            [
              -74.13173622883662,
              40.564539519637954
            ],
            [
              -74.1348097327757,
              40.56082861923827
            ],
            [
              -74.13561300165566,
              40.55898002728752
            ],
            [
              -74.13885092683721,
              40.556951179870545
            ],
            [
              -74.1331682593334,
              40.55235617916022
            ],
            [
              -74.13865265777541,
              40.54848581744848
            ],
            [
              -74.13585712456327,
              40.546451696213715
            ],
            [
              -74.1371798712987,
              40.54579286466078
            ],
            [
              -74.13611540724054,
              40.545019845680066
            ],
            [
              -74.1371928751982,
              40.54578429520283
            ],
            [
              -74.13750833508846,
              40.5455775572389
            ],
            [
              -74.13658907071057,
              40.544845486096115
            ],
            [
              -74.13687348630864,
              40.5446825939102
            ],
            [
              -74.13794966050548,
              40.54600033657565
            ],
            [
              -74.13886951340523,
              40.54513019811007
            ],
            [
              -74.13762430745243,
              40.54425356692105
            ],
            [
              -74.1387553470356,
              40.54493395892961
            ],
            [
              -74.13901965079306,
              40.5447155610301
            ],
            [
              -74.13804346897703,
              40.54390456196136
            ],
            [
              -74.13903307178522,
              40.54470490979767
            ],
            [
              -74.13953937915745,
              40.544295140872336
            ],
            [
              -74.13914541346126,
              40.54450958012015
            ],
            [
              -74.13942069337877,
              40.54420594353738
            ],
            [
              -74.13897454160877,
              40.544376101820696
            ],
            [
              -74.13922032859702,
              40.54406669966887
            ],
            [
              -74.1385858115911,
              40.544104638490474
            ],
            [
              -74.13882325395878,
              40.543784055399456
            ],
            [
              -74.13827964456058,
              40.54386669457077
            ],
            [
              -74.13834151288614,
              40.543551827809054
            ],
            [
              -74.13956971698569,
              40.54427227483074
            ],
            [
              -74.13983697786095,
              40.54405246234102
            ],
            [
              -74.13890636539452,
              40.543131777602504
            ],
            [
              -74.14038573073617,
              40.544033185008075
            ],
            [
              -74.13921993485886,
              40.54316608513808
            ],
            [
              -74.14029571947275,
              40.543640457658285
            ],
            [
              -74.13936132804027,
              40.54282586399888
            ],
            [
              -74.14030634258137,
              40.54336711011456
            ],
            [
              -74.14062715566955,
              40.54311302969269
            ],
            [
              -74.13985859891679,
              40.542357175129375
            ],
            [
              -74.14064614869928,
              40.5430942154049
            ],
            [
              -74.14132426794353,
              40.54309413433302
            ],
            [
              -74.14033528229646,
              40.54222820875716
            ],
            [
              -74.14141073560408,
              40.54302241508055
            ],
            [
              -74.14026290400702,
              40.54196151152278
            ],
            [
              -74.141349013796,
              40.542577523131754
            ],
            [
              -74.14179719957052,
              40.54220041538255
            ],
            [
              -74.14063984172134,
              40.54169454203749
            ],
            [
              -74.14095816832888,
              40.54143207796516
            ],
            [
              -74.1416722624308,
              40.54233546409541
            ],
            [
              -74.14229632246266,
              40.54225784965829
            ],
            [
              -74.14247662236058,
              40.54133371027757
            ],
            [
              -74.14172892651293,
              40.53933948409726
            ],
            [
              -74.14230351275852,
              40.53906997528989
            ],
            [
              -74.14176587793868,
              40.53854204150254
            ],
            [
              -74.14226513007999,
              40.53814035366493
            ],
            [
              -74.14186762291457,
              40.53844409071938
            ],
            [
              -74.1421671801914,
              40.53793276106833
            ],
            [
              -74.14104157916334,
              40.53734688446226
            ],
            [
              -74.14129825471927,
              40.53713817845116
            ],
            [
              -74.14218574841665,
              40.537917777286474
            ],
            [
              -74.14158287625018,
              40.53708757795338
            ],
            [
              -74.14383385685339,
              40.537136911849835
            ],
            [
              -74.14474069813576,
              40.5358010442114
            ],
            [
              -74.14921733198096,
              40.53424158776191
            ],
            [
              -74.15069553552408,
              40.53254583893819
            ],
            [
              -74.15245660936574,
              40.532067943498475
            ],
            [
              -74.15454357374338,
              40.530062135801224
            ],
            [
              -74.15492894849395,
              40.53022548357582
            ],
            [
              -74.1559900025442,
              40.52941960271475
            ],
            [
              -74.15644868150012,
              40.52893184170155
            ],
            [
              -74.15618731852328,
              40.528611371091884
            ],
            [
              -74.15701861946272,
              40.52897765580974
            ],
            [
              -74.15970134520087,
              40.527295992329115
            ],
            [
              -74.16872899049814,
              40.53952625909837
            ],
            [
              -74.1690953549095,
              40.54102743259857
            ],
            [
              -74.18073102506344,
              40.546679815299925
            ],
            [
              -74.17942703423205,
              40.548339056682615
            ],
            [
              -74.17349322276512,
              40.559674401051126
            ],
            [
              -74.17185166456856,
              40.561520923021405
            ],
            [
              -74.16494149293702,
              40.560111797638946
            ],
            [
              -74.15741136739638,
              40.5624985667578
            ],
            [
              -74.15466447665042,
              40.56551344318811
            ],
            [
              -74.14790142170932,
              40.570889581108474
            ],
            [
              -74.14699303293699,
              40.570485923476994
            ]
          ]
        ]
      }
    },
    {
      "type": "Feature",
      "properties": {
        "name": "Greenpoint",
        "borough": "Brooklyn",
        "slug": "greenpoint",
        "source": "nyc_nta_2020",
        "quality": "medium",
        "centroid": {
          "lng": -73.949121,
          "lat": 40.730185
        }
      },
      "geometry": {
        "type": "Polygon",
        "coordinates": [
          [
            [
              -73.9321339742769,
              40.72815960343333
            ],
            [
              -73.93739261341217,
              40.72433235569545
            ],
            [
              -73.94721341744695,
              40.7185609861182
            ],
            [
              -73.9484163847295,
              40.71845553312268
            ],
            [
              -73.949078166846,
              40.722540287202506
            ],
            [
              -73.95064594201138,
              40.72170569378428
            ],
            [
              -73.95164632164285,
              40.7234858574838
            ],
            [
              -73.95477662815335,
              40.722459504667775
            ],
            [
              -73.95814292286852,
              40.724404284904594
            ],
            [
              -73.95795096213239,
              40.725036439168576
            ],
            [
              -73.95842611843923,
              40.72540053583232
            ],
            [
              -73.96012497133214,
              40.72531963713966
            ],
            [
              -73.9602854494424,
              40.72594812191056
            ],
            [
              -73.96161518769874,
              40.725865563073995
            ],
            [
              -73.96101688070596,
              40.7287044401017
            ],
            [
              -73.96228520236957,
              40.734047695374265
            ],
            [
              -73.9598293114781,
              40.73706090113593
            ],
            [
              -73.95763409606995,
              40.73853811826415
            ],
            [
              -73.95476314020421,
              40.739123535053864
            ],
            [
              -73.95292355724182,
              40.738934942395375
            ],
            [
              -73.94652352854825,
              40.73692685345575
            ],
            [
              -73.94719983367118,
              40.73535517811432
            ],
            [
              -73.94706532915387,
              40.734401992819414
            ],
            [
              -73.94659806707352,
              40.734442224347475
            ],
            [
              -73.94673908072924,
              40.73528269434377
            ],
            [
              -73.94557048457176,
              40.73661230441316
            ],
            [
              -73.94499908889487,
              40.73643669371279
            ],
            [
              -73.94518507181276,
              40.73547915318058
            ],
            [
              -73.94451542117442,
              40.736284390390374
            ],
            [
              -73.94239443542429,
              40.7354257499477
            ],
            [
              -73.94114746701952,
              40.73415292753774
            ],
            [
              -73.93981322625451,
              40.73115268891224
            ],
            [
              -73.93810334960666,
              40.729728519521515
            ],
            [
              -73.93492926391922,
              40.728543915250576
            ],
            [
              -73.9321339742769,
              40.72815960343333
            ]
          ]
        ]
      }
    },
    {
      "type": "Feature",
      "properties": {
        "name": "Greenwich Village",
        "borough": "Manhattan",
        "slug": "greenwich-village",
        "source": "nyc_nta_2020",
        "quality": "medium",
        "centroid": {
          "lng": -73.995129,
          "lat": 40.729996
        }
      },
      "geometry": {
        "type": "Polygon",
        "coordinates": [
          [
            [
              -73.9899029597005,
              40.73443479013707
            ],
            [
              -73.98987421212178,
              40.73428455726339
            ],
            [
              -73.98985463157418,
              40.734133473635026
            ],
            [
              -73.98984425991894,
              40.73398186273539
            ],
            [
              -73.98984311917769,
              40.7338300493733
            ],
            [
              -73.98985121183952,
              40.73367835838743
            ],
            [
              -73.98986852051472,
              40.733527114554995
            ],
            [
              -73.99003455647767,
              40.7327541513741
            ],
            [
              -73.99010225655749,
              40.73244537234051
            ],
            [
              -73.99011350142582,
              40.73240050534898
            ],
            [
              -73.99021190884345,
              40.73199633490752
            ],
            [
              -73.99039009870532,
              40.73128852433012
            ],
            [
              -73.9905055844942,
              40.730564957742956
            ],
            [
              -73.99072530255718,
              40.72987868747649
            ],
            [
              -73.99078461514357,
              40.72974574833861
            ],
            [
              -73.99097394420761,
              40.729195707209264
            ],
            [
              -73.99114315146113,
              40.72858815765818
            ],
            [
              -73.99122943516693,
              40.728072618365864
            ],
            [
              -73.99129790628717,
              40.72775524906495
            ],
            [
              -73.9912343947096,
              40.72772680526246
            ],
            [
              -73.99135288829764,
              40.72755739856281
            ],
            [
              -73.99138898249227,
              40.72749770114226
            ],
            [
              -73.99155207512996,
              40.72709433722655
            ],
            [
              -73.99156762773715,
              40.72703464761885
            ],
            [
              -73.99163853343113,
              40.726833256277615
            ],
            [
              -73.99179396131375,
              40.72639179586429
            ],
            [
              -73.9920610841139,
              40.725644614334406
            ],
            [
              -73.99221516524891,
              40.72523259566825
            ],
            [
              -73.99232767870696,
              40.7249060983973
            ],
            [
              -73.99257987308616,
              40.72420155492336
            ],
            [
              -73.99260322198438,
              40.72413644968358
            ],
            [
              -73.99267182358393,
              40.724160254422166
            ],
            [
              -73.9934576903203,
              40.724432895683435
            ],
            [
              -73.99417930331387,
              40.724692407314286
            ],
            [
              -73.99490827256867,
              40.7249512302247
            ],
            [
              -73.99532907805332,
              40.725083740231476
            ],
            [
              -73.99584577426455,
              40.72520835398448
            ],
            [
              -73.99677175711443,
              40.725431943502805
            ],
            [
              -73.99761019459693,
              40.72579713910515
            ],
            [
              -73.9983611915256,
              40.72616746876579
            ],
            [
              -73.99911824651605,
              40.72654231308996
            ],
            [
              -73.99991579063095,
              40.72693471343464
            ],
            [
              -74.0006323912446,
              40.727286612660954
            ],
            [
              -74.00139033470369,
              40.727660002595584
            ],
            [
              -74.00214891366657,
              40.72803536650219
            ],
            [
              -74.00242264678387,
              40.728175537960354
            ],
            [
              -74.00262399528637,
              40.7282786424938
            ],
            [
              -74.00272009661748,
              40.728322816026434
            ],
            [
              -74.00281726484997,
              40.72836312980689
            ],
            [
              -74.00278351015878,
              40.728435470293604
            ],
            [
              -74.00252602956398,
              40.729007920329686
            ],
            [
              -74.00220337099437,
              40.72965325629844
            ],
            [
              -74.00215659160689,
              40.72975679045379
            ],
            [
              -74.00168465480945,
              40.73058156329249
            ],
            [
              -74.00141242386637,
              40.73106525649165
            ],
            [
              -74.00095442165967,
              40.73170609830191
            ],
            [
              -74.0005106621846,
              40.73231522422859
            ],
            [
              -74.00006842651058,
              40.73292466183512
            ],
            [
              -73.99976346863303,
              40.7333592335659
            ],
            [
              -73.99956212470227,
              40.733612394825
            ],
            [
              -73.99918595313538,
              40.73413858241086
            ],
            [
              -73.9987144369552,
              40.734783860928175
            ],
            [
              -73.99853021578028,
              40.73503789283323
            ],
            [
              -73.99827418854026,
              40.73539113958088
            ],
            [
              -73.99780750942062,
              40.736035906572496
            ],
            [
              -73.99734132767398,
              40.736667889863455
            ],
            [
              -73.99683993860414,
              40.73736088990093
            ],
            [
              -73.99361688263357,
              40.736004491616136
            ],
            [
              -73.99171498619222,
              40.735215301169255
            ],
            [
              -73.99119899334929,
              40.73501236908623
            ],
            [
              -73.99075396728541,
              40.734839155076365
            ],
            [
              -73.9899029597005,
              40.73443479013707
            ]
          ]
        ]
      }
    },
    {
      "type": "Feature",
      "properties": {
        "name": "Hamilton Heights",
        "borough": "Manhattan",
        "slug": "hamilton-heights",
        "source": "patch_polygons",
        "quality": "high",
        "centroid": {
          "lng": -73.949,
          "lat": 40.8222
        }
      },
      "geometry": {
        "type": "Polygon",
        "coordinates": [
          [
            [
              -73.9482,
              40.826
            ],
            [
              -73.9435,
              40.8248
            ],
            [
              -73.9418,
              40.8222
            ],
            [
              -73.9438,
              40.8195
            ],
            [
              -73.9485,
              40.8178
            ],
            [
              -73.9538,
              40.8192
            ],
            [
              -73.9555,
              40.8218
            ],
            [
              -73.953,
              40.8248
            ],
            [
              -73.9482,
              40.826
            ]
          ]
        ]
      }
    },
    {
      "type": "Feature",
      "properties": {
        "name": "Harlem",
        "borough": "Manhattan",
        "slug": "harlem",
        "source": "nyc_nta_2020",
        "quality": "medium",
        "centroid": {
          "lng": -73.949804,
          "lat": 40.805471
        }
      },
      "geometry": {
        "type": "Polygon",
        "coordinates": [
          [
            [
              -73.94177140103845,
              40.8070890008521
            ],
            [
              -73.94275367162054,
              40.80574401279446
            ],
            [
              -73.9443558695654,
              40.806413587911365
            ],
            [
              -73.94620045768923,
              40.80390652243222
            ],
            [
              -73.94459915208044,
              40.803225048342576
            ],
            [
              -73.94923327016367,
              40.7968719999053
            ],
            [
              -73.9596468533494,
              40.801156423758904
            ],
            [
              -73.95824878175492,
              40.80310648647076
            ],
            [
              -73.95822724911444,
              40.805537497295774
            ],
            [
              -73.95496657106287,
              40.81006455520624
            ],
            [
              -73.95357577722136,
              40.809476698162065
            ],
            [
              -73.95210125149221,
              40.81144285350143
            ],
            [
              -73.94177140103845,
              40.8070890008521
            ]
          ]
        ]
      }
    },
    {
      "type": "Feature",
      "properties": {
        "name": "Hell's Kitchen",
        "borough": "Manhattan",
        "slug": "hells-kitchen",
        "source": "nyc_nta_2020",
        "quality": "medium",
        "centroid": {
          "lng": -73.997856,
          "lat": 40.767438
        }
      },
      "geometry": {
        "type": "Polygon",
        "coordinates": [
          [
            [
              -73.99612087994674,
              40.773275391093215
            ],
            [
              -73.99416328456314,
              40.772487190518916
            ],
            [
              -73.99341045387395,
              40.77287889534579
            ],
            [
              -73.99378189746184,
              40.772199091447774
            ],
            [
              -73.98236353955835,
              40.7673880741734
            ],
            [
              -73.99163271156416,
              40.75470680551224
            ],
            [
              -73.99729876461925,
              40.75710704073607
            ],
            [
              -73.99547450167074,
              40.759626857017714
            ],
            [
              -74.00178824022314,
              40.76229452014182
            ],
            [
              -74.00153309066982,
              40.7626445986304
            ],
            [
              -74.00375735037694,
              40.76358224164074
            ],
            [
              -74.00138603698596,
              40.762850095002065
            ],
            [
              -74.0009730802201,
              40.763420271725884
            ],
            [
              -74.00314976988986,
              40.76433288818485
            ],
            [
              -74.00310088157151,
              40.76474574851435
            ],
            [
              -73.99962263458175,
              40.76355908121067
            ],
            [
              -73.99915098087908,
              40.76420525958292
            ],
            [
              -74.0022880237148,
              40.76556154329282
            ],
            [
              -74.00202454330329,
              40.765893266570565
            ],
            [
              -73.99888473174973,
              40.76456937755128
            ],
            [
              -73.99828160709531,
              40.76556777443239
            ],
            [
              -74.00157335319162,
              40.76697719271351
            ],
            [
              -74.00131469636003,
              40.76725111954758
            ],
            [
              -73.99806675905349,
              40.765871881638446
            ],
            [
              -73.99737808447956,
              40.76682338537458
            ],
            [
              -74.00064950530414,
              40.76824523610579
            ],
            [
              -74.00038586489072,
              40.7685041954295
            ],
            [
              -73.99715588949206,
              40.76712869617297
            ],
            [
              -73.9964571540504,
              40.76809881579582
            ],
            [
              -73.99973590247859,
              40.76950617783428
            ],
            [
              -73.99947253734007,
              40.76976421496932
            ],
            [
              -73.99707176039315,
              40.76873264357708
            ],
            [
              -73.9965712643956,
              40.769424568274005
            ],
            [
              -73.99902682832892,
              40.770463272982276
            ],
            [
              -73.99876206848202,
              40.77082505670939
            ],
            [
              -73.99631327022085,
              40.769798836336626
            ],
            [
              -73.99542474436292,
              40.771031615168134
            ],
            [
              -73.99589990100934,
              40.77145029908485
            ],
            [
              -73.99492582120627,
              40.77151604240567
            ],
            [
              -73.99707328103203,
              40.772542868399555
            ],
            [
              -73.99687291449135,
              40.77281748122877
            ],
            [
              -73.99477407930827,
              40.77192954753038
            ],
            [
              -73.99444501293378,
              40.77237712658852
            ],
            [
              -73.99612087994674,
              40.773275391093215
            ]
          ]
        ]
      }
    },
    {
      "type": "Feature",
      "properties": {
        "name": "Inwood",
        "borough": "Manhattan",
        "slug": "inwood",
        "source": "nyc_nta_2020",
        "quality": "medium",
        "centroid": {
          "lng": -73.91823,
          "lat": 40.864726
        }
      },
      "geometry": {
        "type": "Polygon",
        "coordinates": [
          [
            [
              -73.92234459241664,
              40.85568233648424
            ],
            [
              -73.9228792161941,
              40.85587725939027
            ],
            [
              -73.92288794949759,
              40.85885694124603
            ],
            [
              -73.92726915025756,
              40.86553455981874
            ],
            [
              -73.92872643114075,
              40.86674142822075
            ],
            [
              -73.92619847735759,
              40.86851350036838
            ],
            [
              -73.921626226182,
              40.86939218466785
            ],
            [
              -73.91925481601531,
              40.87100784280284
            ],
            [
              -73.91969887531994,
              40.872063531039
            ],
            [
              -73.91842924397557,
              40.873009778733596
            ],
            [
              -73.91400985416992,
              40.871160593864666
            ],
            [
              -73.91142596184356,
              40.87318176715518
            ],
            [
              -73.91043363570444,
              40.87138081638449
            ],
            [
              -73.91092491224157,
              40.86943659185691
            ],
            [
              -73.91147448899049,
              40.869454758141075
            ],
            [
              -73.91112890881821,
              40.868920043161644
            ],
            [
              -73.91254775064014,
              40.866514943506566
            ],
            [
              -73.9139186313323,
              40.86474558440381
            ],
            [
              -73.91492387927858,
              40.864580378919314
            ],
            [
              -73.91441113392746,
              40.86417362637064
            ],
            [
              -73.91589911645785,
              40.864308038085234
            ],
            [
              -73.91519574800094,
              40.86394522473609
            ],
            [
              -73.91538673051069,
              40.863084384703484
            ],
            [
              -73.91729467741739,
              40.861679417728254
            ],
            [
              -73.91950213660932,
              40.85879113379065
            ],
            [
              -73.92159014848224,
              40.860072800027055
            ],
            [
              -73.9218663378377,
              40.85918133914485
            ],
            [
              -73.92091459857778,
              40.85821896663791
            ],
            [
              -73.92237695742358,
              40.856583569625016
            ],
            [
              -73.92234459241664,
              40.85568233648424
            ]
          ]
        ]
      }
    },
    {
      "type": "Feature",
      "properties": {
        "name": "Jackson Heights",
        "borough": "Queens",
        "slug": "jackson-heights",
        "source": "nyc_nta_2020",
        "quality": "medium",
        "centroid": {
          "lng": -73.886791,
          "lat": 40.759404
        }
      },
      "geometry": {
        "type": "Polygon",
        "coordinates": [
          [
            [
              -73.8736572171208,
              40.756803485602184
            ],
            [
              -73.8694245844896,
              40.74915685151845
            ],
            [
              -73.89175048638339,
              40.74681172763542
            ],
            [
              -73.8963586964246,
              40.74877029023691
            ],
            [
              -73.89974199154351,
              40.75751157950044
            ],
            [
              -73.8987725072315,
              40.75991557716743
            ],
            [
              -73.89645648006261,
              40.76320483810342
            ],
            [
              -73.89509659568759,
              40.764356578155805
            ],
            [
              -73.89432371955363,
              40.76614647173497
            ],
            [
              -73.89109027713035,
              40.766336635602826
            ],
            [
              -73.89089043605885,
              40.76585819861232
            ],
            [
              -73.88772988070632,
              40.76691443487074
            ],
            [
              -73.88639712234833,
              40.76121645324452
            ],
            [
              -73.87895382666481,
              40.761983981983406
            ],
            [
              -73.87601371794547,
              40.761443732138886
            ],
            [
              -73.87513874233443,
              40.75663381606016
            ],
            [
              -73.8736572171208,
              40.756803485602184
            ]
          ]
        ]
      }
    },
    {
      "type": "Feature",
      "properties": {
        "name": "Kingsbridge",
        "borough": "Bronx",
        "slug": "kingsbridge",
        "source": "patch_polygons",
        "quality": "high",
        "centroid": {
          "lng": -73.9038,
          "lat": 40.8815
        }
      },
      "geometry": {
        "type": "Polygon",
        "coordinates": [
          [
            [
              -73.9018,
              40.887
            ],
            [
              -73.8965,
              40.8848
            ],
            [
              -73.8948,
              40.8812
            ],
            [
              -73.8975,
              40.8778
            ],
            [
              -73.9028,
              40.8758
            ],
            [
              -73.9085,
              40.8775
            ],
            [
              -73.9108,
              40.8808
            ],
            [
              -73.908,
              40.8848
            ],
            [
              -73.9018,
              40.887
            ]
          ]
        ]
      }
    },
    {
      "type": "Feature",
      "properties": {
        "name": "Kips Bay",
        "borough": "Manhattan",
        "slug": "kips-bay",
        "source": "nyc_nta_2020",
        "quality": "medium",
        "centroid": {
          "lng": -73.97474,
          "lat": 40.742596
        }
      },
      "geometry": {
        "type": "Polygon",
        "coordinates": [
          [
            [
              -73.97604824796775,
              40.75144139387808
            ],
            [
              -73.97444451493509,
              40.75076469299489
            ],
            [
              -73.9735025572896,
              40.75206493265777
            ],
            [
              -73.97126234383126,
              40.75112224129957
            ],
            [
              -73.96890797166554,
              40.75011244375033
            ],
            [
              -73.96998692011056,
              40.74886871410219
            ],
            [
              -73.96791272906268,
              40.74797093564212
            ],
            [
              -73.97188888913038,
              40.74272482035568
            ],
            [
              -73.97265743803044,
              40.73922275427715
            ],
            [
              -73.97248994174741,
              40.735803280107795
            ],
            [
              -73.97446647047282,
              40.73627845683008
            ],
            [
              -73.97414062018385,
              40.73595565666497
            ],
            [
              -73.97450488219891,
              40.73604228053673
            ],
            [
              -73.97446537767351,
              40.735666886566456
            ],
            [
              -73.97305698712073,
              40.73517745291314
            ],
            [
              -73.97276308380349,
              40.73550508747374
            ],
            [
              -73.97354472795836,
              40.73494432660406
            ],
            [
              -73.97833820564574,
              40.73672147104454
            ],
            [
              -73.97805226409511,
              40.73755395365624
            ],
            [
              -73.98266759791014,
              40.739498439778224
            ],
            [
              -73.98085965324293,
              40.74196976808199
            ],
            [
              -73.98407485194069,
              40.7433247184167
            ],
            [
              -73.97767660455372,
              40.75211893738103
            ],
            [
              -73.97604824796775,
              40.75144139387808
            ]
          ]
        ]
      }
    },
    {
      "type": "Feature",
      "properties": {
        "name": "Lenox Hill",
        "borough": "Manhattan",
        "slug": "lenox-hill",
        "source": "patch_polygons",
        "quality": "high",
        "centroid": {
          "lng": -73.9582,
          "lat": 40.7672
        }
      },
      "geometry": {
        "type": "Polygon",
        "coordinates": [
          [
            [
              -73.9588,
              40.7718
            ],
            [
              -73.9535,
              40.77
            ],
            [
              -73.9518,
              40.7672
            ],
            [
              -73.9535,
              40.7642
            ],
            [
              -73.9578,
              40.7622
            ],
            [
              -73.9632,
              40.764
            ],
            [
              -73.9648,
              40.7675
            ],
            [
              -73.9625,
              40.7708
            ],
            [
              -73.9588,
              40.7718
            ]
          ]
        ]
      }
    },
    {
      "type": "Feature",
      "properties": {
        "name": "Little Italy",
        "borough": "Manhattan",
        "slug": "little-italy",
        "source": "patch_polygons",
        "quality": "high",
        "centroid": {
          "lng": -73.9975,
          "lat": 40.7182
        }
      },
      "geometry": {
        "type": "Polygon",
        "coordinates": [
          [
            [
              -73.998,
              40.7205
            ],
            [
              -73.9955,
              40.7195
            ],
            [
              -73.9942,
              40.7178
            ],
            [
              -73.995,
              40.716
            ],
            [
              -73.9978,
              40.7152
            ],
            [
              -74.0002,
              40.7165
            ],
            [
              -74.0008,
              40.7188
            ],
            [
              -73.998,
              40.7205
            ]
          ]
        ]
      }
    },
    {
      "type": "Feature",
      "properties": {
        "name": "Long Island City",
        "borough": "Queens",
        "slug": "long-island-city",
        "source": "nyc_nta_2020",
        "quality": "medium",
        "centroid": {
          "lng": -73.952332,
          "lat": 40.744186
        }
      },
      "geometry": {
        "type": "Polygon",
        "coordinates": [
          [
            [
              -73.93686355580832,
              40.74842126364724
            ],
            [
              -73.93663681803018,
              40.74820409438761
            ],
            [
              -73.94032695991926,
              40.74541314372137
            ],
            [
              -73.94342742773829,
              40.74423117299754
            ],
            [
              -73.94419561612075,
              40.74288214660561
            ],
            [
              -73.93726110650226,
              40.745176490733606
            ],
            [
              -73.9386796880221,
              40.73820830246165
            ],
            [
              -73.94146173397083,
              40.739248583627024
            ],
            [
              -73.93910874138139,
              40.742617035176856
            ],
            [
              -73.93866991753184,
              40.742534082025145
            ],
            [
              -73.9385878697674,
              40.74293088319027
            ],
            [
              -73.9400192297566,
              40.743208272210936
            ],
            [
              -73.9401485852122,
              40.74283244146026
            ],
            [
              -73.93965301521378,
              40.74273108709586
            ],
            [
              -73.94159470030033,
              40.73986412616913
            ],
            [
              -73.9454823659007,
              40.73820703179651
            ],
            [
              -73.94715087181176,
              40.73790012334491
            ],
            [
              -73.95380883920839,
              40.739820292978116
            ],
            [
              -73.9574147069991,
              40.739556582011495
            ],
            [
              -73.96072580373679,
              40.73808017017932
            ],
            [
              -73.96216505619317,
              40.73827253825914
            ],
            [
              -73.96260819684821,
              40.73879553796766
            ],
            [
              -73.96220916425703,
              40.74000617549806
            ],
            [
              -73.96124697945442,
              40.74042359711535
            ],
            [
              -73.96193749932249,
              40.740794878815585
            ],
            [
              -73.96121862785935,
              40.74110786013018
            ],
            [
              -73.96110814501462,
              40.74182802490296
            ],
            [
              -73.96155253168952,
              40.741993261407345
            ],
            [
              -73.96119029722934,
              40.74264485525967
            ],
            [
              -73.96054252046825,
              40.74346639409337
            ],
            [
              -73.95977470797789,
              40.74350468420323
            ],
            [
              -73.95970598360807,
              40.74385865006141
            ],
            [
              -73.96056856726295,
              40.744029666585185
            ],
            [
              -73.95963225023921,
              40.74393463241688
            ],
            [
              -73.9593910660958,
              40.74428332424144
            ],
            [
              -73.96012600962418,
              40.74444393648907
            ],
            [
              -73.95877537004449,
              40.74455560036616
            ],
            [
              -73.95944240940884,
              40.74460422010981
            ],
            [
              -73.95875854768678,
              40.74494500575542
            ],
            [
              -73.95966590521529,
              40.74517030007996
            ],
            [
              -73.95849389303115,
              40.74498786491641
            ],
            [
              -73.95933786844711,
              40.74550760689611
            ],
            [
              -73.95850227459358,
              40.745764973715396
            ],
            [
              -73.95914371692966,
              40.7460006031761
            ],
            [
              -73.95704097276808,
              40.7489203513766
            ],
            [
              -73.95318382492817,
              40.74773481246369
            ],
            [
              -73.95305375571401,
              40.74808748722947
            ],
            [
              -73.95632162509689,
              40.74908155342994
            ],
            [
              -73.95576039140944,
              40.749596659530376
            ],
            [
              -73.95620136735029,
              40.749685633323665
            ],
            [
              -73.95534928514437,
              40.75001385690411
            ],
            [
              -73.9550665256012,
              40.74963273087819
            ],
            [
              -73.95449858097594,
              40.75122583574061
            ],
            [
              -73.95083917075965,
              40.755218083616406
            ],
            [
              -73.93811714651454,
              40.749832708626116
            ],
            [
              -73.93686355580832,
              40.74842126364724
            ]
          ]
        ]
      }
    },
    {
      "type": "Feature",
      "properties": {
        "name": "Lower East Side",
        "borough": "Manhattan",
        "slug": "lower-east-side",
        "source": "nyc_nta_2020",
        "quality": "medium",
        "centroid": {
          "lng": -73.983204,
          "lat": 40.715975
        }
      },
      "geometry": {
        "type": "Polygon",
        "coordinates": [
          [
            [
              -73.97507388576754,
              40.71875054573628
            ],
            [
              -73.97357185653394,
              40.71859722992405
            ],
            [
              -73.97681883474013,
              40.71141956702121
            ],
            [
              -73.97807974906617,
              40.7105322505774
            ],
            [
              -73.98449647010712,
              40.7095096644421
            ],
            [
              -73.9853440435134,
              40.714461578232864
            ],
            [
              -73.99022012603865,
              40.71440493989818
            ],
            [
              -73.9891546375074,
              40.71670864677182
            ],
            [
              -73.99480778889186,
              40.71845742685302
            ],
            [
              -73.99260322198428,
              40.72413644968361
            ],
            [
              -73.97507388576754,
              40.71875054573628
            ]
          ]
        ]
      }
    },
    {
      "type": "Feature",
      "properties": {
        "name": "Manhattanville",
        "borough": "Manhattan",
        "slug": "manhattanville",
        "source": "patch_polygons",
        "quality": "high",
        "centroid": {
          "lng": -73.9542,
          "lat": 40.82
        }
      },
      "geometry": {
        "type": "Polygon",
        "coordinates": [
          [
            [
              -73.9548,
              40.8238
            ],
            [
              -73.9495,
              40.8222
            ],
            [
              -73.948,
              40.8195
            ],
            [
              -73.95,
              40.817
            ],
            [
              -73.9545,
              40.8158
            ],
            [
              -73.9592,
              40.8175
            ],
            [
              -73.9602,
              40.8205
            ],
            [
              -73.9578,
              40.8232
            ],
            [
              -73.9548,
              40.8238
            ]
          ]
        ]
      }
    },
    {
      "type": "Feature",
      "properties": {
        "name": "Marble Hill",
        "borough": "Manhattan",
        "slug": "marble-hill",
        "source": "patch_polygons",
        "quality": "high",
        "centroid": {
          "lng": -73.9098,
          "lat": 40.8758
        }
      },
      "geometry": {
        "type": "Polygon",
        "coordinates": [
          [
            [
              -73.9105,
              40.8782
            ],
            [
              -73.9078,
              40.8772
            ],
            [
              -73.9065,
              40.8755
            ],
            [
              -73.9072,
              40.8738
            ],
            [
              -73.9095,
              40.8728
            ],
            [
              -73.9118,
              40.8738
            ],
            [
              -73.9128,
              40.8758
            ],
            [
              -73.912,
              40.8775
            ],
            [
              -73.9105,
              40.8782
            ]
          ]
        ]
      }
    },
    {
      "type": "Feature",
      "properties": {
        "name": "Midtown",
        "borough": "Manhattan",
        "slug": "midtown",
        "source": "patch_polygons",
        "quality": "high",
        "centroid": {
          "lng": -73.9812,
          "lat": 40.7578
        }
      },
      "geometry": {
        "type": "Polygon",
        "coordinates": [
          [
            [
              -73.979,
              40.7638
            ],
            [
              -73.9732,
              40.762
            ],
            [
              -73.9728,
              40.7582
            ],
            [
              -73.9755,
              40.754
            ],
            [
              -73.9798,
              40.751
            ],
            [
              -73.9858,
              40.7518
            ],
            [
              -73.9895,
              40.7552
            ],
            [
              -73.9888,
              40.7598
            ],
            [
              -73.9848,
              40.7628
            ],
            [
              -73.979,
              40.7638
            ]
          ]
        ]
      }
    },
    {
      "type": "Feature",
      "properties": {
        "name": "Midtown East",
        "borough": "Manhattan",
        "slug": "midtown-east",
        "source": "patch_polygons",
        "quality": "high",
        "centroid": {
          "lng": -73.9692,
          "lat": 40.7548
        }
      },
      "geometry": {
        "type": "Polygon",
        "coordinates": [
          [
            [
              -73.97,
              40.7588
            ],
            [
              -73.9648,
              40.7575
            ],
            [
              -73.9625,
              40.7548
            ],
            [
              -73.9642,
              40.7518
            ],
            [
              -73.9682,
              40.7502
            ],
            [
              -73.9732,
              40.7515
            ],
            [
              -73.9748,
              40.7548
            ],
            [
              -73.9732,
              40.7578
            ],
            [
              -73.97,
              40.7588
            ]
          ]
        ]
      }
    },
    {
      "type": "Feature",
      "properties": {
        "name": "Midtown West",
        "borough": "Manhattan",
        "slug": "midtown-west",
        "source": "nyc_nta_2020",
        "quality": "medium",
        "centroid": {
          "lng": -73.979581,
          "lat": 40.756843
        }
      },
      "geometry": {
        "type": "Polygon",
        "coordinates": [
          [
            [
              -73.97301487176121,
              40.76427887944539
            ],
            [
              -73.96980028759536,
              40.762913512630256
            ],
            [
              -73.97580739271987,
              40.75467727461167
            ],
            [
              -73.97651569358025,
              40.754974263345105
            ],
            [
              -73.97697378975926,
              40.75434867554563
            ],
            [
              -73.97834876975251,
              40.752410130141875
            ],
            [
              -73.97767660455384,
              40.752118937380985
            ],
            [
              -73.98085054350298,
              40.74775037037825
            ],
            [
              -73.98729376963958,
              40.750451609326205
            ],
            [
              -73.98776905879744,
              40.74978702944447
            ],
            [
              -73.99346417670151,
              40.75219005526781
            ],
            [
              -73.98211061400892,
              40.767744476546305
            ],
            [
              -73.98149121360566,
              40.767881199603515
            ],
            [
              -73.97301487176121,
              40.76427887944539
            ]
          ]
        ]
      }
    },
    {
      "type": "Feature",
      "properties": {
        "name": "Morningside Heights",
        "borough": "Manhattan",
        "slug": "morningside-heights",
        "source": "nyc_nta_2020",
        "quality": "medium",
        "centroid": {
          "lng": -73.957978,
          "lat": 40.810621
        }
      },
      "geometry": {
        "type": "Polygon",
        "coordinates": [
          [
            [
              -73.95210125149217,
              40.811442853501475
            ],
            [
              -73.95357577722126,
              40.809476698162094
            ],
            [
              -73.95496657106287,
              40.81006455520624
            ],
            [
              -73.95822724911433,
              40.805537497295774
            ],
            [
              -73.9582487817548,
              40.80310648647079
            ],
            [
              -73.95964685334928,
              40.80115642375894
            ],
            [
              -73.97110765764116,
              40.80579013967667
            ],
            [
              -73.96414082888293,
              40.81577165745409
            ],
            [
              -73.96203105751877,
              40.81808633097919
            ],
            [
              -73.95949328737717,
              40.817007473778844
            ],
            [
              -73.95625889682282,
              40.81338943442838
            ],
            [
              -73.95570689991116,
              40.81414396054259
            ],
            [
              -73.95408058341555,
              40.812280112895714
            ],
            [
              -73.95210125149217,
              40.811442853501475
            ]
          ]
        ]
      }
    },
    {
      "type": "Feature",
      "properties": {
        "name": "Mott Haven",
        "borough": "Bronx",
        "slug": "mott-haven",
        "source": "nyc_nta_2020",
        "quality": "medium",
        "centroid": {
          "lng": -73.920499,
          "lat": 40.808892
        }
      },
      "geometry": {
        "type": "Polygon",
        "coordinates": [
          [
            [
              -73.92480953822846,
              40.81565902072548
            ],
            [
              -73.9239995118876,
              40.815438912951805
            ],
            [
              -73.92309299772212,
              40.816697728138315
            ],
            [
              -73.92124519592693,
              40.8162193972974
            ],
            [
              -73.9215839208468,
              40.81555063206619
            ],
            [
              -73.92048117283511,
              40.81456368686958
            ],
            [
              -73.91764502820385,
              40.816065918016484
            ],
            [
              -73.91094778869054,
              40.813620921742
            ],
            [
              -73.90446551344374,
              40.81228196041537
            ],
            [
              -73.90341720307497,
              40.811506882855255
            ],
            [
              -73.90229231926554,
              40.804564776643865
            ],
            [
              -73.90452954029595,
              40.80317023565156
            ],
            [
              -73.9085502661004,
              40.799307426058725
            ],
            [
              -73.90830303542083,
              40.798959135920335
            ],
            [
              -73.91168831108833,
              40.796623770558085
            ],
            [
              -73.91372255742067,
              40.79678943900846
            ],
            [
              -73.91903181906888,
              40.79898494724852
            ],
            [
              -73.92024068026599,
              40.7996136878696
            ],
            [
              -73.92132730712379,
              40.80128459163114
            ],
            [
              -73.92292709999569,
              40.80237329531277
            ],
            [
              -73.9276278850446,
              40.802695665983364
            ],
            [
              -73.92728271855411,
              40.803508264416664
            ],
            [
              -73.9276450026433,
              40.803988633348276
            ],
            [
              -73.9287260742369,
              40.80410362522707
            ],
            [
              -73.93252708719822,
              40.80882328177514
            ],
            [
              -73.9328741193582,
              40.8104140434288
            ],
            [
              -73.93242307595003,
              40.8141517151758
            ],
            [
              -73.93027812596966,
              40.8132480256553
            ],
            [
              -73.92885641986327,
              40.8148798674807
            ],
            [
              -73.92731653000297,
              40.818559634826904
            ],
            [
              -73.92518486375293,
              40.81801266937714
            ],
            [
              -73.92662718123506,
              40.8161189596765
            ],
            [
              -73.92480953822846,
              40.81565902072548
            ]
          ]
        ]
      }
    },
    {
      "type": "Feature",
      "properties": {
        "name": "Murray Hill",
        "borough": "Manhattan",
        "slug": "murray-hill",
        "source": "nyc_nta_2020",
        "quality": "medium",
        "centroid": {
          "lng": -73.97474,
          "lat": 40.742596
        }
      },
      "geometry": {
        "type": "Polygon",
        "coordinates": [
          [
            [
              -73.97604824796775,
              40.75144139387808
            ],
            [
              -73.97444451493509,
              40.75076469299489
            ],
            [
              -73.9735025572896,
              40.75206493265777
            ],
            [
              -73.97126234383126,
              40.75112224129957
            ],
            [
              -73.96890797166554,
              40.75011244375033
            ],
            [
              -73.96998692011056,
              40.74886871410219
            ],
            [
              -73.96791272906268,
              40.74797093564212
            ],
            [
              -73.97188888913038,
              40.74272482035568
            ],
            [
              -73.97265743803044,
              40.73922275427715
            ],
            [
              -73.97248994174741,
              40.735803280107795
            ],
            [
              -73.97446647047282,
              40.73627845683008
            ],
            [
              -73.97414062018385,
              40.73595565666497
            ],
            [
              -73.97450488219891,
              40.73604228053673
            ],
            [
              -73.97446537767351,
              40.735666886566456
            ],
            [
              -73.97305698712073,
              40.73517745291314
            ],
            [
              -73.97276308380349,
              40.73550508747374
            ],
            [
              -73.97354472795836,
              40.73494432660406
            ],
            [
              -73.97833820564574,
              40.73672147104454
            ],
            [
              -73.97805226409511,
              40.73755395365624
            ],
            [
              -73.98266759791014,
              40.739498439778224
            ],
            [
              -73.98085965324293,
              40.74196976808199
            ],
            [
              -73.98407485194069,
              40.7433247184167
            ],
            [
              -73.97767660455372,
              40.75211893738103
            ],
            [
              -73.97604824796775,
              40.75144139387808
            ]
          ]
        ]
      }
    },
    {
      "type": "Feature",
      "properties": {
        "name": "New Brighton",
        "borough": "Staten Island",
        "slug": "new-brighton",
        "source": "nyc_nta_2020",
        "quality": "medium",
        "centroid": {
          "lng": -74.081145,
          "lat": 40.641747
        }
      },
      "geometry": {
        "type": "Polygon",
        "coordinates": [
          [
            [
              -74.0725813387358,
              40.637941875094846
            ],
            [
              -74.07683997648454,
              40.637750259620645
            ],
            [
              -74.0787883103561,
              40.63826855858673
            ],
            [
              -74.08373397144585,
              40.6357371450629
            ],
            [
              -74.08587882767334,
              40.63669159050727
            ],
            [
              -74.08690592762002,
              40.63585724413707
            ],
            [
              -74.08870582185955,
              40.63684520728473
            ],
            [
              -74.08970378205498,
              40.63568250148734
            ],
            [
              -74.09243893991965,
              40.63559638474302
            ],
            [
              -74.09338942252323,
              40.63659955499582
            ],
            [
              -74.09409312424094,
              40.63926691373153
            ],
            [
              -74.09767290634886,
              40.63896067917182
            ],
            [
              -74.09787969021829,
              40.64035805599777
            ],
            [
              -74.09990409604531,
              40.64016295461394
            ],
            [
              -74.10039166579939,
              40.64311836615891
            ],
            [
              -74.09956938841523,
              40.64315528211751
            ],
            [
              -74.09971600240254,
              40.64475887116169
            ],
            [
              -74.10090273138744,
              40.644773235425575
            ],
            [
              -74.09298828187646,
              40.645972780752665
            ],
            [
              -74.08570754378212,
              40.64888055337064
            ],
            [
              -74.08221272914936,
              40.64828016229026
            ],
            [
              -74.07980996428704,
              40.64838331298811
            ],
            [
              -74.07650657152918,
              40.646968818686126
            ],
            [
              -74.07445282563586,
              40.645067487718244
            ],
            [
              -74.07359107919277,
              40.64499892804317
            ],
            [
              -74.07385653684669,
              40.64542481559722
            ],
            [
              -74.07333813856928,
              40.645783115659846
            ],
            [
              -74.07369011806443,
              40.64530572405497
            ],
            [
              -74.0725877555387,
              40.644790863173824
            ],
            [
              -74.07269828799026,
              40.64444127346753
            ],
            [
              -74.07165829759784,
              40.645033746435196
            ],
            [
              -74.07229190281822,
              40.6442660478206
            ],
            [
              -74.07113105720936,
              40.64320526367847
            ],
            [
              -74.07210952444632,
              40.64246321679294
            ],
            [
              -74.07032923715443,
              40.64252612863507
            ],
            [
              -74.07323829183652,
              40.64218473658512
            ],
            [
              -74.07314400519942,
              40.64185297347557
            ],
            [
              -74.07019399559219,
              40.642007502805484
            ],
            [
              -74.07308689819328,
              40.64163681446722
            ],
            [
              -74.07289005609574,
              40.64092267237364
            ],
            [
              -74.06998354653952,
              40.641068943116984
            ],
            [
              -74.0728504119488,
              40.64080368794263
            ],
            [
              -74.07309035578784,
              40.638618999686045
            ],
            [
              -74.07238852950296,
              40.63824526599691
            ],
            [
              -74.0725813387358,
              40.637941875094846
            ]
          ]
        ]
      }
    },
    {
      "type": "Feature",
      "properties": {
        "name": "NoHo",
        "borough": "Manhattan",
        "slug": "noho",
        "source": "patch_polygons",
        "quality": "high",
        "centroid": {
          "lng": -73.994389,
          "lat": 40.726889
        }
      },
      "geometry": {
        "type": "Polygon",
        "coordinates": [
          [
            [
              -73.9948,
              40.7298
            ],
            [
              -73.992,
              40.7285
            ],
            [
              -73.9908,
              40.7262
            ],
            [
              -73.9918,
              40.724
            ],
            [
              -73.9942,
              40.723
            ],
            [
              -73.9968,
              40.7245
            ],
            [
              -73.9978,
              40.727
            ],
            [
              -73.9965,
              40.7292
            ],
            [
              -73.9948,
              40.7298
            ]
          ]
        ]
      }
    },
    {
      "type": "Feature",
      "properties": {
        "name": "NoMad",
        "borough": "Manhattan",
        "slug": "nomad",
        "source": "patch_polygons",
        "quality": "high",
        "centroid": {
          "lng": -73.9898,
          "lat": 40.7478
        }
      },
      "geometry": {
        "type": "Polygon",
        "coordinates": [
          [
            [
              -73.9902,
              40.7508
            ],
            [
              -73.9872,
              40.7492
            ],
            [
              -73.9858,
              40.7468
            ],
            [
              -73.987,
              40.7448
            ],
            [
              -73.9898,
              40.744
            ],
            [
              -73.993,
              40.7455
            ],
            [
              -73.994,
              40.748
            ],
            [
              -73.9925,
              40.7502
            ],
            [
              -73.9902,
              40.7508
            ]
          ]
        ]
      }
    },
    {
      "type": "Feature",
      "properties": {
        "name": "Nolita",
        "borough": "Manhattan",
        "slug": "nolita",
        "source": "patch_polygons",
        "quality": "high",
        "centroid": {
          "lng": -73.9958,
          "lat": 40.7232
        }
      },
      "geometry": {
        "type": "Polygon",
        "coordinates": [
          [
            [
              -73.9962,
              40.7262
            ],
            [
              -73.9938,
              40.7252
            ],
            [
              -73.9922,
              40.7232
            ],
            [
              -73.9928,
              40.721
            ],
            [
              -73.9952,
              40.7198
            ],
            [
              -73.9978,
              40.7205
            ],
            [
              -73.9988,
              40.7225
            ],
            [
              -73.9978,
              40.7248
            ],
            [
              -73.9962,
              40.7262
            ]
          ]
        ]
      }
    },
    {
      "type": "Feature",
      "properties": {
        "name": "Park Slope",
        "borough": "Brooklyn",
        "slug": "park-slope",
        "source": "nyc_nta_2020",
        "quality": "medium",
        "centroid": {
          "lng": -73.975024,
          "lat": 40.676138
        }
      },
      "geometry": {
        "type": "Polygon",
        "coordinates": [
          [
            [
              -73.9737608483554,
              40.683049408639775
            ],
            [
              -73.97469118307237,
              40.68026661680474
            ],
            [
              -73.97618051198288,
              40.67806432146616
            ],
            [
              -73.96949738784443,
              40.67590638046702
            ],
            [
              -73.96969317461117,
              40.67536085543849
            ],
            [
              -73.96883890186278,
              40.67440897750032
            ],
            [
              -73.96877181598978,
              40.67332834261815
            ],
            [
              -73.9689420635121,
              40.67288749244305
            ],
            [
              -73.97040734461665,
              40.67264721993092
            ],
            [
              -73.97965353410314,
              40.661243234233666
            ],
            [
              -73.99173365144995,
              40.66673659594479
            ],
            [
              -73.98390048680756,
              40.67614865315686
            ],
            [
              -73.97807729552638,
              40.684914940390115
            ],
            [
              -73.97745722009145,
              40.68405228761326
            ],
            [
              -73.9737608483554,
              40.683049408639775
            ]
          ]
        ]
      }
    },
    {
      "type": "Feature",
      "properties": {
        "name": "Pelham Bay",
        "borough": "Bronx",
        "slug": "pelham-bay",
        "source": "patch_polygons",
        "quality": "high",
        "centroid": {
          "lng": -73.8268,
          "lat": 40.8502
        }
      },
      "geometry": {
        "type": "Polygon",
        "coordinates": [
          [
            [
              -73.8258,
              40.8578
            ],
            [
              -73.8195,
              40.8558
            ],
            [
              -73.8162,
              40.8518
            ],
            [
              -73.8172,
              40.8478
            ],
            [
              -73.8208,
              40.8438
            ],
            [
              -73.8262,
              40.8418
            ],
            [
              -73.8318,
              40.8435
            ],
            [
              -73.8345,
              40.8478
            ],
            [
              -73.8332,
              40.8525
            ],
            [
              -73.8298,
              40.8562
            ],
            [
              -73.8258,
              40.8578
            ]
          ]
        ]
      }
    },
    {
      "type": "Feature",
      "properties": {
        "name": "Peter Cooper Village",
        "borough": "Manhattan",
        "slug": "peter-cooper-village",
        "source": "patch_polygons",
        "quality": "high",
        "centroid": {
          "lng": -73.9752,
          "lat": 40.734
        }
      },
      "geometry": {
        "type": "Polygon",
        "coordinates": [
          [
            [
              -73.9752,
              40.7368
            ],
            [
              -73.9728,
              40.7355
            ],
            [
              -73.9718,
              40.7335
            ],
            [
              -73.9728,
              40.7318
            ],
            [
              -73.9752,
              40.731
            ],
            [
              -73.9775,
              40.7322
            ],
            [
              -73.9782,
              40.7342
            ],
            [
              -73.977,
              40.736
            ],
            [
              -73.9752,
              40.7368
            ]
          ]
        ]
      }
    },
    {
      "type": "Feature",
      "properties": {
        "name": "Prospect Heights",
        "borough": "Brooklyn",
        "slug": "prospect-heights",
        "source": "nyc_nta_2020",
        "quality": "medium",
        "centroid": {
          "lng": -73.966836,
          "lat": 40.676006
        }
      },
      "geometry": {
        "type": "Polygon",
        "coordinates": [
          [
            [
              -73.9607097442805,
              40.673121394534206
            ],
            [
              -73.96133695405295,
              40.671356771472105
            ],
            [
              -73.9689420635121,
              40.67288749244305
            ],
            [
              -73.96874143372979,
              40.67408910734113
            ],
            [
              -73.96969317461117,
              40.67536085543849
            ],
            [
              -73.96949738784443,
              40.67590638046702
            ],
            [
              -73.97618051198288,
              40.67806432146616
            ],
            [
              -73.97469118307237,
              40.68026661680474
            ],
            [
              -73.9737608483554,
              40.683049408639775
            ],
            [
              -73.96134655797736,
              40.68046352480339
            ],
            [
              -73.96318238724278,
              40.67552950499114
            ],
            [
              -73.96007345824275,
              40.674864284656856
            ],
            [
              -73.9607097442805,
              40.673121394534206
            ]
          ]
        ]
      }
    },
    {
      "type": "Feature",
      "properties": {
        "name": "Red Hook",
        "borough": "Brooklyn",
        "slug": "red-hook",
        "source": "patch_polygons",
        "quality": "high",
        "centroid": {
          "lng": -74.0072,
          "lat": 40.6738
        }
      },
      "geometry": {
        "type": "Polygon",
        "coordinates": [
          [
            [
              -74,
              40.679
            ],
            [
              -73.9972,
              40.6775
            ],
            [
              -73.996,
              40.6748
            ],
            [
              -73.998,
              40.672
            ],
            [
              -74.0035,
              40.6698
            ],
            [
              -74.009,
              40.668
            ],
            [
              -74.0142,
              40.6695
            ],
            [
              -74.0168,
              40.6725
            ],
            [
              -74.015,
              40.6758
            ],
            [
              -74.0095,
              40.6785
            ],
            [
              -74.0038,
              40.6798
            ],
            [
              -74,
              40.679
            ]
          ]
        ]
      }
    },
    {
      "type": "Feature",
      "properties": {
        "name": "Riverdale",
        "borough": "Bronx",
        "slug": "riverdale",
        "source": "patch_polygons",
        "quality": "high",
        "centroid": {
          "lng": -73.9078,
          "lat": 40.8965
        }
      },
      "geometry": {
        "type": "Polygon",
        "coordinates": [
          [
            [
              -73.9068,
              40.9048
            ],
            [
              -73.8992,
              40.9012
            ],
            [
              -73.8972,
              40.8958
            ],
            [
              -73.8998,
              40.8908
            ],
            [
              -73.9055,
              40.8878
            ],
            [
              -73.9128,
              40.8895
            ],
            [
              -73.9162,
              40.8938
            ],
            [
              -73.9155,
              40.8992
            ],
            [
              -73.9118,
              40.9038
            ],
            [
              -73.9068,
              40.9048
            ]
          ]
        ]
      }
    },
    {
      "type": "Feature",
      "properties": {
        "name": "Roosevelt Island",
        "borough": "Manhattan",
        "slug": "roosevelt-island",
        "source": "patch_polygons",
        "quality": "high",
        "centroid": {
          "lng": -73.952,
          "lat": 40.7632
        }
      },
      "geometry": {
        "type": "Polygon",
        "coordinates": [
          [
            [
              -73.9528,
              40.7718
            ],
            [
              -73.9512,
              40.7698
            ],
            [
              -73.9498,
              40.7668
            ],
            [
              -73.9492,
              40.7635
            ],
            [
              -73.9492,
              40.76
            ],
            [
              -73.9498,
              40.757
            ],
            [
              -73.951,
              40.7548
            ],
            [
              -73.9525,
              40.7545
            ],
            [
              -73.9538,
              40.7558
            ],
            [
              -73.9545,
              40.7592
            ],
            [
              -73.9548,
              40.7632
            ],
            [
              -73.9545,
              40.767
            ],
            [
              -73.9538,
              40.7702
            ],
            [
              -73.9528,
              40.7718
            ]
          ]
        ]
      }
    },
    {
      "type": "Feature",
      "properties": {
        "name": "SoHo",
        "borough": "Manhattan",
        "slug": "soho",
        "source": "patch_polygons",
        "quality": "high",
        "centroid": {
          "lng": -74.002,
          "lat": 40.7232
        }
      },
      "geometry": {
        "type": "Polygon",
        "coordinates": [
          [
            [
              -74.0048,
              40.7268
            ],
            [
              -74.0002,
              40.7258
            ],
            [
              -73.997,
              40.7238
            ],
            [
              -73.9975,
              40.7212
            ],
            [
              -73.9992,
              40.7188
            ],
            [
              -74.003,
              40.719
            ],
            [
              -74.0062,
              40.7205
            ],
            [
              -74.0072,
              40.7238
            ],
            [
              -74.0048,
              40.7268
            ]
          ]
        ]
      }
    },
    {
      "type": "Feature",
      "properties": {
        "name": "South Beach",
        "borough": "Staten Island",
        "slug": "south-beach",
        "source": "patch_polygons",
        "quality": "high",
        "centroid": {
          "lng": -74.0668,
          "lat": 40.5918
        }
      },
      "geometry": {
        "type": "Polygon",
        "coordinates": [
          [
            [
              -74.0658,
              40.5972
            ],
            [
              -74.0612,
              40.595
            ],
            [
              -74.06,
              40.5918
            ],
            [
              -74.0622,
              40.5885
            ],
            [
              -74.0668,
              40.5865
            ],
            [
              -74.0718,
              40.5882
            ],
            [
              -74.0738,
              40.5915
            ],
            [
              -74.0718,
              40.5952
            ],
            [
              -74.0658,
              40.5972
            ]
          ]
        ]
      }
    },
    {
      "type": "Feature",
      "properties": {
        "name": "South Slope",
        "borough": "Brooklyn",
        "slug": "south-slope",
        "source": "patch_polygons",
        "quality": "high",
        "centroid": {
          "lng": -73.9825,
          "lat": 40.6635
        }
      },
      "geometry": {
        "type": "Polygon",
        "coordinates": [
          [
            [
              -73.9838,
              40.668
            ],
            [
              -73.9792,
              40.6668
            ],
            [
              -73.9775,
              40.664
            ],
            [
              -73.9782,
              40.6608
            ],
            [
              -73.981,
              40.6588
            ],
            [
              -73.9852,
              40.6598
            ],
            [
              -73.9868,
              40.6628
            ],
            [
              -73.9862,
              40.6662
            ],
            [
              -73.9838,
              40.668
            ]
          ]
        ]
      }
    },
    {
      "type": "Feature",
      "properties": {
        "name": "Spuyten Duyvil",
        "borough": "Bronx",
        "slug": "spuyten-duyvil",
        "source": "patch_polygons",
        "quality": "high",
        "centroid": {
          "lng": -73.9148,
          "lat": 40.882
        }
      },
      "geometry": {
        "type": "Polygon",
        "coordinates": [
          [
            [
              -73.9158,
              40.8852
            ],
            [
              -73.9122,
              40.8838
            ],
            [
              -73.9108,
              40.8818
            ],
            [
              -73.9115,
              40.8795
            ],
            [
              -73.9142,
              40.8782
            ],
            [
              -73.9175,
              40.8795
            ],
            [
              -73.9188,
              40.8818
            ],
            [
              -73.9178,
              40.8842
            ],
            [
              -73.9158,
              40.8852
            ]
          ]
        ]
      }
    },
    {
      "type": "Feature",
      "properties": {
        "name": "St. George",
        "borough": "Staten Island",
        "slug": "st-george",
        "source": "nyc_nta_2020",
        "quality": "medium",
        "centroid": {
          "lng": -74.081145,
          "lat": 40.641747
        }
      },
      "geometry": {
        "type": "Polygon",
        "coordinates": [
          [
            [
              -74.0725813387358,
              40.637941875094846
            ],
            [
              -74.07683997648454,
              40.637750259620645
            ],
            [
              -74.0787883103561,
              40.63826855858673
            ],
            [
              -74.08373397144585,
              40.6357371450629
            ],
            [
              -74.08587882767334,
              40.63669159050727
            ],
            [
              -74.08690592762002,
              40.63585724413707
            ],
            [
              -74.08870582185955,
              40.63684520728473
            ],
            [
              -74.08970378205498,
              40.63568250148734
            ],
            [
              -74.09243893991965,
              40.63559638474302
            ],
            [
              -74.09338942252323,
              40.63659955499582
            ],
            [
              -74.09409312424094,
              40.63926691373153
            ],
            [
              -74.09767290634886,
              40.63896067917182
            ],
            [
              -74.09787969021829,
              40.64035805599777
            ],
            [
              -74.09990409604531,
              40.64016295461394
            ],
            [
              -74.10039166579939,
              40.64311836615891
            ],
            [
              -74.09956938841523,
              40.64315528211751
            ],
            [
              -74.09971600240254,
              40.64475887116169
            ],
            [
              -74.10090273138744,
              40.644773235425575
            ],
            [
              -74.09298828187646,
              40.645972780752665
            ],
            [
              -74.08570754378212,
              40.64888055337064
            ],
            [
              -74.08221272914936,
              40.64828016229026
            ],
            [
              -74.07980996428704,
              40.64838331298811
            ],
            [
              -74.07650657152918,
              40.646968818686126
            ],
            [
              -74.07445282563586,
              40.645067487718244
            ],
            [
              -74.07359107919277,
              40.64499892804317
            ],
            [
              -74.07385653684669,
              40.64542481559722
            ],
            [
              -74.07333813856928,
              40.645783115659846
            ],
            [
              -74.07369011806443,
              40.64530572405497
            ],
            [
              -74.0725877555387,
              40.644790863173824
            ],
            [
              -74.07269828799026,
              40.64444127346753
            ],
            [
              -74.07165829759784,
              40.645033746435196
            ],
            [
              -74.07229190281822,
              40.6442660478206
            ],
            [
              -74.07113105720936,
              40.64320526367847
            ],
            [
              -74.07210952444632,
              40.64246321679294
            ],
            [
              -74.07032923715443,
              40.64252612863507
            ],
            [
              -74.07323829183652,
              40.64218473658512
            ],
            [
              -74.07314400519942,
              40.64185297347557
            ],
            [
              -74.07019399559219,
              40.642007502805484
            ],
            [
              -74.07308689819328,
              40.64163681446722
            ],
            [
              -74.07289005609574,
              40.64092267237364
            ],
            [
              -74.06998354653952,
              40.641068943116984
            ],
            [
              -74.0728504119488,
              40.64080368794263
            ],
            [
              -74.07309035578784,
              40.638618999686045
            ],
            [
              -74.07238852950296,
              40.63824526599691
            ],
            [
              -74.0725813387358,
              40.637941875094846
            ]
          ]
        ]
      }
    },
    {
      "type": "Feature",
      "properties": {
        "name": "Stuyvesant Town",
        "borough": "Manhattan",
        "slug": "stuyvesant-town",
        "source": "patch_polygons",
        "quality": "high",
        "centroid": {
          "lng": -73.9765,
          "lat": 40.7295
        }
      },
      "geometry": {
        "type": "Polygon",
        "coordinates": [
          [
            [
              -73.9768,
              40.7325
            ],
            [
              -73.9742,
              40.7312
            ],
            [
              -73.9732,
              40.729
            ],
            [
              -73.9742,
              40.727
            ],
            [
              -73.9765,
              40.726
            ],
            [
              -73.979,
              40.7275
            ],
            [
              -73.9798,
              40.7298
            ],
            [
              -73.9785,
              40.7318
            ],
            [
              -73.9768,
              40.7325
            ]
          ]
        ]
      }
    },
    {
      "type": "Feature",
      "properties": {
        "name": "Sugar Hill",
        "borough": "Manhattan",
        "slug": "sugar-hill",
        "source": "patch_polygons",
        "quality": "high",
        "centroid": {
          "lng": -73.9478,
          "lat": 40.8288
        }
      },
      "geometry": {
        "type": "Polygon",
        "coordinates": [
          [
            [
              -73.9478,
              40.8328
            ],
            [
              -73.9432,
              40.8312
            ],
            [
              -73.9418,
              40.8285
            ],
            [
              -73.9438,
              40.8258
            ],
            [
              -73.9478,
              40.8248
            ],
            [
              -73.9525,
              40.8262
            ],
            [
              -73.954,
              40.829
            ],
            [
              -73.9515,
              40.8318
            ],
            [
              -73.9478,
              40.8328
            ]
          ]
        ]
      }
    },
    {
      "type": "Feature",
      "properties": {
        "name": "Sunnyside",
        "borough": "Queens",
        "slug": "sunnyside",
        "source": "nyc_nta_2020",
        "quality": "medium",
        "centroid": {
          "lng": -73.922891,
          "lat": 40.738731
        }
      },
      "geometry": {
        "type": "Polygon",
        "coordinates": [
          [
            [
              -73.90971148153095,
              40.74975470947739
            ],
            [
              -73.9101499308649,
              40.748521572909254
            ],
            [
              -73.91164202633128,
              40.74868457627928
            ],
            [
              -73.9119097896876,
              40.74810539493411
            ],
            [
              -73.91244853783171,
              40.7459204027123
            ],
            [
              -73.91124722195144,
              40.74578399353917
            ],
            [
              -73.9119870407896,
              40.74218897978199
            ],
            [
              -73.91382781904143,
              40.742413689124284
            ],
            [
              -73.91443483151015,
              40.74053105397926
            ],
            [
              -73.91573535607311,
              40.74079155985525
            ],
            [
              -73.91717737969705,
              40.73689787074112
            ],
            [
              -73.91651522687403,
              40.736757346510196
            ],
            [
              -73.91689741755664,
              40.73544470881869
            ],
            [
              -73.91749307542328,
              40.73542134601308
            ],
            [
              -73.91835109071796,
              40.73315255900704
            ],
            [
              -73.91881437666355,
              40.73320765485049
            ],
            [
              -73.91902180336837,
              40.73208783911261
            ],
            [
              -73.91731464144377,
              40.731441749355795
            ],
            [
              -73.91836395128227,
              40.72593088310013
            ],
            [
              -73.92216877702315,
              40.72648741164368
            ],
            [
              -73.92645216867697,
              40.728124281874365
            ],
            [
              -73.9279089274922,
              40.72825331631524
            ],
            [
              -73.9284859115421,
              40.72775858067109
            ],
            [
              -73.93043971043068,
              40.728563137284674
            ],
            [
              -73.93648138613977,
              40.72968652034431
            ],
            [
              -73.93911054508747,
              40.731379806525375
            ],
            [
              -73.94006709327039,
              40.73376215298028
            ],
            [
              -73.94162472636474,
              40.73584144233838
            ],
            [
              -73.94594410333048,
              40.73751251570067
            ],
            [
              -73.94146173397093,
              40.73924858362698
            ],
            [
              -73.9386796880222,
              40.73820830246161
            ],
            [
              -73.93726110650238,
              40.745176490733535
            ],
            [
              -73.93769681500213,
              40.745238575264224
            ],
            [
              -73.92677093824727,
              40.747592428305616
            ],
            [
              -73.92079784667062,
              40.74689069172745
            ],
            [
              -73.92034233070606,
              40.74915896087421
            ],
            [
              -73.91540599852912,
              40.75011107614551
            ],
            [
              -73.90971148153095,
              40.74975470947739
            ]
          ]
        ]
      }
    },
    {
      "type": "Feature",
      "properties": {
        "name": "Sutton Place",
        "borough": "Manhattan",
        "slug": "sutton-place",
        "source": "patch_polygons",
        "quality": "high",
        "centroid": {
          "lng": -73.9632,
          "lat": 40.7582
        }
      },
      "geometry": {
        "type": "Polygon",
        "coordinates": [
          [
            [
              -73.963,
              40.7612
            ],
            [
              -73.96,
              40.76
            ],
            [
              -73.9592,
              40.7578
            ],
            [
              -73.9605,
              40.756
            ],
            [
              -73.9632,
              40.755
            ],
            [
              -73.966,
              40.7565
            ],
            [
              -73.9668,
              40.7588
            ],
            [
              -73.9652,
              40.7608
            ],
            [
              -73.963,
              40.7612
            ]
          ]
        ]
      }
    },
    {
      "type": "Feature",
      "properties": {
        "name": "Todt Hill",
        "borough": "Staten Island",
        "slug": "todt-hill",
        "source": "nyc_nta_2020",
        "quality": "medium",
        "centroid": {
          "lng": -74.12586,
          "lat": 40.588984
        }
      },
      "geometry": {
        "type": "Polygon",
        "coordinates": [
          [
            [
              -74.09766008712893,
              40.6105077481278
            ],
            [
              -74.09433500458698,
              40.610328012156984
            ],
            [
              -74.0905571121673,
              40.60900115134233
            ],
            [
              -74.09271909195756,
              40.60636212420198
            ],
            [
              -74.09244145186298,
              40.60411958645138
            ],
            [
              -74.09290036361645,
              40.60135887271744
            ],
            [
              -74.09178257300826,
              40.59871923931153
            ],
            [
              -74.09375453687329,
              40.59674489030799
            ],
            [
              -74.10009437797487,
              40.59366050175428
            ],
            [
              -74.10089773576925,
              40.592452723144476
            ],
            [
              -74.10088251508785,
              40.59017921614526
            ],
            [
              -74.10149482213728,
              40.58934426100513
            ],
            [
              -74.10924835476192,
              40.582678413036795
            ],
            [
              -74.11306954333422,
              40.58076852292087
            ],
            [
              -74.11561656567139,
              40.57849283264412
            ],
            [
              -74.11701410474791,
              40.57820868745069
            ],
            [
              -74.11910954797456,
              40.57615725273245
            ],
            [
              -74.12153728906142,
              40.57515325257959
            ],
            [
              -74.12706746958176,
              40.57640521917216
            ],
            [
              -74.1277349341651,
              40.575206624554944
            ],
            [
              -74.13278436187868,
              40.5734790942332
            ],
            [
              -74.14418588119743,
              40.57203741050875
            ],
            [
              -74.14387453487329,
              40.57060659469342
            ],
            [
              -74.14438744938825,
              40.56970610117111
            ],
            [
              -74.14790142170932,
              40.570889581108474
            ],
            [
              -74.15466447665042,
              40.56551344318806
            ],
            [
              -74.15725974085757,
              40.56255331937416
            ],
            [
              -74.16494149293702,
              40.5601117976389
            ],
            [
              -74.16982582250603,
              40.56109042127681
            ],
            [
              -74.16982860060396,
              40.57083444850518
            ],
            [
              -74.15230805576691,
              40.580579303157315
            ],
            [
              -74.14727483653007,
              40.58501222200047
            ],
            [
              -74.1463213105958,
              40.58606929759488
            ],
            [
              -74.14541995001444,
              40.59146702435487
            ],
            [
              -74.14002227239804,
              40.598596533587745
            ],
            [
              -74.14046227905241,
              40.603069980524886
            ],
            [
              -74.14714097029949,
              40.60558483473542
            ],
            [
              -74.14750950761587,
              40.606064886726614
            ],
            [
              -74.14723021254628,
              40.60826302209607
            ],
            [
              -74.14354499233964,
              40.6076811535684
            ],
            [
              -74.12875899350655,
              40.60849579441082
            ],
            [
              -74.11564032582696,
              40.61109610432457
            ],
            [
              -74.1089859530509,
              40.61012495494256
            ],
            [
              -74.09766008712893,
              40.6105077481278
            ]
          ]
        ]
      }
    },
    {
      "type": "Feature",
      "properties": {
        "name": "Tribeca",
        "borough": "Manhattan",
        "slug": "tribeca",
        "source": "patch_polygons",
        "quality": "high",
        "centroid": {
          "lng": -74.0078,
          "lat": 40.7205
        }
      },
      "geometry": {
        "type": "Polygon",
        "coordinates": [
          [
            [
              -74.008,
              40.7252
            ],
            [
              -74.0042,
              40.7235
            ],
            [
              -74.001,
              40.7208
            ],
            [
              -73.9998,
              40.7175
            ],
            [
              -74.0035,
              40.7158
            ],
            [
              -74.0068,
              40.7145
            ],
            [
              -74.0108,
              40.7148
            ],
            [
              -74.0142,
              40.7172
            ],
            [
              -74.0148,
              40.7208
            ],
            [
              -74.0118,
              40.724
            ],
            [
              -74.008,
              40.7252
            ]
          ]
        ]
      }
    },
    {
      "type": "Feature",
      "properties": {
        "name": "Turtle Bay",
        "borough": "Manhattan",
        "slug": "turtle-bay",
        "source": "patch_polygons",
        "quality": "high",
        "centroid": {
          "lng": -73.9708,
          "lat": 40.7512
        }
      },
      "geometry": {
        "type": "Polygon",
        "coordinates": [
          [
            [
              -73.9718,
              40.7548
            ],
            [
              -73.9682,
              40.7538
            ],
            [
              -73.9662,
              40.7515
            ],
            [
              -73.9672,
              40.7492
            ],
            [
              -73.97,
              40.748
            ],
            [
              -73.9732,
              40.7492
            ],
            [
              -73.9742,
              40.7518
            ],
            [
              -73.9735,
              40.754
            ],
            [
              -73.9718,
              40.7548
            ]
          ]
        ]
      }
    },
    {
      "type": "Feature",
      "properties": {
        "name": "Two Bridges",
        "borough": "Manhattan",
        "slug": "two-bridges",
        "source": "patch_polygons",
        "quality": "high",
        "centroid": {
          "lng": -73.9888,
          "lat": 40.7098
        }
      },
      "geometry": {
        "type": "Polygon",
        "coordinates": [
          [
            [
              -73.9888,
              40.713
            ],
            [
              -73.9848,
              40.7118
            ],
            [
              -73.9832,
              40.7095
            ],
            [
              -73.9842,
              40.7072
            ],
            [
              -73.9875,
              40.7055
            ],
            [
              -73.992,
              40.7065
            ],
            [
              -73.9942,
              40.7088
            ],
            [
              -73.9925,
              40.7115
            ],
            [
              -73.9888,
              40.713
            ]
          ]
        ]
      }
    },
    {
      "type": "Feature",
      "properties": {
        "name": "Union Square",
        "borough": "Manhattan",
        "slug": "union-square",
        "source": "patch_polygons",
        "quality": "high",
        "centroid": {
          "lng": -73.9912,
          "lat": 40.7368
        }
      },
      "geometry": {
        "type": "Polygon",
        "coordinates": [
          [
            [
              -73.9918,
              40.74
            ],
            [
              -73.9888,
              40.7388
            ],
            [
              -73.9872,
              40.7365
            ],
            [
              -73.9882,
              40.7345
            ],
            [
              -73.9912,
              40.7338
            ],
            [
              -73.9942,
              40.735
            ],
            [
              -73.995,
              40.7375
            ],
            [
              -73.9938,
              40.7395
            ],
            [
              -73.9918,
              40.74
            ]
          ]
        ]
      }
    },
    {
      "type": "Feature",
      "properties": {
        "name": "Upper East Side",
        "borough": "Manhattan",
        "slug": "upper-east-side",
        "source": "patch_polygons",
        "quality": "high",
        "centroid": {
          "lng": -73.9622,
          "lat": 40.7745
        }
      },
      "geometry": {
        "type": "Polygon",
        "coordinates": [
          [
            [
              -73.9598,
              40.784
            ],
            [
              -73.9542,
              40.7815
            ],
            [
              -73.9512,
              40.7778
            ],
            [
              -73.9528,
              40.7728
            ],
            [
              -73.9568,
              40.7678
            ],
            [
              -73.962,
              40.7652
            ],
            [
              -73.9678,
              40.766
            ],
            [
              -73.9718,
              40.7698
            ],
            [
              -73.9728,
              40.7745
            ],
            [
              -73.97,
              40.7798
            ],
            [
              -73.9652,
              40.783
            ],
            [
              -73.9598,
              40.784
            ]
          ]
        ]
      }
    },
    {
      "type": "Feature",
      "properties": {
        "name": "Upper West Side",
        "borough": "Manhattan",
        "slug": "upper-west-side",
        "source": "nyc_nta_2020",
        "quality": "medium",
        "centroid": {
          "lng": -73.980966,
          "lat": 40.787007
        }
      },
      "geometry": {
        "type": "Polygon",
        "coordinates": [
          [
            [
              -73.96417598455193,
              40.792362045027716
            ],
            [
              -73.9750011183183,
              40.77752777991658
            ],
            [
              -73.98507184256847,
              40.78177968147185
            ],
            [
              -73.9856793602949,
              40.780312633334994
            ],
            [
              -73.98812746036442,
              40.7814017974475
            ],
            [
              -73.98546581197026,
              40.78536070057562
            ],
            [
              -73.98617270496534,
              40.78606845276145
            ],
            [
              -73.98711901394275,
              40.78521031799912
            ],
            [
              -73.98612842248589,
              40.78623900133132
            ],
            [
              -73.98542932126942,
              40.78541394218482
            ],
            [
              -73.98508113773205,
              40.78592193511063
            ],
            [
              -73.98576566029752,
              40.78619627485881
            ],
            [
              -73.98501696406495,
              40.78601423719582
            ],
            [
              -73.98465507883012,
              40.78653474231073
            ],
            [
              -73.9859495615568,
              40.78648711296155
            ],
            [
              -73.98461942858398,
              40.786586016852596
            ],
            [
              -73.9763995193054,
              40.79827321119528
            ],
            [
              -73.96941543722124,
              40.79536077907437
            ],
            [
              -73.96987063171011,
              40.79473520505714
            ],
            [
              -73.96417598455193,
              40.792362045027716
            ]
          ]
        ]
      }
    },
    {
      "type": "Feature",
      "properties": {
        "name": "Washington Heights",
        "borough": "Manhattan",
        "slug": "washington-heights",
        "source": "nyc_nta_2020",
        "quality": "medium",
        "centroid": {
          "lng": -73.940225,
          "lat": 40.842469
        }
      },
      "geometry": {
        "type": "Polygon",
        "coordinates": [
          [
            [
              -73.93139355315762,
              40.84742823140965
            ],
            [
              -73.93556697174424,
              40.84171252755808
            ],
            [
              -73.93505508758814,
              40.839333236833085
            ],
            [
              -73.93638316770867,
              40.83785012505286
            ],
            [
              -73.93803791450112,
              40.83428659124488
            ],
            [
              -73.94021914473174,
              40.8318838346847
            ],
            [
              -73.94034643247481,
              40.830457843352235
            ],
            [
              -73.95021218560015,
              40.83430311995851
            ],
            [
              -73.94856054520565,
              40.83956488465931
            ],
            [
              -73.94612416421772,
              40.843892496557295
            ],
            [
              -73.94696441627184,
              40.85046552632033
            ],
            [
              -73.94318719330808,
              40.84975484263654
            ],
            [
              -73.94389000257331,
              40.84820291143921
            ],
            [
              -73.94205395049835,
              40.84831673359212
            ],
            [
              -73.93803616045417,
              40.847557754918455
            ],
            [
              -73.93639683069723,
              40.849541195841915
            ],
            [
              -73.93139355315762,
              40.84742823140965
            ]
          ]
        ]
      }
    },
    {
      "type": "Feature",
      "properties": {
        "name": "West Harlem",
        "borough": "Manhattan",
        "slug": "west-harlem",
        "source": "patch_polygons",
        "quality": "high",
        "centroid": {
          "lng": -73.9538,
          "lat": 40.8122
        }
      },
      "geometry": {
        "type": "Polygon",
        "coordinates": [
          [
            [
              -73.9532,
              40.8168
            ],
            [
              -73.9478,
              40.8148
            ],
            [
              -73.9462,
              40.8118
            ],
            [
              -73.9488,
              40.809
            ],
            [
              -73.9538,
              40.8078
            ],
            [
              -73.9592,
              40.8098
            ],
            [
              -73.9605,
              40.8132
            ],
            [
              -73.9575,
              40.816
            ],
            [
              -73.9532,
              40.8168
            ]
          ]
        ]
      }
    },
    {
      "type": "Feature",
      "properties": {
        "name": "West Village",
        "borough": "Manhattan",
        "slug": "west-village",
        "source": "nyc_nta_2020",
        "quality": "medium",
        "centroid": {
          "lng": -74.010007,
          "lat": 40.735862
        }
      },
      "geometry": {
        "type": "Polygon",
        "coordinates": [
          [
            [
              -74.00915345103353,
              40.742496188058894
            ],
            [
              -73.99683993860414,
              40.73736088990093
            ],
            [
              -74.00141242386637,
              40.73106525649165
            ],
            [
              -74.00281726484997,
              40.72836312980689
            ],
            [
              -74.01054872124601,
              40.72910068335097
            ],
            [
              -74.01064289761028,
              40.728172108377805
            ],
            [
              -74.01439069866335,
              40.72846304802296
            ],
            [
              -74.01408693559907,
              40.730663172537895
            ],
            [
              -74.01116195696476,
              40.730450676349214
            ],
            [
              -74.01099350879163,
              40.73232041844335
            ],
            [
              -74.0109411822674,
              40.733007762766924
            ],
            [
              -74.01399957240966,
              40.73333227751791
            ],
            [
              -74.01072972383811,
              40.73346340265207
            ],
            [
              -74.01083284563205,
              40.73400709350859
            ],
            [
              -74.01201791944403,
              40.73406374445656
            ],
            [
              -74.01081359479102,
              40.73428344314517
            ],
            [
              -74.0104765981442,
              40.73806394059523
            ],
            [
              -74.0111391560257,
              40.73838986331581
            ],
            [
              -74.01045432864593,
              40.73836450522317
            ],
            [
              -74.0103930306848,
              40.73917429605941
            ],
            [
              -74.01158045436232,
              40.73926453560968
            ],
            [
              -74.01146073955348,
              40.74058421525526
            ],
            [
              -74.0126592820849,
              40.7407476384976
            ],
            [
              -74.00963145571748,
              40.74064536687183
            ],
            [
              -74.0096192344045,
              40.74136361101753
            ],
            [
              -74.01139609242074,
              40.741822813235274
            ],
            [
              -74.01083987411933,
              40.742596734022634
            ],
            [
              -74.00915345103353,
              40.742496188058894
            ]
          ]
        ]
      }
    },
    {
      "type": "Feature",
      "properties": {
        "name": "Williamsburg",
        "borough": "Brooklyn",
        "slug": "williamsburg",
        "source": "nyc_nta_2020",
        "quality": "medium",
        "centroid": {
          "lng": -73.959829,
          "lat": 40.715394
        }
      },
      "geometry": {
        "type": "Polygon",
        "coordinates": [
          [
            [
              -73.95814292411644,
              40.72440428473757
            ],
            [
              -73.9547766281533,
              40.7224595046678
            ],
            [
              -73.95164632164274,
              40.723485857483844
            ],
            [
              -73.95064594201132,
              40.72170569378428
            ],
            [
              -73.94907816684606,
              40.722540287202506
            ],
            [
              -73.9484163847295,
              40.71845553312268
            ],
            [
              -73.947213417447,
              40.7185609861182
            ],
            [
              -73.95348472098757,
              40.71407020807855
            ],
            [
              -73.94937231784627,
              40.714066878309616
            ],
            [
              -73.94865533445751,
              40.709724983182085
            ],
            [
              -73.95087492513105,
              40.70951311519786
            ],
            [
              -73.95023693669857,
              40.705473246654364
            ],
            [
              -73.95790430738548,
              40.70842717347024
            ],
            [
              -73.95845576706577,
              40.707251847445455
            ],
            [
              -73.96327873711,
              40.70772929902124
            ],
            [
              -73.96838331338861,
              40.70682937339333
            ],
            [
              -73.96929296282453,
              40.707093331095564
            ],
            [
              -73.96984864757465,
              40.70800304219027
            ],
            [
              -73.96960541242258,
              40.710270844377234
            ],
            [
              -73.97006904814343,
              40.71044775547741
            ],
            [
              -73.96937429888523,
              40.711020666565425
            ],
            [
              -73.96990773027578,
              40.71126812183884
            ],
            [
              -73.96923492843203,
              40.71124054194077
            ],
            [
              -73.96725113674303,
              40.71698666660909
            ],
            [
              -73.9651195032813,
              40.719226894499926
            ],
            [
              -73.96527360864145,
              40.72012467103432
            ],
            [
              -73.96447946223105,
              40.720036188255804
            ],
            [
              -73.96275665356569,
              40.722399015796206
            ],
            [
              -73.96165984235257,
              40.72486045496563
            ],
            [
              -73.96211461478755,
              40.72514806339883
            ],
            [
              -73.95814292411644,
              40.72440428473757
            ]
          ]
        ]
      }
    },
    {
      "type": "Feature",
      "properties": {
        "name": "Windsor Terrace",
        "borough": "Brooklyn",
        "slug": "windsor-terrace",
        "source": "patch_polygons",
        "quality": "high",
        "centroid": {
          "lng": -73.981,
          "lat": 40.6558
        }
      },
      "geometry": {
        "type": "Polygon",
        "coordinates": [
          [
            [
              -73.9822,
              40.6602
            ],
            [
              -73.9778,
              40.6588
            ],
            [
              -73.9762,
              40.656
            ],
            [
              -73.977,
              40.6532
            ],
            [
              -73.98,
              40.6515
            ],
            [
              -73.9842,
              40.6528
            ],
            [
              -73.9858,
              40.6558
            ],
            [
              -73.9848,
              40.659
            ],
            [
              -73.9822,
              40.6602
            ]
          ]
        ]
      }
    },
    {
      "type": "Feature",
      "properties": {
        "name": "Yorkville",
        "borough": "Manhattan",
        "slug": "yorkville",
        "source": "nyc_nta_2020",
        "quality": "medium",
        "centroid": {
          "lng": -73.944821,
          "lat": 40.778566
        }
      },
      "geometry": {
        "type": "Polygon",
        "coordinates": [
          [
            [
              -73.94360047475412,
              40.78015909946638
            ],
            [
              -73.94343876735945,
              40.779763242468604
            ],
            [
              -73.94240220198301,
              40.78002633450526
            ],
            [
              -73.94211585205258,
              40.77946438178308
            ],
            [
              -73.94300246547277,
              40.77885287951766
            ],
            [
              -73.94211982454031,
              40.77725556641191
            ],
            [
              -73.94243403895554,
              40.77730046148639
            ],
            [
              -73.94208160457381,
              40.77595701631722
            ],
            [
              -73.9474897536819,
              40.77011515452139
            ],
            [
              -73.95729409955628,
              40.77428355557777
            ],
            [
              -73.9493317056096,
              40.785193126557786
            ],
            [
              -73.94376005208356,
              40.782828932219545
            ],
            [
              -73.94360047475412,
              40.78015909946638
            ]
          ]
        ]
      }
    }
  ]
}
