,,Property Lookup,,,,,,,,
,TableName,LookupName (Current),Value (Current),,MatrixSelectName,MatrixWebapi_Value,RLS Description,LMP Add/Edit,LMP Search,Requirements/Rules
,Property,AccessibilityFeatures,ADACompliant,,AccessibilityFeatures,ADACompliant,The unit is ADA compliant.,Yes,Yes,
,Property,AccessibilityFeatures,AccessibleApproachWithRamp,,AccessibilityFeatures,AccessibleApproachWithRamp,"A minimum of one entrance to the structure with a clear, evenly paved walkway from a parking or pedestrian arrival area. The path of travel does not include a running slope in excess of 1:12 (8.33%), a cross slope exceeding 1:50 (2%), nor level changes of more than 1/2"". If slope is over 5%, handrails are required. Level landing; 32"" clear width opening doors and adequate lighting on pathway and landing. This is required to be considered ""visitable.""",Yes,Yes,
,Property,AccessibilityFeatures,AccessibleBedroom,,AccessibilityFeatures,AccessibleBedroom,"Bedroom has adequate turnaround of 60"" or other approved turnaround configuration. Closet doors have 32"" clearance. Accessible environmental controls and multiple lighting fixtures. This is required to be considered Enhanced Accessible. Optional: Some lower-height storage in closet. Remote control of lighting and environmental controls.",Yes,Yes,
,Property,AccessibilityFeatures,AccessibleCentralLivingArea,,AccessibilityFeatures,AccessibleCentralLivingArea,"Hard surface flooring or low-pile carpet, securely attached along edges. Entrances to all rooms on all floors provide 36"" clear passage. Multiple lighting fixtures installed to provide adaptable lighting for general purpose and tasks. This is required to be considered Enhanced Accessible.",Yes,Yes,
,Property,AccessibilityFeatures,AccessibleClosets,,AccessibilityFeatures,AccessibleClosets,Closet doors are 32” clearance throughout the central living area.,Yes,Yes,
,Property,AccessibilityFeatures,AccessibleCommonArea,,AccessibilityFeatures,AccessibleCommonArea,"Common area, used for entertaining guests, level, with 36"" passage through and around the space. Required to be considered Visitable.",Yes,Yes,
,Property,AccessibilityFeatures,AccessibleDoors,,AccessibilityFeatures,AccessibleDoors,"Minimum 32"" clear passage; levered handle; threshold, if present, maximum 1/2"" but beveled on both sides when over 1/4"". Required to be considered Visitable or Enhanced Accessible.",Yes,Yes,
,Property,AccessibilityFeatures,AccessibleElectricalAndEnvironmentalControls,,AccessibilityFeatures,AccessibleElectricalAndEnvironmentalControls,"Thermostats and security system controls located on floor with central living area. Control devices for light switches and thermostats at 42-48"" height off floor and side to side. Electrical plugs minimum of 18"" above floor. This is required to be considered Enhanced Accessible. Optional: rocker-style light switches, lighted switches, automatic/remote control for environmental controls.",Yes,Yes,
,Property,AccessibilityFeatures,AccessibleElevatorInstalled,,AccessibilityFeatures,AccessibleElevatorInstalled,"Elevator with minimum 32"" door and minimum 36"" x 48"" turning radius.",Yes,Yes,
,Property,AccessibilityFeatures,AccessibleEntrance,,AccessibilityFeatures,AccessibleEntrance,"Entrance door is a minimum of 32"" wide; threshold, when present, maximum 1/2"" but when over 1/4"" is beveled on both sides. The entry door has lever handle for egress. This is required to be considered Visitable. Optional: entryway is covered; bench near outside entry door; motion-detection outside lights; accessible peephole or other method for inside viewing of anyone outside the entry door; house number easily visible from street by emergency responders.",Yes,Yes,
,Property,AccessibilityFeatures,AccessibleForHearingImpairment,,AccessibilityFeatures,AccessibleForHearingImpairment,"Home is wired for flashing lights and/or vibrating smoke alarm, door bell or other alerting features.",Yes,Yes,
,Property,AccessibilityFeatures,AccessibleFullBath,,AccessibilityFeatures,AccessibleFullBath,"Bathroom has adequate turnaround: 60"" or other approved turnaround configuration. Accessible bathing area: roll-in shower or space for shower chair or transfer bench in bathtub. Slip-resistant surface on bathroom floor and bathtub/shower. Roll-under or side-access to sink with padded trap. Lighting directly over shower/bathing areas, in addition to general bathroom lighting. This is required to be considered Enhanced Accessible. Optional: removable cabinet doors and base under sink; grab bars with shear force of 250 pounds installed around toilet and shower/tub with proper backing; handheld and/or height-adjustable shower head; automatic water temperature controlled (anti-scald) tub/shower; offset tub/shower controls toward front edge of tub/shower for easy access; raised toilet (17-19"" minimum).",Yes,Yes,
,Property,AccessibilityFeatures,AccessibleHallways,,AccessibilityFeatures,AccessibleHallways,"Hallway is a minimum of 36"", preferred 42"", wide (or adequate alternative based on individual configuration). At least one lighting fixture is present.",Yes,Yes,
,Property,AccessibilityFeatures,AccessibleKitchen,,AccessibilityFeatures,AccessibleKitchen,"40"" clear turn-around, or 36"" clear with clear under-counter space for T-turn space in kitchen, unimpeded by fixtures. Roll-under/adaptable sink with padded trap or side-access to sink. Roll-out shelves in at least 50% of lower cabinets, Roll-under work area (36"" clearance). Lighting fixtures directed over all task areas with adaptable control. This is required to be considered Enhanced Accessible. Optional: adaptable under-sink cabinet with removable doors and cabinet base; accessible features for upper kitchen cabinets; space for side-by-side refrigerator (minimum 36""); contrasting color counter edges for vison accessibility.",Yes,Yes,
,Property,AccessibilityFeatures,AccessibleKitchenAppliances,,AccessibilityFeatures,AccessibleKitchenAppliances,"Stove controls in front or side, at counter top height; oven with side-access door at counter level; microwave is at counter level. This is required to be considered Enhanced Accessible. Optional: raised dishwasher; microwave has clear work area below or to the right side.",Yes,Yes,
,Property,AccessibilityFeatures,AccessibleStairway,,AccessibilityFeatures,AccessibleStairway,"Handrails on both sides of stairs, extended when possible, with shear force of 250 pounds. Interior and exterior stairs have adequate number of light fixtures for full coverage. Non-slip stair treads. If stairs are carpeted, covering is non-moveable, low-pile carpet. This is required to be considered Enhanced Accessible. Optional: stair treads are in high contrast colors for increased visibility.",Yes,Yes,
,Property,AccessibilityFeatures,AccessibleWasherDryer,,AccessibilityFeatures,AccessibleWasherDryer,"Raised clothes washer and/or dryer, front controls, side opening, both open to center.",Yes,Yes,
,Property,AccessibilityFeatures,AdaptableBathroomWalls,,AccessibilityFeatures,AdaptableBathroomWalls,"Reinforced main bathroom walls, including bath or shower, to permit installation of grab bars (with shear force of 250 pounds) and/or fixtures in the future. This is required to be considered Enhanced Accessible.",Yes,Yes,
,Property,AccessibilityFeatures,AdaptableForElevator,,AccessibilityFeatures,AdaptableForElevator,Stacked closets in a multistory house for possible future conversion to an elevator.,Yes,Yes,
,Property,AccessibilityFeatures,CeilingTrack,,AccessibilityFeatures,CeilingTrack,Track installed in ceiling for lift chair (Hoyer lift).,Yes,Yes,
,Property,AccessibilityFeatures,CentralLivingArea,,AccessibilityFeatures,CentralLivingArea,"Includes common area; hallway(s); full or three-quarters bathroom; kitchen; at least one bedroom; access to environmental controls; and access to floors above main floor, if necessary.",Yes,Yes,
,Property,AccessibilityFeatures,CommonArea,,AccessibilityFeatures,CommonArea,"The portion of the home near accessible entrance, used for entertaining guests.",Yes,Yes,
,Property,AccessibilityFeatures,CustomizedWheelchairAccessible,,AccessibilityFeatures,CustomizedWheelchairAccessible,Customized accessibility for specific size or style of wheelchair or scooter.,Yes,Yes,
,Property,AccessibilityFeatures,ElectronicEnvironmentalControls,,AccessibilityFeatures,ElectronicEnvironmentalControls,"Programmable electronic controls for thermostat, lights, security system and automatic doors.",Yes,Yes,
,Property,AccessibilityFeatures,EnhancedAccessible,,AccessibilityFeatures,EnhancedAccessible,"The central living area is fully accessible for lifelong living by all residents, no matter their ability. A person in a wheelchair or with other disability is able to perform all personal and housekeeping tasks. Persons without disabilities are also able to perform basic tasks with greater ease. To be considered Enhanced Accessible, the home also includes all Visitable features.",Yes,Yes,
,Property,AccessibilityFeatures,ExteriorWheelchairLift,,AccessibilityFeatures,ExteriorWheelchairLift,A mechanical wheelchair lift is installed outside the home to facilitate barrier-free approach.,Yes,Yes,
,Property,AccessibilityFeatures,GripAccessibleFeatures,,AccessibilityFeatures,GripAccessibleFeatures,"All doors, faucets and other mechanisms throughout the central living area are lever, hands-free or another style that can be controlled with a closed hand, clenched fist or weak hands. This is required to be considered Enhanced Accessible. Optional: wire pull (D-ring) handles or equivalent or easy touch latches on cabinets and drawers.",Yes,Yes,
,Property,AccessibilityFeatures,ReinforcedFloors,,AccessibilityFeatures,ReinforcedFloors,"Reinforced floors for bariatric needs, power wheelchairs, therapeutic tub or heavy medical equipment.",Yes,Yes,
,Property,AccessibilityFeatures,SafeEmergencyEgressFromHome,,AccessibilityFeatures,SafeEmergencyEgressFromHome,"A minimum of two, no-step, accessible egresses from central living area. Window locks are 19-54"" from the floor and can be opened with a closed fist. Emergency egress windows in sleeping areas require minimal effort to open. This is required to be considered Enhanced Accessible.",Yes,Yes,
,Property,AccessibilityFeatures,SmartTechnology,,AccessibilityFeatures,SmartTechnology,"Smart Home (computer-controlled) and/or smart products (e.g., voice-activated controls, voice reminder, remote monitoring of individuals with dementia).",Yes,Yes,
,Property,AccessibilityFeatures,StairLift,,AccessibilityFeatures,StairLift,A professionally installed motorized rail to climb an interior or exterior stairway.,Yes,Yes,
,Property,AccessibilityFeatures,StandbyGenerator,,AccessibilityFeatures,StandbyGenerator,"Backup generator for refrigeration of medications, life-sustaining medical equipment or essential room temperature control.",Yes,Yes,
,Property,AccessibilityFeatures,TherapeuticWhirlpool,,AccessibilityFeatures,TherapeuticWhirlpool,"Therapeutic whirlpool, properly installed.",Yes,Yes,
,Property,AccessibilityFeatures,UnitWheelchairAccessible,,AccessibilityFeatures,UnitWheelchairAccessible,The unit is wheelchair accessible.,Yes,Yes,
,Property,AccessibilityFeatures,Visitable,,AccessibilityFeatures,Visitable,A person in a wheelchair can easily enter the home and access the main common area. Home has a half-bathroom at minimum and a hall leading to that bathroom.,Yes,Yes,
,Property,AccessibilityFeatures,VisitorBathroom,,AccessibilityFeatures,VisitorBathroom,"The bathroom that is closest to the common area, minimum half bath. Door has minimum 32"" clear width opening and lever handles. Minimum 60"" turnaround or other approved turnaround configuration (30"" x 48"" clear space if door opens out.). Grab bar installed in toilet area with proper blocking. This is required to be considered Visitable.",Yes,Yes,
,Property,AccessibilityFeatures,WalkerAccessibleStairs,,AccessibilityFeatures,WalkerAccessibleStairs,"Treads are minimum 25"" deep, with maximum 4"" rise and minimum 36"" wide. May be a custom feature in addition to approach with ramp.",Yes,Yes,
,Property,Appliances,BarFridge,,Appliances,BarFridge,A refrigerator that is sized and/or built to be part of a bar.,Yes,Yes,
,Property,Appliances,BuiltInElectricOven,,Appliances,BuiltInElectricOven,A built-in electric oven.,Yes,Yes,
,Property,Appliances,BuiltInElectricRange,,Appliances,BuiltInElectricRange,A built-in electric range.,Yes,Yes,
,Property,Appliances,BuiltInFreezer,,Appliances,BuiltInFreezer,A built-in freezer.,Yes,Yes,
,Property,Appliances,BuiltInGasOven,,Appliances,BuiltInGasOven,A built-in gas oven,Yes,Yes,
,Property,Appliances,BuiltInGasRange,,Appliances,BuiltInGasRange,A built-in gas range.,Yes,Yes,
,Property,Appliances,BuiltInRange,,Appliances,BuiltInRange,A built-in range where the fuel type is not specified.,Yes,Yes,
,Property,Appliances,BuiltInRefrigerator,,Appliances,BuiltInRefrigerator,A built-in refrigerator,Yes,Yes,
,Property,Appliances,ConvectionOven,,Appliances,ConvectionOven,An oven that has fans to circulate air around food. Also known as a fan-assisted oven or simply a fan oven.,Yes,Yes,
,Property,Appliances,Cooktop,,Appliances,Cooktop,A kitchen stove or cooker; a kitchen appliance designed for the purpose of cooking food. Kitchen stoves rely on the application of direct heat for the cooking process.,Yes,Yes,
,Property,Appliances,Dishwasher,,Appliances,Dishwasher,A dishwasher is a mechanical device for cleaning dishware and cutlery.,Yes,Yes,
,Property,Appliances,Disposal,,Appliances,Disposal,"A garbage disposal unit (also known as a garbage disposal, waste disposal unit, garbage disposer or garburator (in Canada)) is a device, usually electrically powered, installed under a kitchen sink between the sink's drain and the trap. The disposal unit shreds food waste into pieces small enough, generally less than 2 mm (0.079""), to pass through plumbing.",Yes,Yes,
,Property,Appliances,DoubleOven,,Appliances,DoubleOven,"A built-in oven fixture that has either two ovens, or one oven and one microwave oven. It is usually built into the kitchen cabinet.",Yes,Yes,
,Property,Appliances,DownDraft,,Appliances,DownDraft,A vent that is part of the surface of a cooktop that has a fan which sucks cooking fumes/smoke down. This is an alternative to a hooded cooktop/range.,Yes,Yes,
,Property,Appliances,Dryer,,Appliances,Dryer,A cloths dryer.,Yes,Yes,
,Property,Appliances,ElectricCooktop,,Appliances,ElectricCooktop,"A cooktop or stove that produces heat by way of electricity rather than gas. An induction cooktop is electric, but not all electric cooktops are induction.",Yes,Yes,
,Property,Appliances,ElectricOven,,Appliances,ElectricOven,"An oven that is heated by electricity, typically by way of heating coils.",Yes,Yes,
,Property,Appliances,ElectricRange,,Appliances,ElectricRange,An oven and cooktop that generates heat by way of electricity.,Yes,Yes,
,Property,Appliances,ElectricWaterHeater,,Appliances,ElectricWaterHeater,A water heater that heats the water by way of electricity.,Yes,Yes,
,Property,Appliances,EnergyStarQualifiedAppliances,,Appliances,EnergyStarQualifiedAppliances,The property includes qualified ENERGY STAR appliances.,Yes,Yes,
,Property,Appliances,EnergyStarQualifiedDishwasher,,Appliances,EnergyStarQualifiedDishwasher,The property includes a qualified ENERGY STAR dishwasher.,Yes,Yes,
,Property,Appliances,EnergyStarQualifiedDryer,,Appliances,EnergyStarQualifiedDryer,The property includes a qualified ENERGY STAR clothes dryer.,Yes,Yes,
,Property,Appliances,EnergyStarQualifiedFreezer,,Appliances,EnergyStarQualifiedFreezer,The property includes a qualified ENERGY STAR freezer.,Yes,Yes,
,Property,Appliances,EnergyStarQualifiedRefrigerator,,Appliances,EnergyStarQualifiedRefrigerator,The property includes a qualified ENERGY STAR refrigerator.,Yes,Yes,
,Property,Appliances,EnergyStarQualifiedWasher,,Appliances,EnergyStarQualifiedWasher,The property includes a qualified ENERGY STAR clothes washer.,Yes,Yes,
,Property,Appliances,EnergyStarQualifiedWaterHeater,,Appliances,EnergyStarQualifiedWaterHeater,The property includes a qualified ENERGY STAR water heater.,Yes,Yes,
,Property,Appliances,ExhaustFan,,Appliances,ExhaustFan,The cooktop has an exhaust fan.,Yes,Yes,
,Property,Appliances,FreeStandingElectricOven,,Appliances,FreeStandingElectricOven,"The oven is freestanding, not built-in, and uses electricity to produce heat.",Yes,Yes,
,Property,Appliances,FreeStandingElectricRange,,Appliances,FreeStandingElectricRange,"The range is freestanding, not built-in, and uses electricity to produce heat for its oven and cooktop.",Yes,Yes,
,Property,Appliances,FreeStandingFreezer,,Appliances,FreeStandingFreezer,The freezer is freestanding and not built-in.,Yes,Yes,
,Property,Appliances,FreeStandingGasOven,,Appliances,FreeStandingGasOven,"The oven is freestanding, not built-in, and uses gas to produce heat.",Yes,Yes,
,Property,Appliances,FreeStandingGasRange,,Appliances,FreeStandingGasRange,"The range is freestanding, not built-in, and uses gas to produce heat for its oven and cooktop.",Yes,Yes,
,Property,Appliances,FreeStandingRange,,Appliances,FreeStandingRange,"The range is freestanding, not built-in.",Yes,Yes,
,Property,Appliances,FreeStandingRefrigerator,,Appliances,FreeStandingRefrigerator,"The refrigerator is freestanding, not built-in.",Yes,Yes,
,Property,Appliances,Freezer,,Appliances,Freezer,The property includes a freezer.,Yes,Yes,
,Property,Appliances,GasCooktop,,Appliances,GasCooktop,"A cooktop or stove that produces heat by way of gas rather than electricity. An induction cooktop is electric, but not all electric cooktops are induction.",Yes,Yes,
,Property,Appliances,GasOven,,Appliances,GasOven,An oven that is heated by gas.,Yes,Yes,
,Property,Appliances,GasRange,,Appliances,GasRange,An oven and cooktop that generates heat by way of gas.,Yes,Yes,
,Property,Appliances,GasWaterHeater,,Appliances,GasWaterHeater,A water heater that heats the water with gas.,Yes,Yes,
,Property,Appliances,Humidifier,,Appliances,Humidifier,The property includes a humidity-control device or system.,Yes,Yes,
,Property,Appliances,IceMaker,,Appliances,IceMaker,The property includes an ice maker.,Yes,Yes,
,Property,Appliances,IndoorGrill,,Appliances,IndoorGrill,The property has an indoor grill.,Yes,Yes,
,Property,Appliances,InductionCooktop,,Appliances,InductionCooktop,The electric cooktop is based on magnetic induction rather than heating coils.,Yes,Yes,
,Property,Appliances,InstantHotWater,,Appliances,InstantHotWater,The property has a circulatory or instant hot water system.,Yes,Yes,
,Property,Appliances,Microwave,,Appliances,Microwave,The property includes a microwave.,Yes,Yes,
,Property,Appliances,None,,Appliances,None,The property includes no appliances.,Yes,Yes,
,Property,Appliances,Other,,Appliances,Other,The property includes appliances other than those available on this list.,Yes,Yes,
,Property,Appliances,Oven,,Appliances,Oven,The property includes an oven.,Yes,Yes,
,Property,Appliances,PlumbedForIceMaker,,Appliances,PlumbedForIceMaker,The property has plumbing for an ice maker.,Yes,Yes,
,Property,Appliances,PortableDishwasher,,Appliances,PortableDishwasher,The property includes a portable dishwasher.,Yes,Yes,
,Property,Appliances,PropaneCooktop,,Appliances,PropaneCooktop,The gas cooktop uses propane as its fuel and either has a local tank or runs on a housewide propane system.,Yes,Yes,
,Property,Appliances,Range,,Appliances,Range,"The property includes a range, which is a single unit that has both an oven and a cooktop.",Yes,Yes,
,Property,Appliances,RangeHood,,Appliances,RangeHood,The range has a hooded exhaust.,Yes,Yes,
,Property,Appliances,Refrigerator,,Appliances,Refrigerator,The property includes a refrigerator.,Yes,Yes,
,Property,Appliances,SelfCleaningOven,,Appliances,SelfCleaningOven,The oven included with the property has a self-cleaning feature.,Yes,Yes,
,Property,Appliances,SolarHotWater,,Appliances,SolarHotWater,The hot water heater has either a passive or active solar component.,Yes,Yes,
,Property,Appliances,StainlessSteelAppliances,,Appliances,StainlessSteelAppliances,Some or all of the appliances included in the property are stainless steal.,Yes,Yes,
,Property,Appliances,TanklessWaterHeater,,Appliances,TanklessWaterHeater,A tankless water heater is included with the property.,Yes,Yes,
,Property,Appliances,TrashCompactor,,Appliances,TrashCompactor,The property has a trash compactor.,Yes,Yes,
,Property,Appliances,VentedExhaustFan,,Appliances,VentedExhaustFan,The cooktop has an exhaust fan that is vented.,Yes,Yes,
,Property,Appliances,WarmingDrawer,,Appliances,WarmingDrawer,The property has a warming drawer.,Yes,Yes,
,Property,Appliances,Washer,,Appliances,Washer,The property includes a cloths washer.,Yes,Yes,
,Property,Appliances,WasherDryer,,Appliances,WasherDryer,The property includes a clothes washer and dryer.,Yes,Yes,
,Property,Appliances,WasherDryerStacked,,Appliances,WasherDryerStacked,The property has a stacked clothes washer and dryer.,Yes,Yes,
,Property,Appliances,WasherDryerAllowed,,Appliances,WasherDryerAllowed,The landlord of the unit listing permits tenants to add their own washer dryer.,Yes,Yes,
,Property,Appliances,WaterHeater,,Appliances,WaterHeater,The property has a water heater.,Yes,Yes,
,Property,Appliances,WaterPurifier,,Appliances,WaterPurifier,The property has a water purifier.,Yes,Yes,
,Property,Appliances,WaterSoftener,,Appliances,WaterSoftener,The property has a water-softening system.,Yes,Yes,
,Property,Appliances,WaterPurifierOwned,,Appliances,WaterPurifierOwned,The property has a water purifier that is owned and not rented/leased.,Yes,Yes,
,Property,Appliances,WaterPurifierRented,,Appliances,WaterPurifierRented,The property has a water purifier that is on a rental or lease agreement.,Yes,Yes,
,Property,Appliances,WaterSoftenerOwned,,Appliances,WaterSoftenerOwned,The property has a water-softening system that is owned and not rented/leased.,Yes,Yes,
,Property,Appliances,WaterSoftenerRented,,Appliances,WaterSoftenerRented,The property has a water-softening system that is on a rental or lease agreement.,Yes,Yes,
,Property,Appliances,WineCooler,,Appliances,WineCooler,The property includes a wine cooler.,Yes,Yes,
,Property,Appliances,WineRefrigerator,,Appliances,WineRefrigerator,The property includes a wine refrigerator.,Yes,Yes,
,Property,ArchitecturalStyle,ArtDeco,,ArchitecturalStyle,ArtDeco,"Art Deco buildings have a sleek, linear appearance with stylized, often geometric ornamentation. The primary façade of Art Deco buildings often feature a series of set backs that create a stepped outline. Low-relief decorative panels can be found at entrances, around windows, along roof edges or as string courses.",Yes,Yes,
,Property,ArchitecturalStyle,ArtNouveau,,ArchitecturalStyle,ArtNouveau,The Art Nouveau movement is a decorative style of art and architecture that embraced organic and natural forms to reject the mass-produced aesthetic of the Industrial Revolution. Art Nouveau style was popular from 1890 to 1910 throughout Europe and the United States.,Yes,Yes,
,Property,ArchitecturalStyle,BeauxArts,,ArchitecturalStyle,BeauxArts,"Beaux-Arts architecture was the academic architectural style taught at the École des Beaux-Arts in Paris, particularly from the 1830s to the end of the 19th century.",Yes,Yes,
,Property,ArchitecturalStyle,Brownstone,,ArchitecturalStyle,Brownstone,"A type of townhouse in New York City that's built from brownstone, a reddish-brown sandstone, and is known for its stately design and elegant carvings",Yes,Yes,
,Property,ArchitecturalStyle,Brutalist,,ArchitecturalStyle,Brutalist,"The style commonly makes use of exposed, unpainted concrete or brick, angular geometric shapes and a predominantly monochrome colour palette; other materials, such as steel, timber, and glass, are also featured.",Yes,Yes,
,Property,ArchitecturalStyle,CastIron,,ArchitecturalStyle,CastIron,"Cast-iron architecture is the use of cast iron in buildings and objects, ranging from bridges and markets to warehouses, balconies and fences.",Yes,Yes,
,Property,ArchitecturalStyle,Colonial,,ArchitecturalStyle,Colonial,"American Colonial homes are generally characterized by a square or rectangular facade, a central entrance and windows symmetrically placed on either side of the entrance. They are typically made of wood, stone or brick and will generally have uniformly sized doors and windows with shutters.",Yes,Yes,
,Property,ArchitecturalStyle,ContemporaryClassicism,,ArchitecturalStyle,ContemporaryClassicism,Contemporary Classical architecture is a contemporary movement in architecture that continues the practice of Classical architecture.,Yes,Yes,
,Property,ArchitecturalStyle,ContemporaryModern,,ArchitecturalStyle,ContemporaryModern,"Contemporary Modern may include elements of Modernism, sustainability, and new technological and engineering advancements.",Yes,Yes,
,Property,ArchitecturalStyle,Eclectic,,ArchitecturalStyle,Eclectic,"Eclecticism is an architectural style that flourished in the 19th and 20th-centuries. It refers to any design that incorporates elements of traditional motifs and styles, decorative aesthetics and ornaments, structural features, and so on, that originated from other cultures or architectural periods.",Yes,Yes,
,Property,ArchitecturalStyle,Federal,,ArchitecturalStyle,Federal,"A structure designed in the Federal style was usually square or rectangle-shaped with a hipped roof. Contrary to the exterior of the building, the interior rooms were often shaped octagonally.",Yes,Yes,
,Property,ArchitecturalStyle,GothicRevival,,ArchitecturalStyle,GothicRevival,"Gothic Revival style is the pointed arch, used for windows, doors, and decorative elements like porches, dormers, or roof gables. Other characteristic details include steeply pitched roofs and front facing gables with delicate wooden trim called vergeboards or bargeboards.",Yes,Yes,
,Property,ArchitecturalStyle,GreekRevival,,ArchitecturalStyle,GreekRevival,"Greek revival structures reflect the symmetry of ancient Greek structures and often resemble Greek temples. Common characteristics include columns or pilasters (square columns), often used on a portico, a covered entrance porch that might be small or run the entire length of a building's front.",Yes,Yes,
,Property,ArchitecturalStyle,International,,ArchitecturalStyle,International,"Flat roofed, asymmetrical and with bands of windows set into a rectangular form, International style buildings were a dramatic departure from past eras. Many European architects came to the United States in the period preceding World War II, bringing their new ideas about modern design with them.",Yes,Yes,
,Property,ArchitecturalStyle,Italianate,,ArchitecturalStyle,Italianate,"Italianate architecture is a style that originated in Italy in the 16th century and was popularized in the United States in the mid-19th century. Italianate architecture is known for its symmetry, low-pitched roofs, ornate decorative details, round-arched windows, and classical influences.",Yes,Yes,
,Property,ArchitecturalStyle,NeoColonial,,ArchitecturalStyle,NeoColonial,Neo-colonial architecture freely combine an assortment of historic styles using modern materials like vinyl and simulated stone.,Yes,Yes,
,Property,ArchitecturalStyle,NeoGeorgian,,ArchitecturalStyle,NeoGeorgian,"This enduring architectural style favours formality, symmetry and interiors that celebrate craftsmanship and natural light. The period spanning between 1714 and 1830 is when four British Kings – all named George – reigned in continuous succession.",Yes,Yes,
,Property,ArchitecturalStyle,NeoGrec,,ArchitecturalStyle,NeoGrec,"Neo-Grec was a Neoclassical Revival style of the mid-to-late 19th century that was popularized in architecture, the decorative arts, and in painting during France's Second Empire, or the reign of Napoleon III (1852–1870).",Yes,Yes,
,Property,ArchitecturalStyle,PostModernism,,ArchitecturalStyle,PostModernism,"Post-modernism is an eclectic, colourful style of architecture and the decorative arts that appeared from the late 1970s and continues in some form today. It emerged as a reaction to Modernism and the Modern Movement and the dogmas associated with it.",Yes,Yes,
,Property,ArchitecturalStyle,Prewar,,ArchitecturalStyle,Prewar,The building was built between 1900 and World War II.,Yes,Yes,
,Property,ArchitecturalStyle,QueenAnne,,ArchitecturalStyle,QueenAnne,"Queen Anne style architecture was one of a number of popular Victorian architectural styles that emerged in the United States during the period from roughly 1880 to 1910. Popular there during this time, it followed the Second Empire and Stick styles and preceded the Richardsonian Romanesque and Shingle styles.",Yes,Yes,
,Property,ArchitecturalStyle,ReniassanceRevival,,ArchitecturalStyle,ReniassanceRevival,Renaissance Revival architecture is a group of 19th-century architectural revival styles which were neither Greek Revival nor Gothic Revival but which instead drew inspiration from a wide range of classicizing Italian modes.,Yes,Yes,
,Property,ArchitecturalStyle,Romanesque,,ArchitecturalStyle,Romanesque,"Romanesque architecture is an architectural style of medieval Europe characterized by semi-circular arches. There is no consensus for the beginning date of the Romanesque style, with proposals ranging from the 6th to the 11th century, this later date being the most commonly held.",Yes,Yes,
,Property,ArchitecturalStyle,SecondEmpire,,ArchitecturalStyle,SecondEmpire,"Second Empire style, also known as the Napoleon III style, is a highly eclectic style of architecture and decorative arts, which uses elements of many different historical styles, and also made innovative use of modern materials, such as iron frameworks and glass skylights.",Yes,Yes,
,Property,AboveGradeFinishedAreaSource,Appraiser,,AreaSource,Appraiser,An appraiser provided the measurement of the area,Yes,Yes,
,Property,BelowGradeFinishedAreaSource,Appraiser,,AreaSource,Appraiser,An appraiser provided the measurement of the area,Yes,Yes,
,Property,BuildingAreaSource,Appraiser,,AreaSource,Appraiser,An appraiser provided the measurement of the area,Yes,Yes,
,Property,LivingAreaSource,Appraiser,,AreaSource,Appraiser,An appraiser provided the measurement of the area,Yes,Yes,
,Property,LotSizeSource,Appraiser,,AreaSource,Appraiser,An appraiser provided the measurement of the area,Yes,Yes,
,Property,AboveGradeFinishedAreaSource,Assessor,,AreaSource,Assessor,The assessor provided the measurement of the area.,Yes,Yes,
,Property,BelowGradeFinishedAreaSource,Assessor,,AreaSource,Assessor,The assessor provided the measurement of the area.,Yes,Yes,
,Property,BuildingAreaSource,Assessor,,AreaSource,Assessor,The assessor provided the measurement of the area.,Yes,Yes,
,Property,LivingAreaSource,Assessor,,AreaSource,Assessor,The assessor provided the measurement of the area.,Yes,Yes,
,Property,LotSizeSource,Assessor,,AreaSource,Assessor,The assessor provided the measurement of the area.,Yes,Yes,
,Property,AboveGradeFinishedAreaSource,Builder,,AreaSource,Builder,The builder provided the measurement of the area.,Yes,Yes,
,Property,BelowGradeFinishedAreaSource,Builder,,AreaSource,Builder,The builder provided the measurement of the area.,Yes,Yes,
,Property,BuildingAreaSource,Builder,,AreaSource,Builder,The builder provided the measurement of the area.,Yes,Yes,
,Property,LivingAreaSource,Builder,,AreaSource,Builder,The builder provided the measurement of the area.,Yes,Yes,
,Property,LotSizeSource,Builder,,AreaSource,Builder,The builder provided the measurement of the area.,Yes,Yes,
,Property,AboveGradeFinishedAreaSource,Estimated,,AreaSource,Estimated,The measurement of the area is an estimate.,Yes,Yes,
,Property,BelowGradeFinishedAreaSource,Estimated,,AreaSource,Estimated,The measurement of the area is an estimate.,Yes,Yes,
,Property,BuildingAreaSource,Estimated,,AreaSource,Estimated,The measurement of the area is an estimate.,Yes,Yes,
,Property,LivingAreaSource,Estimated,,AreaSource,Estimated,The measurement of the area is an estimate.,Yes,Yes,
,Property,LotSizeSource,Estimated,,AreaSource,Estimated,The measurement of the area is an estimate.,Yes,Yes,
,Property,AboveGradeFinishedAreaSource,Other,,AreaSource,Other,The measurement of the area was provided by another party not listed.,Yes,Yes,
,Property,BelowGradeFinishedAreaSource,Other,,AreaSource,Other,The measurement of the area was provided by another party not listed.,Yes,Yes,
,Property,BuildingAreaSource,Other,,AreaSource,Other,The measurement of the area was provided by another party not listed.,Yes,Yes,
,Property,LivingAreaSource,Other,,AreaSource,Other,The measurement of the area was provided by another party not listed.,Yes,Yes,
,Property,LotSizeSource,Other,,AreaSource,Other,The measurement of the area was provided by another party not listed.,Yes,Yes,
,Property,AboveGradeFinishedAreaSource,Owner,,AreaSource,Owner,The owner provided the measurement of the area.,Yes,Yes,
,Property,BelowGradeFinishedAreaSource,Owner,,AreaSource,Owner,The owner provided the measurement of the area.,Yes,Yes,
,Property,BuildingAreaSource,Owner,,AreaSource,Owner,The owner provided the measurement of the area.,Yes,Yes,
,Property,LivingAreaSource,Owner,,AreaSource,Owner,The owner provided the measurement of the area.,Yes,Yes,
,Property,LotSizeSource,Owner,,AreaSource,Owner,The owner provided the measurement of the area.,Yes,Yes,
,Property,AboveGradeFinishedAreaSource,Plans,,AreaSource,Plans,The measurement of the area was taken from building plans.,Yes,Yes,
,Property,BelowGradeFinishedAreaSource,Plans,,AreaSource,Plans,The measurement of the area was taken from building plans.,Yes,Yes,
,Property,BuildingAreaSource,Plans,,AreaSource,Plans,The measurement of the area was taken from building plans.,Yes,Yes,
,Property,LivingAreaSource,Plans,,AreaSource,Plans,The measurement of the area was taken from building plans.,Yes,Yes,
,Property,LotSizeSource,Plans,,AreaSource,Plans,The measurement of the area was taken from building plans.,Yes,Yes,
,Property,AboveGradeFinishedAreaSource,PublicRecords,,AreaSource,PublicRecords,The measurement of the area was received from public records.,Yes,Yes,
,Property,BelowGradeFinishedAreaSource,PublicRecords,,AreaSource,PublicRecords,The measurement of the area was received from public records.,Yes,Yes,
,Property,BuildingAreaSource,PublicRecords,,AreaSource,PublicRecords,The measurement of the area was received from public records.,Yes,Yes,
,Property,LivingAreaSource,PublicRecords,,AreaSource,PublicRecords,The measurement of the area was received from public records.,Yes,Yes,
,Property,LotSizeSource,PublicRecords,,AreaSource,PublicRecords,The measurement of the area was received from public records.,Yes,Yes,
,Property,AboveGradeFinishedAreaSource,SeeRemarks,,AreaSource,SeeRemarks,See remarks for information about the source of the area measurement.,Yes,Yes,
,Property,BelowGradeFinishedAreaSource,SeeRemarks,,AreaSource,SeeRemarks,See remarks for information about the source of the area measurement.,Yes,Yes,
,Property,BuildingAreaSource,SeeRemarks,,AreaSource,SeeRemarks,See remarks for information about the source of the area measurement.,Yes,Yes,
,Property,LivingAreaSource,SeeRemarks,,AreaSource,SeeRemarks,See remarks for information about the source of the area measurement.,Yes,Yes,
,Property,LotSizeSource,SeeRemarks,,AreaSource,SeeRemarks,See remarks for information about the source of the area measurement.,Yes,Yes,
,Property,AboveGradeFinishedAreaUnits,SquareFeet,,AreaUnits,SquareFeet,The value reported in the related Area field is in square feet.,Yes,Yes,
,Property,BelowGradeFinishedAreaUnits,SquareFeet,,AreaUnits,SquareFeet,The value reported in the related Area field is in square feet.,Yes,Yes,
,Property,BuildingAreaUnits,SquareFeet,,AreaUnits,SquareFeet,The value reported in the related Area field is in square feet.,Yes,Yes,
,Property,LivingAreaUnits,SquareFeet,,AreaUnits,SquareFeet,The value reported in the related Area field is in square feet.,Yes,Yes,
,Property,LotSizeUnits,SquareFeet,,AreaUnits,SquareFeet,The value reported in the related Area field is in square feet.,Yes,Yes,
,Property,AboveGradeFinishedAreaUnits,SquareMeters,,AreaUnits,SquareMeters,The value reported in the related Area field is in square meters.,Yes,Yes,
,Property,BelowGradeFinishedAreaUnits,SquareMeters,,AreaUnits,SquareMeters,The value reported in the related Area field is in square meters.,Yes,Yes,
,Property,BuildingAreaUnits,SquareMeters,,AreaUnits,SquareMeters,The value reported in the related Area field is in square meters.,Yes,Yes,
,Property,LivingAreaUnits,SquareMeters,,AreaUnits,SquareMeters,The value reported in the related Area field is in square meters.,Yes,Yes,
,Property,LotSizeUnits,SquareMeters,,AreaUnits,SquareMeters,The value reported in the related Area field is in square meters.,Yes,Yes,
,Property,AssociationFeeIncludes,CableTv,,AssociationFeeIncludes,CableTv,Cable TV is included in the fee paid to the homeowner association.,Yes,Yes,
,Property,AssociationFeeIncludes,MaintenanceGrounds,,AssociationFeeIncludes,MaintenanceGrounds,Maintenance of the grounds includes lawns and common areas but not exterior structures.,Yes,Yes,
,Property,AssociationFeeIncludes,EarthquakeInsurance,,AssociationFeeIncludes,EarthquakeInsurance,Earthquake insurance is included in the fee paid to the homeowner association.,Yes,Yes,
,Property,AssociationFeeIncludes,Electricity,,AssociationFeeIncludes,Electricity,Electricity is included in the fee paid to the homeowner association.,Yes,Yes,
,Property,AssociationFeeIncludes,MaintenanceStructure,,AssociationFeeIncludes,MaintenanceStructure,"Maintenance of the exterior of the structure includes roofing, walls, exterior structures but does not include the grounds.",Yes,Yes,
,Property,AssociationFeeIncludes,Gas,,AssociationFeeIncludes,Gas,Gas is included in the fee paid to the homeowner association.,Yes,Yes,
,Property,AssociationFeeIncludes,Insurance,,AssociationFeeIncludes,Insurance,Insurance is included in the fee paid to the homeowner association.,Yes,Yes,
,Property,AssociationFeeIncludes,Internet,,AssociationFeeIncludes,Internet,"Internet access is included with the homeowner association dues paid by the owner. Questions about the means of access (e.g., Wi-Fi, Ethernet), the speed of the access and other information about the Internet Service Provider (ISP) may be directed to the homeowner association.",Yes,Yes,
,Property,AssociationFeeIncludes,PestControl,,AssociationFeeIncludes,PestControl,Pest control is included in the fee paid to the association.,Yes,Yes,
,Property,AssociationFeeIncludes,Security,,AssociationFeeIncludes,Security,Security is included in the fee paid to the association.,Yes,Yes,
,Property,AssociationFeeIncludes,Sewer,,AssociationFeeIncludes,Sewer,Sewer is included in the fee paid to the association.,Yes,Yes,
,Property,AssociationFeeIncludes,SnowRemoval,,AssociationFeeIncludes,SnowRemoval,Snow removal is included in the fee paid to the association.,Yes,Yes,
,Property,AssociationFeeIncludes,Trash,,AssociationFeeIncludes,Trash,Trash is included in the fee paid to the association.,Yes,Yes,
,Property,AssociationFeeIncludes,Utilities,,AssociationFeeIncludes,Utilities,Utilities are included in the fee paid to the association.,Yes,Yes,
,Property,AssociationFeeIncludes,Water,,AssociationFeeIncludes,Water,Water is included in the fee paid to the association.,Yes,Yes,
,Property,AttendanceType,ConciergeFullTime,,AttendanceType,ConciergeFullTime,The building or complex is attended by a full-time concierge.,Yes,Yes,
,Property,AttendanceType,ConciergePartTime,,AttendanceType,ConciergePartTime,The building or complex is attended by a part-time concierge.,Yes,Yes,
,Property,AttendanceType,ConciergeYes,,AttendanceType,ConciergeYes,The building or complex has concierge staff.,Yes,Yes,
,Property,AttendanceType,DoormanFullTime,,AttendanceType,DoormanFullTime,The building or complex is attended by a full-time doorman.,Yes,Yes,
,Property,AttendanceType,DoormanPartTime,,AttendanceType,DoormanPartTime,The building or complex is attended by a part-time doorman.,Yes,Yes,
,Property,AttendanceType,DoormanYes,,AttendanceType,DoormanYes,The building or complex has doorman staff.,Yes,Yes,
,Property,AttendanceType,ElevatorAttendanceFullTime,,AttendanceType,ElevatorAttendanceFullTime,The building or complex's elevator is attended full-time.,Yes,Yes,
,Property,AttendanceType,ElevatorAttendancePartTime,,AttendanceType,ElevatorAttendancePartTime,The building or complex's elevator is attended part-time.,Yes,Yes,
,Property,AttendanceType,ElevatorAttendanceYes,,AttendanceType,ElevatorAttendanceYes,The building or complex has elevator attendance staff.,Yes,Yes,
,Property,AttendanceType,LobbyAttendantFullTime,,AttendanceType,LobbyAttendantFullTime,The building or complex is attended by a full-time lobby attendant.,Yes,Yes,
,Property,AttendanceType,LobbyAttendantPartTime,,AttendanceType,LobbyAttendantPartTime,The building or complex is attended by a part-time lobby attendant.,Yes,Yes,
,Property,AttendanceType,LobbyAttendantYes,,AttendanceType,LobbyAttendantYes,The building or complex has lobby attendant staff.,Yes,Yes,
,Property,AttendanceType,None,,AttendanceType,None,The building or complex does not have any sort of attendant staff.,Yes,Yes,
,Property,AttendanceType,VideoDoormanFullTime,,AttendanceType,VideoDoormanFullTime,The building or complex is attended by a video doorman full-time.,Yes,Yes,
,Property,AttendanceType,VideoDoormanPartTime,,AttendanceType,VideoDoormanPartTime,The building or complex is attended by a video doorman part-time.,Yes,Yes,
,Property,AttendanceType,VideoDoormanYes,,AttendanceType,VideoDoormanYes,The building or complex is attended by a video doorman.,Yes,Yes,
,Property,Basement,Apartment,,Basement,Apartment,The basement is set up as an apartment living space.,Yes,Yes,
,Property,Basement,BathStubbed,,Basement,BathStubbed,The basement is stubbed for a bathroom.,Yes,Yes,
,Property,Basement,Block,,Basement,Block,The basement has block construction.,Yes,Yes,
,Property,Basement,Concrete,,Basement,Concrete,The basement has a concrete floor and/or walls.,Yes,Yes,
,Property,Basement,CrawlSpace,,Basement,CrawlSpace,The basement is/has a crawl space.,Yes,Yes,
,Property,Basement,Daylight,,Basement,Daylight,The basement has natural lighting.,Yes,Yes,
,Property,Basement,DirtFloor,,Basement,DirtFloor,The basement has a dirt floor.,Yes,Yes,
,Property,Basement,ExteriorEntry,,Basement,ExteriorEntry,The basement has an exterior entry.,Yes,Yes,
,Property,Basement,Finished,,Basement,Finished,"The basement is finished to a given standard of completion (e.g., underlayment and flooring; walls framed, insulated, drywalled and painted).",Yes,Yes,
,Property,Basement,FrenchDrain,,Basement,FrenchDrain,The basement has a French drain.,Yes,Yes,
,Property,Basement,Full,,Basement,Full,The basement fills the entire space under the house.,Yes,Yes,
,Property,Basement,InteriorEntry,,Basement,InteriorEntry,The basement has an interior entry.,Yes,Yes,
,Property,Basement,None,,Basement,None,The property has no basement.,Yes,Yes,
,Property,Basement,Other,,Basement,Other,The basement has features or attributes other than those listed in this field.,Yes,Yes,
,Property,Basement,Partial,,Basement,Partial,The basement partially fills the space under the house.,Yes,Yes,
,Property,Basement,PartiallyFinished,,Basement,PartiallyFinished,"The basement is partially finished. Some finishing work is done but not all (e.g., underlayment and flooring; walls are framed, insulated, drywalled and painted).",Yes,Yes,
,Property,Basement,StorageSpace,,Basement,StorageSpace,The basement has storage space.,Yes,Yes,
,Property,Basement,SumpPump,,Basement,SumpPump,The basement has a sump pump.,Yes,Yes,
,Property,Basement,Unfinished,,Basement,Unfinished,The basement is unfinished.,Yes,Yes,
,Property,Basement,WalkOutAccess,,Basement,WalkOutAccess,A structure where the basement space is directly accessible from the outside with the entryway level with the ground.,Yes,Yes,
,Property,Basement,WalkUpAccess,,Basement,WalkUpAccess,A structure where the basement space is directly accessible from the outside with the entryway below ground and usually exterior stairs leading up to the ground level.,Yes,Yes,
,Property,BathroomCondition,Excellent,,BathroomCondition,Excellent,"1. Well Maintained and upgraded and/or quality building materials.
2. These properties are fully financeable in their current state.
3. If the interior is viewed, the appliances are up to date and are of high quality.
4. Many upgrades. Modern. Include newly renovated.",Yes,Yes,
,Property,BathroomCondition,Fair,,BathroomCondition,Fair,"1. Maintained and evidence of typical wear and tear for age and neighborhood.
2. Any deferred maintenance can be resolved and is mostly cosmetic in nature.
3. These properties are fully financeable in their current state.
4. If the interior is viewed, the appliances are of adequate functionality.
5. Will need maintenance/upgrades.",Yes,Yes,
,Property,BathroomCondition,Good,,BathroomCondition,Good,"1. Well maintained and few/no evidence of deferred maintenance.
2. Very minimal deferred maintenance can be quickly resolved and is only cosmetic in nature.
3. Some upgrades typical in market.
4. These properties are fully financeable in their current state.
5. If the interior is viewed, the appliances are up to date and are of good quality but not necessarily high quality.",Yes,Yes,
,Property,BathroomCondition,New,,BathroomCondition,New,"Brand new bathroom, never have been used.",Yes,Yes,
,Property,BathroomCondition,Poor,,BathroomCondition,Poor,"1. Uninhabitable, dilapidated, fire damaged, flooded, vandalized.
2. Major repairs needed.
3. These properties are not financeable in their current state.
4. If the interior is viewed, the appliances are out of date with suspect functionality.",Yes,Yes,
,Property,BathroomCondition,Wrecked,,BathroomCondition,Wrecked,Bathroom is beyond poor.,Yes,Yes,
,Property,BuildingAccessibilityFeatures,AccessibleApproachWithRamp,,BuildingAccessibilityFeatures,AccessibleApproachWithRamp,"A minimum of one entrance to the structure with clear, evenly-paved walkway from parking area or pedestrian arrival area; Path of travel does not include a running slope in excess of 1:12 (8.33%); a cross slope exceeding 1:50 (2%); nor level changes of more than 1/2 inch; if slope is over 5%, handrails are required. Level landing; 32 inch clear width opening doors; and adequate lighting on pathway and landing. This is required to be considered ""Visitable"".",Yes,Yes,
,Property,BuildingAccessibilityFeatures,AccessibleCommonArea,,BuildingAccessibilityFeatures,AccessibleCommonArea,"Common Area, used for entertaining guests, is level, with 36-inch passage through and around the space. Required to be considered Visitable.",Yes,Yes,
,Property,BuildingAccessibilityFeatures,AccessibleDoors,,BuildingAccessibilityFeatures,AccessibleDoors,"Minimum 32 inches clear passage; levered handle; threshold, if present, maximum 1/2-inch, but beveled on both sides when over 1/4 inch. Required to be considered Visitable or Enhanced Accessible.",Yes,Yes,
,Property,BuildingAccessibilityFeatures,AccessibleElectricalAndEnvironmentalControls,,BuildingAccessibilityFeatures,AccessibleElectricalAndEnvironmentalControls,Thermostats and security system controls located on floor with central living area. Control devices for light switches and thermostats at 42-48 inches height off floor and side- to-side. Electrical plugs minimum of 18 inches above floor. This is required to be considered Enhanced Accessible. Optional: Rocker-style light switches; Lighted switches; Automatic/remote control for environmental controls.,Yes,Yes,
,Property,BuildingAccessibilityFeatures,AccessibleElevatorInstalled,,BuildingAccessibilityFeatures,AccessibleElevatorInstalled,"Elevator with minimum 32"" door and minimum 36"" x 48"" turning radius.",Yes,Yes,
,Property,BuildingAccessibilityFeatures,AccessibleEntrance,,BuildingAccessibilityFeatures,AccessibleEntrance,"Entrance door is a minimum of 32 inches wide; threshold , when present, maximum 1/2-inch, but when over 1/4-inch, is beveled on both sides. The entry door has lever handle for egress. This is required to be considered Visitable. Optional: Entryway is covered; Bench near outside entry door; Motion-detection outside lights. Accessible peephole or other method for inside viewing of anyone outside the entry door. Building number easily visible from street by emergency responders.",Yes,Yes,
,Property,BuildingAccessibilityFeatures,AccessibleForHearingImpairment,,BuildingAccessibilityFeatures,AccessibleForHearingImpairment,"Building is wired for flashing lights and/or vibrating smoke alarm, door bell, other alerting features.",Yes,Yes,
,Property,BuildingAccessibilityFeatures,AccessibleHallways,,BuildingAccessibilityFeatures,AccessibleHallways,"Hallway is minimum 36, preferred 42 inches wide (or adequate alternative based on individual configuration). At least one lighting fixture is present.",Yes,Yes,
,Property,BuildingAccessibilityFeatures,AccessibleStairway,,BuildingAccessibilityFeatures,AccessibleStairway,"Handrails on both sides of stairs, extended when possible, with shear force of 250 pounds. Interior and exterior stairs have adequate number of light fixtures for full coverage. Non-slip stair treads. If stairs are carpeted, covering is non-moveable, low-pile carpet. This is required to be considered Enhanced Accessible. Optional: Stair treads are in high contrast colors for increased visibility.",Yes,Yes,
,Property,BuildingAccessibilityFeatures,AdaptableForElevator,,BuildingAccessibilityFeatures,AdaptableForElevator,Stacked closets in a multi-story house for possible future conversion to an elevator.,Yes,Yes,
,Property,BuildingAccessibilityFeatures,BuildingADACompliant,,BuildingAccessibilityFeatures,BuildingADACompliant,Building is ADA compliant.,Yes,Yes,
,Property,BuildingAccessibilityFeatures,BuildingWheelchairAccessible,,BuildingAccessibilityFeatures,BuildingWheelchairAccessible,If the building is wheelchair accessible.,Yes,Yes,
,Property,BuildingAccessibilityFeatures,CeilingTrack,,BuildingAccessibilityFeatures,CeilingTrack,Track installed in ceiling for lift chair (Hoyer lift).,Yes,Yes,
,Property,BuildingAccessibilityFeatures,CommonArea,,BuildingAccessibilityFeatures,CommonArea,"The Common Area is the portion of the building near accessible entrance, used for entertaining guests.",Yes,Yes,
,Property,BuildingAccessibilityFeatures,CustomizedWheelchairAccessible,,BuildingAccessibilityFeatures,CustomizedWheelchairAccessible,Customized accessibility for specific size or style of wheelchair or scooter.,Yes,Yes,
,Property,BuildingAccessibilityFeatures,ElectronicEnvironmentalControls,,BuildingAccessibilityFeatures,ElectronicEnvironmentalControls,"Programmable electronic controls for thermostat, lights, security system and automatic doors.",Yes,Yes,
,Property,BuildingAccessibilityFeatures,EnhancedAccessible,,BuildingAccessibilityFeatures,EnhancedAccessible,"The Central Living Area is fully accessible for lifelong living by all residents, no matter their ability. A person in a wheel chair or with other disability is able to perform all personal and housekeeping tasks. Persons without disabilities are also able to perform basic tasks with greater ease. To be considered ""Enhanced Accessible"" the building also includes all ""Visitable"" features.",Yes,Yes,
,Property,BuildingAccessibilityFeatures,ExteriorWheelchairLift,,BuildingAccessibilityFeatures,ExteriorWheelchairLift,Mechanical wheelchair lift is installed outside the building to facilitate barrier-free approach.,Yes,Yes,
,Property,BuildingAccessibilityFeatures,GripAccessibleFeatures,,BuildingAccessibilityFeatures,GripAccessibleFeatures,"All doors, faucets and other mechanisms throughout common area are lever, hands-free or other style that can be controlled with a closed, clenched fist or weak hands. This is required to be considered Enhanced Accessible. Optional: Wire pull (D-ring) handles or equivalent or easy touch latches on cabinets and drawers.",Yes,Yes,
,Property,BuildingAccessibilityFeatures,ReinforcedFloors,,BuildingAccessibilityFeatures,ReinforcedFloors,"Reinforced floors for bariatric needs, power wheelchairs, therapeutic tub or heavy medical equipment.",Yes,Yes,
,Property,BuildingAccessibilityFeatures,SafeEmergencyEgressfromHome,,BuildingAccessibilityFeatures,SafeEmergencyEgressfromHome,"Minimum two, no-step, accessible egresses from Central Living Area. Window locks are 19 to 54 inches from the floor and can be opened with a closed fist. Emergency egress windows in sleeping areas require minimal effort to open. This is required to be considered Enhanced Accessible.",Yes,Yes,
,Property,BuildingAccessibilityFeatures,SmartTechnology,,BuildingAccessibilityFeatures,SmartTechnology,"Smart Home (computer-controlled) and/or smart products— for example, voice activated controls, voice reminder, remote monitoring of individuals with dementia.",Yes,Yes,
,Property,BuildingAccessibilityFeatures,StairLift,,BuildingAccessibilityFeatures,StairLift,Stair lift with motorized rail to climb interior or exterior stairway installed professionally.,Yes,Yes,
,Property,BuildingAccessibilityFeatures,StandbyGenerator,,BuildingAccessibilityFeatures,StandbyGenerator,"Backup generator for refrigeration of medications, life-sustaining medical equipment or essential room temperature control.",Yes,Yes,
,Property,BuildingAccessibilityFeatures,TherapeuticWhirlpool,,BuildingAccessibilityFeatures,TherapeuticWhirlpool,"Therapeutic whirlpool, properly installed.",Yes,Yes,
,Property,BuildingAccessibilityFeatures,Visitable,,BuildingAccessibilityFeatures,Visitable,"The building is “visitable” for all guests: a person in a wheel chair can easily enter the home and access the main Common Area, a half-bathroom at minimum, and the hall leading to that bathroom.",Yes,Yes,
,Property,BuildingAccessibilityFeatures,VisitorBathroom,,BuildingAccessibilityFeatures,VisitorBathroom,"Bathroom that is closest to Common Area. Minimum half bath. Door has minimum 32-inch clear width opening; lever handles. Minimum 60-inch turnaround or other approved turnaround configuration (30"" x 48"" clear space if door opens out.). Grab bar installed in toilet area with proper blocking. This is required to be considered Visitable.",Yes,Yes,
,Property,BuildingAccessibilityFeatures,WalkerAccessibleStairs,,BuildingAccessibilityFeatures,WalkerAccessibleStairs,"Treads are minimum 25 inches deep, with maximum 4 inches rise, minimum 36 inches wide. May be a custom feature in addition to approach with ramp.",Yes,Yes,
,Property,BuildingCondition,Excellent,,BuildingCondition,Excellent,,Yes,Yes,
,Property,BuildingCondition,Fair,,BuildingCondition,Fair,,Yes,Yes,
,Property,BuildingCondition,Fixer,,BuildingCondition,Fixer,"The property is a ""fixer"" or property in need of moderate or extensive repair.",Yes,Yes,
,Property,BuildingCondition,Good,,BuildingCondition,Good,,Yes,Yes,
,Property,BuildingCondition,New,,BuildingCondition,New,,Yes,Yes,
,Property,BuildingCondition,NewConstruction,,BuildingCondition,NewConstruction,The property is newly built.,Yes,Yes,
,Property,BuildingCondition,Poor,,BuildingCondition,Poor,,Yes,Yes,
,Property,BuildingCondition,UnderConstruction,,BuildingCondition,UnderConstruction,The property is still under construction and building has not been completed.,Yes,Yes,
,Property,BuildingCondition,UpdatedRemodeled,,BuildingCondition,UpdatedRemodeled,The property has been remolded or updated is some fashion.,Yes,Yes,
,Property,BuildingCondition,Wrecked,,BuildingCondition,Wrecked,,Yes,Yes,
,Property,BuildingCooling,AtticFan,,BuildingCooling,AtticFan,The property has an attic fan.,Yes,Yes,
,Property,BuildingCooling,BuildingCooling,,BuildingCooling,BuildingCooling,The building has a cooling system.,Yes,Yes,
,Property,BuildingCooling,CeilingFans,,BuildingCooling,CeilingFans,The property has one or more ceiling fans.,Yes,Yes,
,Property,BuildingCooling,CentralAir,,BuildingCooling,CentralAir,The property has central air conditioning.,Yes,Yes,
,Property,BuildingCooling,Dual,,BuildingCooling,Dual,The cooling system has two units.,Yes,Yes,
,Property,BuildingCooling,Ductless,,BuildingCooling,Ductless,"The cooling system does not have ducted or a wall/window-type unit. A mini-split is a common type of ductless system where an outdoor condenser is connected to an indoor fan unit that feeds the room in which it's located, rather than being ducted throughout the structure.",Yes,Yes,
,Property,BuildingCooling,Electric,,BuildingCooling,Electric,The cooling system is powered by electricity.,Yes,Yes,
,Property,BuildingCooling,EnergyStarQualifiedEquipment,,BuildingCooling,EnergyStarQualifiedEquipment,The cooling system is qualified as ENERGY STAR.,Yes,Yes,
,Property,BuildingCooling,EvaporativeCooling,,BuildingCooling,EvaporativeCooling,The cooling system works by way of water evaporation rather than a compressor and coolant. Evaporative cooling systems are often referred to as swamp coolers.,Yes,Yes,
,Property,BuildingCooling,ExhaustFan,,BuildingCooling,ExhaustFan,The structure has an exhaust fan.,Yes,Yes,
,Property,BuildingCooling,Gas,,BuildingCooling,Gas,The cooling system is powered by gas.,Yes,Yes,
,Property,BuildingCooling,Geothermal,,BuildingCooling,Geothermal,The cooling system runs on a geothermal source.,Yes,Yes,
,Property,BuildingCooling,HeatPump,,BuildingCooling,HeatPump,"A system that exchanges heat between a warm and cool space. The heat exchange is done between the dwelling and another air space, like outdoors; or a water source; or below ground (geothermal).",Yes,Yes,
,Property,BuildingCooling,HumidityControl,,BuildingCooling,HumidityControl,The cooling system includes humidity control.,Yes,Yes,
,Property,BuildingCooling,MultiUnits,,BuildingCooling,MultiUnits,The cooling system includes more than one unit.,Yes,Yes,
,Property,BuildingCooling,None,,BuildingCooling,None,The property includes no cooling system.,Yes,Yes,
,Property,BuildingCooling,Other,,BuildingCooling,Other,The cooling system is different or has features that are not included on this list.,Yes,Yes,
,Property,BuildingCooling,RoofTurbines,,BuildingCooling,RoofTurbines,The cooling system utilizes a roof turbine.,Yes,Yes,
,Property,BuildingCooling,SeparateMeters,,BuildingCooling,SeparateMeters,The cooling system has separate meters for its multiple units/zones.,Yes,Yes,
,Property,BuildingCooling,VariesByUnit,,BuildingCooling,VariesByUnit,The cooling equipment varies by unit.,Yes,Yes,
,Property,BuildingCooling,WallUnits,,BuildingCooling,WallUnits,The cooling system is mounted in an opening in the wall or in a window.,Yes,Yes,
,Property,BuildingCooling,WallWindowUnits,,BuildingCooling,WallWindowUnits,The cooling system is stand alone and mounted in an opening in an outer wall.,Yes,Yes,
,Property,BuildingCooling,WholeHouseFan,,BuildingCooling,WholeHouseFan,The property has a whole house fan.,Yes,Yes,
,Property,BuildingCooling,WindowUnits,,BuildingCooling,WindowUnits,The cooling system is window mounted.,Yes,Yes,
,Property,BuildingCooling,Zoned,,BuildingCooling,Zoned,The cooling system has more than one zone.,Yes,Yes,
,Property,BuildingExteriorFeatures,Awnings,,BuildingExteriorFeatures,Awnings,The building has one or more awnings on it's exterior.,Yes,Yes,
,Property,BuildingExteriorFeatures,Balcony,,BuildingExteriorFeatures,Balcony,The building has an exterior balcony.,Yes,Yes,
,Property,BuildingExteriorFeatures,Barbecue,,BuildingExteriorFeatures,Barbecue,The building has an outdoors barbeque.,Yes,Yes,
,Property,BuildingExteriorFeatures,BasketballCourt,,BuildingExteriorFeatures,BasketballCourt,The building has an basketball court.,Yes,Yes,
,Property,BuildingExteriorFeatures,BoatSlip,,BuildingExteriorFeatures,BoatSlip,The building has a boat slip.,Yes,Yes,
,Property,BuildingExteriorFeatures,BuildingCourtyard,,BuildingExteriorFeatures,BuildingCourtyard,The building has a courtyard.,Yes,Yes,
,Property,BuildingExteriorFeatures,BuildingGarden,,BuildingExteriorFeatures,BuildingGarden,The building has a garden.,Yes,Yes,
,Property,BuildingExteriorFeatures,BuildingRoofDeck,,BuildingExteriorFeatures,BuildingRoofDeck,The building has roof deck for access.,Yes,Yes,
,Property,BuildingExteriorFeatures,BuiltInBarbecue,,BuildingExteriorFeatures,BuiltInBarbecue,The building has a built-in outdoor barbeque.,Yes,Yes,
,Property,BuildingExteriorFeatures,Courtyard,,BuildingExteriorFeatures,Courtyard,The building has a courtyard.,Yes,Yes,
,Property,BuildingExteriorFeatures,CoveredCourtyard,,BuildingExteriorFeatures,CoveredCourtyard,The building has a covered courtyard.,Yes,Yes,
,Property,BuildingExteriorFeatures,Dock,,BuildingExteriorFeatures,Dock,The building has a dock.,Yes,Yes,
,Property,BuildingExteriorFeatures,DogRun,,BuildingExteriorFeatures,DogRun,The building has a dog run.,Yes,Yes,
,Property,BuildingExteriorFeatures,ElectricGrill,,BuildingExteriorFeatures,ElectricGrill,The building has an outdoor electric grill.,Yes,Yes,
,Property,BuildingExteriorFeatures,FirePit,,BuildingExteriorFeatures,FirePit,The building has an outdoor fire pit.,Yes,Yes,
,Property,BuildingExteriorFeatures,Garden,,BuildingExteriorFeatures,Garden,The building has a garden.,Yes,Yes,
,Property,BuildingExteriorFeatures,GasGrill,,BuildingExteriorFeatures,GasGrill,The building has an outdoor gas grill.,Yes,Yes,
,Property,BuildingExteriorFeatures,GrayWaterSystem,,BuildingExteriorFeatures,GrayWaterSystem,The building has a grey water system.,Yes,Yes,
,Property,BuildingExteriorFeatures,Kennel,,BuildingExteriorFeatures,Kennel,The building has a kennel.,Yes,Yes,
,Property,BuildingExteriorFeatures,Lighting,,BuildingExteriorFeatures,Lighting,The building has exterior lighting.,Yes,Yes,
,Property,BuildingExteriorFeatures,MistingSystem,,BuildingExteriorFeatures,MistingSystem,The building has a misting system.,Yes,Yes,
,Property,BuildingExteriorFeatures,None,,BuildingExteriorFeatures,None,The building has no exterior features.,Yes,Yes,
,Property,BuildingExteriorFeatures,Other,,BuildingExteriorFeatures,Other,The building has exterior features other than those in this list.,Yes,Yes,
,Property,BuildingExteriorFeatures,OutdoorGrill,,BuildingExteriorFeatures,OutdoorGrill,The building has an outdoor grill.,Yes,Yes,
,Property,BuildingExteriorFeatures,OutdoorKitchen,,BuildingExteriorFeatures,OutdoorKitchen,The building has an outdoor kitchen.,Yes,Yes,
,Property,BuildingExteriorFeatures,OutdoorShower,,BuildingExteriorFeatures,OutdoorShower,The building has an outdoor shower.,Yes,Yes,
,Property,BuildingExteriorFeatures,PermeablePaving,,BuildingExteriorFeatures,PermeablePaving,The building has preamble paving that allows fluids to run through the paving to the below ground or channeling.,Yes,Yes,
,Property,BuildingExteriorFeatures,Playground,,BuildingExteriorFeatures,Playground,The building has a playground.,Yes,Yes,
,Property,BuildingExteriorFeatures,RainBarrelCisterns,,BuildingExteriorFeatures,RainBarrelCisterns,The building has a cistern for water collection.,Yes,Yes,
,Property,BuildingExteriorFeatures,RainGutters,,BuildingExteriorFeatures,RainGutters,The building has rain gutters.,Yes,Yes,
,Property,BuildingExteriorFeatures,RvHookup,,BuildingExteriorFeatures,RvHookup,The building has an RV hookup.,Yes,Yes,
,Property,BuildingExteriorFeatures,Storage,,BuildingExteriorFeatures,Storage,The building has external storage.,Yes,Yes,
,Property,BuildingExteriorFeatures,TennisCourts,,BuildingExteriorFeatures,TennisCourts,The building has one or more tennis courts.,Yes,Yes,
,Property,BuildingExteriorFeatures,UncoveredCourtyard,,BuildingExteriorFeatures,UncoveredCourtyard,The building has an uncovered courtyard.,Yes,Yes,
,Property,BuildingFeatures,BasketballCourt,,BuildingFeatures,BasketballCourt,"The property includes use of, or access to, an indoor basketball court.",Yes,Yes,
,Property,BuildingFeatures,BikeStorage,,BuildingFeatures,BikeStorage,The property includes access to bike storage.,Yes,Yes,
,Property,BuildingFeatures,BilliardRoom,,BuildingFeatures,BilliardRoom,"The property includes use of, or access to, a billiard room.",Yes,Yes,
,Property,BuildingFeatures,BowlingAlley,,BuildingFeatures,BowlingAlley,"The property includes use of, or access to, bowling alley.",Yes,Yes,
,Property,BuildingFeatures,CarWashArea,,BuildingFeatures,CarWashArea,"The property includes use of, or access to, an are to wash your car.",Yes,Yes,
,Property,BuildingFeatures,CateringKitchen,,BuildingFeatures,CateringKitchen,The property includes access to a catering kitchen.,Yes,Yes,
,Property,BuildingFeatures,CleaningService,,BuildingFeatures,CleaningService,"The property includes use of, or access to, a cleaning service.",Yes,Yes,
,Property,BuildingFeatures,Clubhouse,,BuildingFeatures,Clubhouse,"The property includes use of, or access to, a clubhouse.",Yes,Yes,
,Property,BuildingFeatures,ColdPlungePool,,BuildingFeatures,ColdPlungePool,The property includes access to a cold plunge pool.,Yes,Yes,
,Property,BuildingFeatures,ColdStorage,,BuildingFeatures,ColdStorage,The property includes access to cold storage.,Yes,Yes,
,Property,BuildingFeatures,CommonDiningRoom,,BuildingFeatures,CommonDiningRoom,The property includes access to a common dining room.,Yes,Yes,
,Property,BuildingFeatures,CommonLibrary,,BuildingFeatures,CommonLibrary,The property includes access to a common library.,Yes,Yes,
,Property,BuildingFeatures,CommonLounge,,BuildingFeatures,CommonLounge,The property includes access to a common lounge.,Yes,Yes,
,Property,BuildingFeatures,CommonPlayroom,,BuildingFeatures,CommonPlayroom,The property includes access to a children's playroom.,Yes,Yes,
,Property,BuildingFeatures,Concierge,,BuildingFeatures,Concierge,"The property includes use of, or access to, a concierge service. This differs from Concierge Staff, please refer to BuildingStaff attribute.",Yes,Yes,
,Property,BuildingFeatures,Coworkspace,,BuildingFeatures,Coworkspace,"The property includes use of, or access to, coworking space.",Yes,Yes,
,Property,BuildingFeatures,DayCare,,BuildingFeatures,DayCare,"The property includes use of, or access to, a day care service.",Yes,Yes,
,Property,BuildingFeatures,DogCare,,BuildingFeatures,DogCare,The property includes dog care.,Yes,Yes,
,Property,BuildingFeatures,DogPark,,BuildingFeatures,DogPark,"The property includes use of, or access to, a dog park.",Yes,Yes,
,Property,BuildingFeatures,DogRun,,BuildingFeatures,DogRun,The property has a dog run.,Yes,Yes,
,Property,BuildingFeatures,ElectricCarChargingStation,,BuildingFeatures,ElectricCarChargingStation,"The property includes use of, or access to, electric car charge station.",Yes,Yes,
,Property,BuildingFeatures,Elevators,,BuildingFeatures,Elevators,"The property includes use of, or access to, an elevator(s).",Yes,Yes,
,Property,BuildingFeatures,EventSuite,,BuildingFeatures,EventSuite,"The property includes use of, or access to, an event suite.",Yes,Yes,
,Property,BuildingFeatures,ExerciseCourse,,BuildingFeatures,ExerciseCourse,"The property includes use of, or access to, an exercise course.",Yes,Yes,
,Property,BuildingFeatures,FitnessCenter,,BuildingFeatures,FitnessCenter,"The property includes use of, or access to, a fitness center.",Yes,Yes,
,Property,BuildingFeatures,GameCourtInterior,,BuildingFeatures,GameCourtInterior,"The property includes use of, or access to, an indoors game court.",Yes,Yes,
,Property,BuildingFeatures,GameRoom,,BuildingFeatures,GameRoom,"The property includes use of, or access to, a game room.",Yes,Yes,
,Property,BuildingFeatures,GolfSimulatorRoom,,BuildingFeatures,GolfSimulatorRoom,"The property includes use of, or access to, golf simulator room.",Yes,Yes,
,Property,BuildingFeatures,GuestSuites,,BuildingFeatures,GuestSuites,The property includes access to guest suites.,Yes,Yes,
,Property,BuildingFeatures,HealthClub,,BuildingFeatures,HealthClub,"The property includes use of, or access to, a health club. Health Club typically includes fitness center as well as other experiences such as recreational areas with restaurants, juice bars, music and more.",Yes,Yes,
,Property,BuildingFeatures,IndoorPool,,BuildingFeatures,IndoorPool,"The property includes use of, or access to, an indoor pool.",Yes,Yes,
,Property,BuildingFeatures,LibraryRoom,,BuildingFeatures,LibraryRoom,"The property includes use of, or access to, library room.",Yes,Yes,
,Property,BuildingFeatures,MaidService,,BuildingFeatures,MaidService,"The property includes use of, or access to, a maid service.",Yes,Yes,
,Property,BuildingFeatures,Maintenance,,BuildingFeatures,Maintenance,The property includes maintenance.,Yes,Yes,
,Property,BuildingFeatures,Management,,BuildingFeatures,Management,The property includes management services.,Yes,Yes,
,Property,BuildingFeatures,MeetingRoom,,BuildingFeatures,MeetingRoom,"The property includes use of, or access to, a meeting room.",Yes,Yes,
,Property,BuildingFeatures,None,,BuildingFeatures,None,The property has no amenities or features.,Yes,Yes,
,Property,BuildingFeatures,Other,,BuildingFeatures,Other,The property has features and amenities not included in this list.,Yes,Yes,
,Property,BuildingFeatures,PackageDeliveryLocker,,BuildingFeatures,PackageDeliveryLocker,The property provides/has available package delivery locker.,Yes,Yes,
,Property,BuildingFeatures,PackageRoom,,BuildingFeatures,PackageRoom,The property includes access to a package room.,Yes,Yes,
,Property,BuildingFeatures,PartyRoom,,BuildingFeatures,PartyRoom,"The property includes use of, or access to, a party room.",Yes,Yes,
,Property,BuildingFeatures,PilatesStudio,,BuildingFeatures,PilatesStudio,The property includes access to a Pilates studio.,Yes,Yes,
,Property,BuildingFeatures,Racquetball,,BuildingFeatures,Racquetball,"The property includes use of, or access to, a racquetball court(s).",Yes,Yes,
,Property,BuildingFeatures,RecreationFacilities,,BuildingFeatures,RecreationFacilities,"The property includes use of, or access to, a recreation room.",Yes,Yes,
,Property,BuildingFeatures,RecreationRoom,,BuildingFeatures,RecreationRoom,"The property includes use of, or access to, recreation facilities.",Yes,Yes,
,Property,BuildingFeatures,Restaurant,,BuildingFeatures,Restaurant,The property has a restaurant.,Yes,Yes,
,Property,BuildingFeatures,Sauna,,BuildingFeatures,Sauna,"The property includes use of, or access to, a sauna.",Yes,Yes,
,Property,BuildingFeatures,ScreeningRoom,,BuildingFeatures,ScreeningRoom,The property includes access to a screening room.,Yes,Yes,
,Property,BuildingFeatures,ServiceElevators,,BuildingFeatures,ServiceElevators,"The property includes use of, or access to, a service elevator(s).",Yes,Yes,
,Property,BuildingFeatures,ShuffleboardCourt,,BuildingFeatures,ShuffleboardCourt,"The property includes use of, or access to, a shuffleboard court.",Yes,Yes,
,Property,BuildingFeatures,SpaHotTub,,BuildingFeatures,SpaHotTub,"The property includes use of, or access to, a spa and/or hot tub.",Yes,Yes,
,Property,BuildingFeatures,SportCourt,,BuildingFeatures,SportCourt,"The property includes use of, or access to, a sport court.",Yes,Yes,
,Property,BuildingFeatures,SteamRoom,,BuildingFeatures,SteamRoom,"The property includes use of, or access to, a steam room.",Yes,Yes,
,Property,BuildingFeatures,Storage,,BuildingFeatures,Storage,The property includes storage space.,Yes,Yes,
,Property,BuildingFeatures,TennisCourts,,BuildingFeatures,TennisCourts,"The property includes use of, or access to, a tennis court(s).",Yes,Yes,
,Property,BuildingFeatures,WorkshopArea,,BuildingFeatures,WorkshopArea,"The property includes use of, or access to, a workshop area.",Yes,Yes,
,Property,BuildingFeatures,YogaStudio,,BuildingFeatures,YogaStudio,"The property includes use of, or access to, a yoga studio.",Yes,Yes,
,Property,BuildingFencing,BackYard,,BuildingFencing,BackYard,The backyard is fenced.,Yes,Yes,
,Property,BuildingFencing,BarbedWire,,BuildingFencing,BarbedWire,The fencing has barbed wire.,Yes,Yes,
,Property,BuildingFencing,Block,,BuildingFencing,Block,The property has one or more block walls.,Yes,Yes,
,Property,BuildingFencing,Brick,,BuildingFencing,Brick,The property has one or more brick walls.,Yes,Yes,
,Property,BuildingFencing,ChainLink,,BuildingFencing,ChainLink,The property has chain-link fencing.,Yes,Yes,
,Property,BuildingFencing,CrossFenced,,BuildingFencing,CrossFenced,The property is cross fenced.,Yes,Yes,
,Property,BuildingFencing,Electric,,BuildingFencing,Electric,The property has electric fencing.,Yes,Yes,
,Property,BuildingFencing,Fenced,,BuildingFencing,Fenced,The property is fenced.,Yes,Yes,
,Property,BuildingFencing,FrontYard,,BuildingFencing,FrontYard,The front yard is fenced.,Yes,Yes,
,Property,BuildingFencing,Full,,BuildingFencing,Full,The full property is fenced.,Yes,Yes,
,Property,BuildingFencing,Gate,,BuildingFencing,Gate,The fencing has one or more gates.,Yes,Yes,
,Property,BuildingFencing,Invisible,,BuildingFencing,Invisible,The property has invisible fencing.,Yes,Yes,
,Property,BuildingFencing,Masonry,,BuildingFencing,Masonry,The property has one or more masonry walls.,Yes,Yes,
,Property,BuildingFencing,None,,BuildingFencing,None,The property has no fencing.,Yes,Yes,
,Property,BuildingFencing,Other,,BuildingFencing,Other,The property has a type of fencing that is not included on this list.,Yes,Yes,
,Property,BuildingFencing,Partial,,BuildingFencing,Partial,The property is partially fenced.,Yes,Yes,
,Property,BuildingFencing,PartialCross,,BuildingFencing,PartialCross,The property has partial cross fencing.,Yes,Yes,
,Property,BuildingFencing,Perimeter,,BuildingFencing,Perimeter,The property has a perimeter fence.,Yes,Yes,
,Property,BuildingFencing,Pipe,,BuildingFencing,Pipe,The property has pipe fencing.,Yes,Yes,
,Property,BuildingFencing,Privacy,,BuildingFencing,Privacy,The property has privacy fencing.,Yes,Yes,
,Property,BuildingFencing,Security,,BuildingFencing,Security,The property has security fencing.,Yes,Yes,
,Property,BuildingFencing,SeeRemarks,,BuildingFencing,SeeRemarks,See the public or private remarks for details on the fencing.,Yes,Yes,
,Property,BuildingFencing,SlumpStone,,BuildingFencing,SlumpStone,The property has one or more slump stone walls.,Yes,Yes,
,Property,BuildingFencing,SplitRail,,BuildingFencing,SplitRail,The property has split rail fencing.,Yes,Yes,
,Property,BuildingFencing,Stone,,BuildingFencing,Stone,The property has one or more stone walls.,Yes,Yes,
,Property,BuildingFencing,Vinyl,,BuildingFencing,Vinyl,The property has vinyl fencing.,Yes,Yes,
,Property,BuildingFencing,Wire,,BuildingFencing,Wire,The property has wire fencing.,Yes,Yes,
,Property,BuildingFencing,Wood,,BuildingFencing,Wood,The property has wooden fencing.,Yes,Yes,
,Property,BuildingFencing,WroughtIron,,BuildingFencing,WroughtIron,The property has wrought iron fencing.,Yes,Yes,
,Property,BuildingHeating,BuildingCitySteam,,BuildingHeating,BuildingCitySteam,Building heating type is city steam.,Yes,Yes,
,Property,BuildingHeating,BuildingElectric,,BuildingHeating,BuildingElectric,Building heating type is electric.,Yes,Yes,
,Property,BuildingHeating,BuildingGeothermal,,BuildingHeating,BuildingGeothermal,Building heating type is geothermal.,Yes,Yes,
,Property,BuildingHeating,BuildingNaturalGas,,BuildingHeating,BuildingNaturalGas,Building heating type is natural gas.,Yes,Yes,
,Property,BuildingHeating,BuildingOil,,BuildingHeating,BuildingOil,Building heating type is oil.,Yes,Yes,
,Property,BuildingHeating,BuildingSolar,,BuildingHeating,BuildingSolar,Building heating type is solar.,Yes,Yes,
,Property,BuildingHeating,BuildingSteam,,BuildingHeating,BuildingSteam,Building heating type is city steam.,Yes,Yes,
,Property,BuildingHeating,Ductless,,BuildingHeating,Ductless,The heating system does not have ducting like that found in central forced air systems.,Yes,Yes,
,Property,BuildingHeating,EnergyStarAccaRsiQualifiedInstallation,,BuildingHeating,EnergyStarAccaRsiQualifiedInstallation,The heating system is ENERGY STAR Qualified. Specific performance information must be determined by review of the actual unit.,Yes,Yes,
,Property,BuildingHeating,EnergyStarQualifiedEquipment,,BuildingHeating,EnergyStarQualifiedEquipment,The heating system installation was done by an ENERGY STAR or ACCA RSI qualified contractor.,Yes,Yes,
,Property,BuildingHeating,ExhaustFan,,BuildingHeating,ExhaustFan,The property has an exhaust fan.,Yes,Yes,
,Property,BuildingHeating,FireplaceInsert,,BuildingHeating,FireplaceInsert,The property has a fireplace insert for generating heat.,Yes,Yes,
,Property,BuildingHeating,Fireplaces,,BuildingHeating,Fireplaces,The property has one or more fireplaces used to generate heat.,Yes,Yes,
,Property,BuildingHeating,FloorFurnace,,BuildingHeating,FloorFurnace,A radiant heating system that is mounted into the floor and distributes the heat via convection.,Yes,Yes,
,Property,BuildingHeating,ForcedAir,,BuildingHeating,ForcedAir,"The property has a forced air system, typically via ducting throughout the structure.",Yes,Yes,
,Property,BuildingHeating,Gravity,,BuildingHeating,Gravity,"A gravity heating system, also known as an octopus furnace, is typically a ducted system that doesn't use a fan, but rather is designed to allow the heat to rise naturally thought the ducts to the different areas of the structure.",Yes,Yes,
,Property,BuildingHeating,HeatPump,,BuildingHeating,HeatPump,"A system that exchanges heat between a warm and cool space. The heat exchange is done between the dwelling and another air space, like outdoors; or a water source; or below ground (geothermal).",Yes,Yes,
,Property,BuildingHeating,HotWater,,BuildingHeating,HotWater,The heating system uses a boiler and pipes to deliver hot water to radiators throughout the dwelling.,Yes,Yes,
,Property,BuildingHeating,HumidityControl,,BuildingHeating,HumidityControl,The heating system has humidity control.,Yes,Yes,
,Property,BuildingHeating,Kerosene,,BuildingHeating,Kerosene,The heating system uses kerosene as its fuel to generate heat.,Yes,Yes,
,Property,BuildingHeating,None,,BuildingHeating,None,The property does not have a heating system.,Yes,Yes,
,Property,BuildingHeating,Other,,BuildingHeating,Other,The property has a heating system or features that are not included in this list.,Yes,Yes,
,Property,BuildingHeating,PassiveSolar,,BuildingHeating,PassiveSolar,"Passive solar is a building design where the walls, windows, floors, etc., are made to collect heat and warm the dwelling.",Yes,Yes,
,Property,BuildingHeating,PelletStove,,BuildingHeating,PelletStove,The property has a stove that burns compressed wood or biomass pellets to generate heat.,Yes,Yes,
,Property,BuildingHeating,Propane,,BuildingHeating,Propane,The heating system uses propane as its fuel to generate heat.,Yes,Yes,
,Property,BuildingHeating,PropaneStove,,BuildingHeating,PropaneStove,The property has a stove that burns propane to generate heat.,Yes,Yes,
,Property,BuildingHeating,Radiant,,BuildingHeating,Radiant,The heating system uses radiators to release heat within the dwelling. The heat is typically delivered to the radiator(s) by water/steam or electricity.,Yes,Yes,
,Property,BuildingHeating,RadiantCeiling,,BuildingHeating,RadiantCeiling,The radiant heating element(s) are located in the ceiling.,Yes,Yes,
,Property,BuildingHeating,RadiantFloor,,BuildingHeating,RadiantFloor,The radiant heating element(s) are located in the floor.,Yes,Yes,
,Property,BuildingHeating,SeeRemarks,,BuildingHeating,SeeRemarks,See the remarks fields for additional information about the heating system included with the property.,Yes,Yes,
,Property,BuildingHeating,SeparateMeters,,BuildingHeating,SeparateMeters,The heating system has multiple units and/or is zoned with separate meters for each zone/unit.,Yes,Yes,
,Property,BuildingHeating,SpaceHeater,,BuildingHeating,SpaceHeater,The property comes with a stand-alone space heater.,Yes,Yes,
,Property,BuildingHeating,VariesByUnit,,BuildingHeating,VariesByUnit,The type of heating or heating features vary from unit to unit.,Yes,Yes,
,Property,BuildingHeating,WallFurnace,,BuildingHeating,WallFurnace,Typically a ductless system that is built into a wall to deliver to the room in which it's installed.,Yes,Yes,
,Property,BuildingHeating,Wood,,BuildingHeating,Wood,The heating system uses wood as its fuel to generate heat.,Yes,Yes,
,Property,BuildingHeating,WoodStove,,BuildingHeating,WoodStove,The property has a stove that burns wood to generate heat.,Yes,Yes,
,Property,BuildingHeating,Zoned,,BuildingHeating,Zoned,The heating system is zoned allowing for independent control of two or more parts of the structure.,Yes,Yes,
,Property,BuildingLaundryFeatures,CoinOperated,,BuildingLaundryFeatures,CoinOperated,"The building includes use of, or access to, a coin laundry.",Yes,Yes,
,Property,BuildingLaundryFeatures,CommonArea,,BuildingLaundryFeatures,CommonArea,Laundry facilities are in a common area.,Yes,Yes,
,Property,BuildingLaundryFeatures,DryCleaningService,,BuildingLaundryFeatures,DryCleaningService,"The building includes use of, or access to, a dry cleaning service.",Yes,Yes,
,Property,BuildingLaundryFeatures,ElectricDryerHookup,,BuildingLaundryFeatures,ElectricDryerHookup,Each unit has electric cloths dryer connections.,Yes,Yes,
,Property,BuildingLaundryFeatures,GasDryerHookup,,BuildingLaundryFeatures,GasDryerHookup,Each unit has gas cloths dryer connections.,Yes,Yes,
,Property,BuildingLaundryFeatures,InBasement,,BuildingLaundryFeatures,InBasement,Laundry is located in the basement.,Yes,Yes,
,Property,BuildingLaundryFeatures,InCarport,,BuildingLaundryFeatures,InCarport,Laundry is located in the carport.,Yes,Yes,
,Property,BuildingLaundryFeatures,InGarage,,BuildingLaundryFeatures,InGarage,Laundry is located in the garage.,Yes,Yes,
,Property,BuildingLaundryFeatures,InHall,,BuildingLaundryFeatures,InHall,Laundry is located in the hall.,Yes,Yes,
,Property,BuildingLaundryFeatures,Inside,,BuildingLaundryFeatures,Inside,Laundry is located indoor of the property.,Yes,Yes,
,Property,BuildingLaundryFeatures,InUnit,,BuildingLaundryFeatures,InUnit,Laundry is located indoors.,Yes,Yes,
,Property,BuildingLaundryFeatures,LaundryDropOffService,,BuildingLaundryFeatures,LaundryDropOffService,"The building includes use of, or access to, a laundry service.",Yes,Yes,
,Property,BuildingLaundryFeatures,LowerLevel,,BuildingLaundryFeatures,LowerLevel,Laundry is on the lower level of the building.,Yes,Yes,
,Property,BuildingLaundryFeatures,MainLevel,,BuildingLaundryFeatures,MainLevel,Laundry is on the main level of the building.,Yes,Yes,
,Property,BuildingLaundryFeatures,MultipleLocations,,BuildingLaundryFeatures,MultipleLocations,Laundry is in multiple locations.,Yes,Yes,
,Property,BuildingLaundryFeatures,None,,BuildingLaundryFeatures,None,There are no laundry features.,Yes,Yes,
,Property,BuildingLaundryFeatures,OnCommonFloor,,BuildingLaundryFeatures,OnCommonFloor,The building has laundry on common floor.,Yes,Yes,
,Property,BuildingLaundryFeatures,Other,,BuildingLaundryFeatures,Other,There are laundry features other than those in this list.,Yes,Yes,
,Property,BuildingLaundryFeatures,Outside,,BuildingLaundryFeatures,Outside,Laundry is located outside.,Yes,Yes,
,Property,BuildingLaundryFeatures,SeeRemarks,,BuildingLaundryFeatures,SeeRemarks,See remarks for additional information about laundry.,Yes,Yes,
,Property,BuildingLaundryFeatures,UpperLevel,,BuildingLaundryFeatures,UpperLevel,Laundry is on the upper level of the building.,Yes,Yes,
,Property,BuildingLaundryFeatures,WasherDryerInstallAllowed,,BuildingLaundryFeatures,WasherDryerInstallAllowed,The building rules allow washer and dryer to be installed in the units.,Yes,Yes,
,Property,BuildingLaundryFeatures,WasherHookup,,BuildingLaundryFeatures,WasherHookup,Each unit has a hookups for a cloths washer.,Yes,Yes,
,Property,BuildingParkingFeatures,AdditionalParking,,BuildingParkingFeatures,AdditionalParking,The property has additional parking.,Yes,Yes,
,Property,BuildingParkingFeatures,AlleyAccess,,BuildingParkingFeatures,AlleyAccess,The property has alley access.,Yes,Yes,
,Property,BuildingParkingFeatures,Asphalt,,BuildingParkingFeatures,Asphalt,The property has asphalt parking.,Yes,Yes,
,Property,BuildingParkingFeatures,Assigned,,BuildingParkingFeatures,Assigned,The property has assigned parking spaces.,Yes,Yes,
,Property,BuildingParkingFeatures,Attached,,BuildingParkingFeatures,Attached,The property has attached parking.,Yes,Yes,
,Property,BuildingParkingFeatures,AttachedCarport,,BuildingParkingFeatures,AttachedCarport,The property has an attached carport.,Yes,Yes,
,Property,BuildingParkingFeatures,AutomatedParkingSystem,,BuildingParkingFeatures,AutomatedParkingSystem,The property has an automated parking system.,Yes,Yes,
,Property,BuildingParkingFeatures,Basement,,BuildingParkingFeatures,Basement,"A basement garage is partially or mostly below grade, with its entrance level with the basement floor.",Yes,Yes,
,Property,BuildingParkingFeatures,Carport,,BuildingParkingFeatures,Carport,The property has a carport.,Yes,Yes,
,Property,BuildingParkingFeatures,CircularDriveway,,BuildingParkingFeatures,CircularDriveway,The property has a circular driveway.,Yes,Yes,
,Property,BuildingParkingFeatures,Common,,BuildingParkingFeatures,Common,The property has common/shared parking.,Yes,Yes,
,Property,BuildingParkingFeatures,CommunityStructure,,BuildingParkingFeatures,CommunityStructure,The property has a community parking structure.,Yes,Yes,
,Property,BuildingParkingFeatures,Concrete,,BuildingParkingFeatures,Concrete,The property has concrete paved parking.,Yes,Yes,
,Property,BuildingParkingFeatures,ConvertedGarage,,BuildingParkingFeatures,ConvertedGarage,The property has a converted garage.,Yes,Yes,
,Property,BuildingParkingFeatures,Covered,,BuildingParkingFeatures,Covered,The property has covered parking.,Yes,Yes,
,Property,BuildingParkingFeatures,Deck,,BuildingParkingFeatures,Deck,The property has deck for parking.,Yes,Yes,
,Property,BuildingParkingFeatures,Deeded,,BuildingParkingFeatures,Deeded,The property has deeded parking.,Yes,Yes,
,Property,BuildingParkingFeatures,Detached,,BuildingParkingFeatures,Detached,The property has detached parking.,Yes,Yes,
,Property,BuildingParkingFeatures,DetachedCarport,,BuildingParkingFeatures,DetachedCarport,The property has a detached carport.,Yes,Yes,
,Property,BuildingParkingFeatures,DirectAccess,,BuildingParkingFeatures,DirectAccess,The parking has direct access to the property or structure.,Yes,Yes,
,Property,BuildingParkingFeatures,DriveThrough,,BuildingParkingFeatures,DriveThrough,The property has drive through parking.,Yes,Yes,
,Property,BuildingParkingFeatures,Driveway,,BuildingParkingFeatures,Driveway,The property has a driveway.,Yes,Yes,
,Property,BuildingParkingFeatures,ElectricGate,,BuildingParkingFeatures,ElectricGate,The property has an electric gate.,Yes,Yes,
,Property,BuildingParkingFeatures,ElectricVehicleChargingStations,,BuildingParkingFeatures,ElectricVehicleChargingStations,The property has one or more electric vehicle charging station.,Yes,Yes,
,Property,BuildingParkingFeatures,Enclosed,,BuildingParkingFeatures,Enclosed,The property has enclosed parking.,Yes,Yes,
,Property,BuildingParkingFeatures,Garage,,BuildingParkingFeatures,Garage,The property has a garage.,Yes,Yes,
,Property,BuildingParkingFeatures,GarageDoorOpener,,BuildingParkingFeatures,GarageDoorOpener,The garage has an automatic garage door opener.,Yes,Yes,
,Property,BuildingParkingFeatures,GarageFacesFront,,BuildingParkingFeatures,GarageFacesFront,The property has garage that faces the front of the property.,Yes,Yes,
,Property,BuildingParkingFeatures,GarageFacesRear,,BuildingParkingFeatures,GarageFacesRear,The property has garage that faces the rear of the property.,Yes,Yes,
,Property,BuildingParkingFeatures,GarageFacesSide,,BuildingParkingFeatures,GarageFacesSide,The property has garage that faces the side of the property.,Yes,Yes,
,Property,BuildingParkingFeatures,Gated,,BuildingParkingFeatures,Gated,The property has gated parking.,Yes,Yes,
,Property,BuildingParkingFeatures,Gravel,,BuildingParkingFeatures,Gravel,The property has parking on gravel.,Yes,Yes,
,Property,BuildingParkingFeatures,Guest,,BuildingParkingFeatures,Guest,The property has guest parking.,Yes,Yes,
,Property,BuildingParkingFeatures,HeatedGarage,,BuildingParkingFeatures,HeatedGarage,The property has a heated garage.,Yes,Yes,
,Property,BuildingParkingFeatures,InsideEntrance,,BuildingParkingFeatures,InsideEntrance,The property has parking with an inside entrance.,Yes,Yes,
,Property,BuildingParkingFeatures,Leased,,BuildingParkingFeatures,Leased,The property has leased parking.,Yes,Yes,
,Property,BuildingParkingFeatures,Lighted,,BuildingParkingFeatures,Lighted,The property has lighted parking.,Yes,Yes,
,Property,BuildingParkingFeatures,NoGarage,,BuildingParkingFeatures,NoGarage,The property has no garage.,Yes,Yes,
,Property,BuildingParkingFeatures,None,,BuildingParkingFeatures,None,The property does not include parking or no parking is available.,Yes,Yes,
,Property,BuildingParkingFeatures,OffSite,,BuildingParkingFeatures,OffSite,The property has off site parking.,Yes,Yes,
,Property,BuildingParkingFeatures,OffStreet,,BuildingParkingFeatures,OffStreet,The property has off street parking.,Yes,Yes,
,Property,BuildingParkingFeatures,OnSite,,BuildingParkingFeatures,OnSite,The property has on site parking.,Yes,Yes,
,Property,BuildingParkingFeatures,OnStreet,,BuildingParkingFeatures,OnStreet,The property has on street parking only.,Yes,Yes,
,Property,BuildingParkingFeatures,Open,,BuildingParkingFeatures,Open,The property has open or unassigned parking.,Yes,Yes,
,Property,BuildingParkingFeatures,Other,,BuildingParkingFeatures,Other,The property has parking features other than those included in this list.,Yes,Yes,
,Property,BuildingParkingFeatures,Outside,,BuildingParkingFeatures,Outside,The property has outside parking which is not enclosed.,Yes,Yes,
,Property,BuildingParkingFeatures,Oversized,,BuildingParkingFeatures,Oversized,The property has parking for oversized vehicles.,Yes,Yes,
,Property,BuildingParkingFeatures,ParkingLot,,BuildingParkingFeatures,ParkingLot,The property has access to a parking lot.,Yes,Yes,
,Property,BuildingParkingFeatures,ParkingPad,,BuildingParkingFeatures,ParkingPad,The property has a parking pad.,Yes,Yes,
,Property,BuildingParkingFeatures,Paved,,BuildingParkingFeatures,Paved,The property has paved parking.,Yes,Yes,
,Property,BuildingParkingFeatures,PaverBlock,,BuildingParkingFeatures,PaverBlock,The property has parking on paver blocks.,Yes,Yes,
,Property,BuildingParkingFeatures,PermitRequired,,BuildingParkingFeatures,PermitRequired,Parking at the property or on the street requires a permit.,Yes,Yes,
,Property,BuildingParkingFeatures,Private,,BuildingParkingFeatures,Private,The property has private parking.,Yes,Yes,
,Property,BuildingParkingFeatures,RvGated,,BuildingParkingFeatures,RvGated,The property has gated parking for recreational vehicles.,Yes,Yes,
,Property,BuildingParkingFeatures,Secured,,BuildingParkingFeatures,Secured,The property has secure parking.,Yes,Yes,
,Property,BuildingParkingFeatures,SeeRemarks,,BuildingParkingFeatures,SeeRemarks,See remarks for additional information about parking.,Yes,Yes,
,Property,BuildingParkingFeatures,SharedDriveway,,BuildingParkingFeatures,SharedDriveway,The property has a shared driveway.,Yes,Yes,
,Property,BuildingParkingFeatures,SideBySide,,BuildingParkingFeatures,SideBySide,The property has side by side parking spaces.,Yes,Yes,
,Property,BuildingParkingFeatures,Storage,,BuildingParkingFeatures,Storage,The property has storage in the parking area.,Yes,Yes,
,Property,BuildingParkingFeatures,Tandem,,BuildingParkingFeatures,Tandem,The property has tandem parking.,Yes,Yes,
,Property,BuildingParkingFeatures,Unassigned,,BuildingParkingFeatures,Unassigned,The property has unassigned or open parking.,Yes,Yes,
,Property,BuildingParkingFeatures,Underground,,BuildingParkingFeatures,Underground,The property has underground parking.,Yes,Yes,
,Property,BuildingParkingFeatures,Unpaved,,BuildingParkingFeatures,Unpaved,The property has parking on an unpaved surface.,Yes,Yes,
,Property,BuildingParkingFeatures,Valet,,BuildingParkingFeatures,Valet,The property has valet parking available.,Yes,Yes,
,Property,BuildingParkingFeatures,VariesByUnit,,BuildingParkingFeatures,VariesByUnit,The parking varies from unit to unit.,Yes,Yes,
,Property,BuildingPatioAndPorchFeatures,BuildingPatio,,BuildingPatioAndPorchFeatures,BuildingPatio,The building contains a patio.,Yes,Yes,
,Property,BuildingPatioAndPorchFeatures,BuildingTerrace,,BuildingPatioAndPorchFeatures,BuildingTerrace,The building has a terrace.,Yes,Yes,
,Property,BuildingPatioAndPorchFeatures,Covered,,BuildingPatioAndPorchFeatures,Covered,The building has a covered patio or porch.,Yes,Yes,
,Property,BuildingPatioAndPorchFeatures,Deck,,BuildingPatioAndPorchFeatures,Deck,The building has a deck.,Yes,Yes,
,Property,BuildingPatioAndPorchFeatures,Enclosed,,BuildingPatioAndPorchFeatures,Enclosed,The building has an enclosed patio or porch.,Yes,Yes,
,Property,BuildingPatioAndPorchFeatures,FrontPorch,,BuildingPatioAndPorchFeatures,FrontPorch,The building has a front porch.,Yes,Yes,
,Property,BuildingPatioAndPorchFeatures,GlassEnclosed,,BuildingPatioAndPorchFeatures,GlassEnclosed,The building has a glass enclosed patio or porch.,Yes,Yes,
,Property,BuildingPatioAndPorchFeatures,None,,BuildingPatioAndPorchFeatures,None,The building has no patio or porch.,Yes,Yes,
,Property,BuildingPatioAndPorchFeatures,Other,,BuildingPatioAndPorchFeatures,Other,The building has a patio or porch feature other than what's included in this list.,Yes,Yes,
,Property,BuildingPatioAndPorchFeatures,Patio,,BuildingPatioAndPorchFeatures,Patio,The building has a patio.,Yes,Yes,
,Property,BuildingPatioAndPorchFeatures,Porch,,BuildingPatioAndPorchFeatures,Porch,The building has a porch.,Yes,Yes,
,Property,BuildingPatioAndPorchFeatures,RearPorch,,BuildingPatioAndPorchFeatures,RearPorch,The building has a rear porch.,Yes,Yes,
,Property,BuildingPatioAndPorchFeatures,Screened,,BuildingPatioAndPorchFeatures,Screened,The building has screened patio or porch.,Yes,Yes,
,Property,BuildingPatioAndPorchFeatures,SeeRemarks,,BuildingPatioAndPorchFeatures,SeeRemarks,See the remarks fields for more information on the building patio or porch features of the property.,Yes,Yes,
,Property,BuildingPatioAndPorchFeatures,SidePorch,,BuildingPatioAndPorchFeatures,SidePorch,The building has a side porch.,Yes,Yes,
,Property,BuildingPatioAndPorchFeatures,Terrace,,BuildingPatioAndPorchFeatures,Terrace,The building has a terrace.,Yes,Yes,
,Property,BuildingPatioAndPorchFeatures,WrapAround,,BuildingPatioAndPorchFeatures,WrapAround,The building has wrap around patio or porch.,Yes,Yes,
,Property,BuildingPetsAllowed,BuildingBreedRestrictions,,BuildingPetsAllowed,BuildingBreedRestrictions,The building policy indicates there is a breed restrictions on allowed pets in the building.,Yes,Yes,
,Property,BuildingPetsAllowed,BuildingCatsOK,,BuildingPetsAllowed,BuildingCatsOK,The building policy permits cats in the building.,Yes,Yes,
,Property,BuildingPetsAllowed,BuildingDogsOK,,BuildingPetsAllowed,BuildingDogsOK,The building policy permits dogs in the building.,Yes,Yes,
,Property,BuildingPetsAllowed,BuildingNo,,BuildingPetsAllowed,BuildingNo,The building policy do not allow any pets in the building.,Yes,Yes,
,Property,BuildingPetsAllowed,BuildingNumberLimit,,BuildingPetsAllowed,BuildingNumberLimit,The building policy indicates there is a limit on the number of pets allowed.,Yes,Yes,
,Property,BuildingPetsAllowed,BuildingSizeLimit,,BuildingPetsAllowed,BuildingSizeLimit,The building policy indicates there is a size restrictions on allowed pets in the building.,Yes,Yes,
,Property,BuildingPetsAllowed,BuildingYes,,BuildingPetsAllowed,BuildingYes,The building policy allows for pets.,Yes,Yes,
,Property,BuildingPoolFeatures,AboveGround,,BuildingPoolFeatures,AboveGround,The pool is above ground.,Yes,Yes,
,Property,BuildingPoolFeatures,BlackBottom,,BuildingPoolFeatures,BlackBottom,The pool has a black bottom.,Yes,Yes,
,Property,BuildingPoolFeatures,Cabana,,BuildingPoolFeatures,Cabana,The pool has a cabana.,Yes,Yes,
,Property,BuildingPoolFeatures,Community,,BuildingPoolFeatures,Community,The pool is a community/shared pool.,Yes,Yes,
,Property,BuildingPoolFeatures,DivingBoard,,BuildingPoolFeatures,DivingBoard,The pool has a diving board.,Yes,Yes,
,Property,BuildingPoolFeatures,ElectricHeat,,BuildingPoolFeatures,ElectricHeat,The pool is heated by electricity.,Yes,Yes,
,Property,BuildingPoolFeatures,EnergyStarQualifiedPoolPump,,BuildingPoolFeatures,EnergyStarQualifiedPoolPump,The pool has an ENERGY STAR Qualified pool pump.,Yes,Yes,
,Property,BuildingPoolFeatures,Fenced,,BuildingPoolFeatures,Fenced,The pool is fenced.,Yes,Yes,
,Property,BuildingPoolFeatures,Fiberglass,,BuildingPoolFeatures,Fiberglass,The pool is made of or lined with fiberglass.,Yes,Yes,
,Property,BuildingPoolFeatures,Filtered,,BuildingPoolFeatures,Filtered,The pool has a filtration system.,Yes,Yes,
,Property,BuildingPoolFeatures,GasHeat,,BuildingPoolFeatures,GasHeat,The pool is heated by gas.,Yes,Yes,
,Property,BuildingPoolFeatures,Gunite,,BuildingPoolFeatures,Gunite,The pool has a gunite surface.,Yes,Yes,
,Property,BuildingPoolFeatures,Heated,,BuildingPoolFeatures,Heated,The pool is heated.,Yes,Yes,
,Property,BuildingPoolFeatures,Indoor,,BuildingPoolFeatures,Indoor,The pool is indoors or within a structure.,Yes,Yes,
,Property,BuildingPoolFeatures,Infinity,,BuildingPoolFeatures,Infinity,"Also named a negative edge, zero edge or infinity edge, an infinity pool has one or more edges where water flows over the edge creating a visual effect of water with no boundary.",Yes,Yes,
,Property,BuildingPoolFeatures,InGround,,BuildingPoolFeatures,InGround,The pool is built into the ground.,Yes,Yes,
,Property,BuildingPoolFeatures,Lap,,BuildingPoolFeatures,Lap,The pool is specifically designed for swimming laps.,Yes,Yes,
,Property,BuildingPoolFeatures,Liner,,BuildingPoolFeatures,Liner,The pool has a liner.,Yes,Yes,
,Property,BuildingPoolFeatures,None,,BuildingPoolFeatures,None,There is no pool included with the property.,Yes,Yes,
,Property,BuildingPoolFeatures,Other,,BuildingPoolFeatures,Other,There are pool features other than those included in this list.,Yes,Yes,
,Property,BuildingPoolFeatures,OutdoorPool,,BuildingPoolFeatures,OutdoorPool,The pool is outdoors.,Yes,Yes,
,Property,BuildingPoolFeatures,PoolCover,,BuildingPoolFeatures,PoolCover,The pool has a cover.,Yes,Yes,
,Property,BuildingPoolFeatures,PoolSpaCombo,,BuildingPoolFeatures,PoolSpaCombo,The pool includes a spa.,Yes,Yes,
,Property,BuildingPoolFeatures,PoolSweep,,BuildingPoolFeatures,PoolSweep,The pool has an automatic sweep or cleaner.,Yes,Yes,
,Property,BuildingPoolFeatures,SaltWater,,BuildingPoolFeatures,SaltWater,The pool has a salt water system.,Yes,Yes,
,Property,BuildingPoolFeatures,ScreenEnclosure,,BuildingPoolFeatures,ScreenEnclosure,The pool has a screened enclosure.,Yes,Yes,
,Property,BuildingPoolFeatures,SeeRemarks,,BuildingPoolFeatures,SeeRemarks,See the remarks fields for more information about the pool.,Yes,Yes,
,Property,BuildingPoolFeatures,SolarCover,,BuildingPoolFeatures,SolarCover,The pool has a solar cover.,Yes,Yes,
,Property,BuildingPoolFeatures,SolarHeat,,BuildingPoolFeatures,SolarHeat,The pool has some form of solar heating.,Yes,Yes,
,Property,BuildingPoolFeatures,Sport,,BuildingPoolFeatures,Sport,The pool has two shallow ends on opposite sides of the pool with a deeper center.,Yes,Yes,
,Property,BuildingPoolFeatures,Tile,,BuildingPoolFeatures,Tile,The pool is tiled.,Yes,Yes,
,Property,BuildingPoolFeatures,Vinyl,,BuildingPoolFeatures,Vinyl,The pool has a vinyl surface.,Yes,Yes,
,Property,BuildingPoolFeatures,Waterfall,,BuildingPoolFeatures,Waterfall,The pool has a waterfall.,Yes,Yes,
,Property,BuildingRules,ArtistInResidenceAllowed,,BuildingRules,ArtistInResidenceAllowed,Indicate whether the building permits artists in the residenance.,Yes,Yes,
,Property,BuildingRules,BuildingSmokingAllowed,,BuildingRules,BuildingSmokingAllowed,Indicate whether the building permits smoking within the building. This includes individual unit or common indoor and outdoor areas. This is separate from the BuildingSmokeFree initiative.,Yes,Yes,
,Property,BuildingRules,CopurchasersAllowed,,BuildingRules,CopurchasersAllowed,"Indicate whether the building permits co-purchasing. Co-purchasers are two or more parties who jointly share ownership of the property as reflected on the stock certificate and the proprietary lease. As co-owners they share responsibility for the monthly co-op maintenance fees and special assessments, if applicable. Unless otherwise specified, names of all the parties co-purchasing will be registered on the stock certificate and proprietary lease.",Yes,Yes,
,Property,BuildingRules,CorporateOwnerAllowed,,BuildingRules,CorporateOwnerAllowed,Indicate whether the building permits sale/lease to a corporate owner.,Yes,Yes,
,Property,BuildingRules,GuarantorsAccepted,,BuildingRules,GuarantorsAccepted,Indicate whether guarantor is accepted.,Yes,Yes,
,Property,BuildingRules,LiveWorkAllowed,,BuildingRules,LiveWorkAllowed,Indicate whether the building permits tenants/owners to operate a business from their unit/property.,Yes,Yes,
,Property,BuildingRules,PiedATerreAllowed,,BuildingRules,PiedATerreAllowed,Indicate whether the building permits the listing to be used as Pied-à-Terre.,Yes,Yes,
,Property,BuildingSecurityFeatures,BuildingSecurity,,BuildingSecurityFeatures,BuildingSecurity,The property has building security.,Yes,Yes,
,Property,BuildingSecurityFeatures,Buzzer,,BuildingSecurityFeatures,Buzzer,The property has buzzer.,Yes,Yes,
,Property,BuildingSecurityFeatures,Cameras,,BuildingSecurityFeatures,Cameras,The property has cameras throughout the property.,Yes,Yes,
,Property,BuildingSecurityFeatures,CarbonMonoxideDetectors,,BuildingSecurityFeatures,CarbonMonoxideDetectors,The property has carbon monoxide detector(s).,Yes,Yes,
,Property,BuildingSecurityFeatures,ClosedCircuitCameras,,BuildingSecurityFeatures,ClosedCircuitCameras,The property has closed circuit camera(s).,Yes,Yes,
,Property,BuildingSecurityFeatures,FireAlarm,,BuildingSecurityFeatures,FireAlarm,The property has fire alarm(s).,Yes,Yes,
,Property,BuildingSecurityFeatures,FireEscape,,BuildingSecurityFeatures,FireEscape,The property has a fire escape.,Yes,Yes,
,Property,BuildingSecurityFeatures,FireSprinklerSystem,,BuildingSecurityFeatures,FireSprinklerSystem,The property has a fire sprinkler system.,Yes,Yes,
,Property,BuildingSecurityFeatures,Firewalls,,BuildingSecurityFeatures,Firewalls,The property has firewall(s).,Yes,Yes,
,Property,BuildingSecurityFeatures,GatedCommunity,,BuildingSecurityFeatures,GatedCommunity,The property is in a gated community.,Yes,Yes,
,Property,BuildingSecurityFeatures,GatedWithGuard,,BuildingSecurityFeatures,GatedWithGuard,The property is in a gated community/area with guard service.,Yes,Yes,
,Property,BuildingSecurityFeatures,Intercom,,BuildingSecurityFeatures,Intercom,The property has intercom.,Yes,Yes,
,Property,BuildingSecurityFeatures,KeyCardEntry,,BuildingSecurityFeatures,KeyCardEntry,The property or community has key card entry.,Yes,Yes,
,Property,BuildingSecurityFeatures,KeyFobEntry,,BuildingSecurityFeatures,KeyFobEntry,The property or community has key fob entry.,Yes,Yes,
,Property,BuildingSecurityFeatures,None,,BuildingSecurityFeatures,None,The property has no security measures in place.,Yes,Yes,
,Property,BuildingSecurityFeatures,Other,,BuildingSecurityFeatures,Other,The property has security features other than those in this list.,Yes,Yes,
,Property,BuildingSecurityFeatures,PanicAlarm,,BuildingSecurityFeatures,PanicAlarm,The property has a panic alarm.,Yes,Yes,
,Property,BuildingSecurityFeatures,Prewired,,BuildingSecurityFeatures,Prewired,The property is prewired for a security system.,Yes,Yes,
,Property,BuildingSecurityFeatures,SecuredGarageParking,,BuildingSecurityFeatures,SecuredGarageParking,The property has a secured garage or parking area.,Yes,Yes,
,Property,BuildingSecurityFeatures,SecurityFence,,BuildingSecurityFeatures,SecurityFence,The property has a security fence.,Yes,Yes,
,Property,BuildingSecurityFeatures,SecurityGate,,BuildingSecurityFeatures,SecurityGate,The property has a security gate.,Yes,Yes,
,Property,BuildingSecurityFeatures,SecurityGuard,,BuildingSecurityFeatures,SecurityGuard,The property or community has a security guard.,Yes,Yes,
,Property,BuildingSecurityFeatures,SecurityLights,,BuildingSecurityFeatures,SecurityLights,The property has security lights.,Yes,Yes,
,Property,BuildingSecurityFeatures,SecurityService,,BuildingSecurityFeatures,SecurityService,The property has a security service.,Yes,Yes,
,Property,BuildingSecurityFeatures,SecuritySystem,,BuildingSecurityFeatures,SecuritySystem,The property has a security system.,Yes,Yes,
,Property,BuildingSecurityFeatures,SecuritySystemLeased,,BuildingSecurityFeatures,SecuritySystemLeased,The property has a leased security system.,Yes,Yes,
,Property,BuildingSecurityFeatures,SecuritySystemOwned,,BuildingSecurityFeatures,SecuritySystemOwned,The property has an owned security system.,Yes,Yes,
,Property,BuildingSecurityFeatures,SeeRemarks,,BuildingSecurityFeatures,SeeRemarks,See the remarks fields for more information about the security features of the property.,Yes,Yes,
,Property,BuildingSecurityFeatures,SmartLockEntry,,BuildingSecurityFeatures,SmartLockEntry,The property or community has a smart lock entry.,Yes,Yes,
,Property,BuildingSecurityFeatures,SmokeDetectors,,BuildingSecurityFeatures,SmokeDetectors,The property has smoke detector(s).,Yes,Yes,
,Property,BuildingSecurityFeatures,TwentyFourHourSecurity,,BuildingSecurityFeatures,TwentyFourHourSecurity,The property has 24 hour security.,Yes,Yes,
,Property,BuildingSecurityFeatures,VariesByUnit,,BuildingSecurityFeatures,VariesByUnit,The security features vary from unit to unit.,Yes,Yes,
,Property,BuildingSecurityFeatures,WindowBars,,BuildingSecurityFeatures,WindowBars,The property has window bars.,Yes,Yes,
,Property,BuildingSecurityFeatures,WindowBarsWithQuickRelease,,BuildingSecurityFeatures,WindowBarsWithQuickRelease,The property has window bars with a quick release mechanism.,Yes,Yes,
,Property,BuildingStaff,Handyman,,BuildingStaffType,Handyman,The building or complex has a handyman available.,Yes,Yes,
,Property,BuildingStaff,Mechanic,,BuildingStaffType,Mechanic,The building or complex has a mechanic available.,Yes,Yes,
,Property,BuildingStaff,None,,BuildingStaffType,None,The building has no onsite staffing.,Yes,Yes,
,Property,BuildingStaff,Other,,BuildingStaffType,Other,The building has building staff other than the value available.,Yes,Yes,
,Property,BuildingStaff,Porter,,BuildingStaffType,Porter,The building or complex has a porter available.,Yes,Yes,
,Property,BuildingStaff,PropertyManager,,BuildingStaffType,PropertyManager,The building has a Property Manager available.,Yes,Yes,
,Property,BuildingStaff,ResidenManagerFullTime,,BuildingStaffType,ResidenManagerFullTime,The building has a full-time resident manager.,Yes,Yes,
,Property,BuildingStaff,Superintendent,,BuildingStaffType,Superintendent,The building has a superintendent available.,Yes,Yes,
,Property,BuildingStaff,SuperLiveIn,,BuildingStaffType,SuperLiveIn,The building has a live-in super.,Yes,Yes,
,Property,BuildingStaff,SuperOffsite,,BuildingStaffType,SuperOffsite,The building has offsite super.,Yes,Yes,
,Property,BusinessType,Accounting,,BusinessType,Accounting,The listing is for an accounting business.,Yes,Yes,
,Property,BusinessType,AdministrativeAndSupport,,BusinessType,AdministrativeAndSupport,The listing is for an administrative and support business.,Yes,Yes,
,Property,BusinessType,Advertising,,BusinessType,Advertising,The listing is for an advertising business.,Yes,Yes,
,Property,BusinessType,Agriculture,,BusinessType,Agriculture,The listing is for an agriculture business.,Yes,Yes,
,Property,BusinessType,AnimalGrooming,,BusinessType,AnimalGrooming,The listing is for an animal grooming business.,Yes,Yes,
,Property,BusinessType,Appliances,,BusinessType,Appliances,The listing is for an appliances business.,Yes,Yes,
,Property,BusinessType,AquariumSupplies,,BusinessType,AquariumSupplies,The listing is for an aquarium supplies business.,Yes,Yes,
,Property,BusinessType,ArtsAndEntertainment,,BusinessType,ArtsAndEntertainment,The listing is for an arts and entertainment business.,Yes,Yes,
,Property,BusinessType,Athletic,,BusinessType,Athletic,The listing is for an athletic business.,Yes,Yes,
,Property,BusinessType,AutoDealer,,BusinessType,AutoDealer,The listing is for an auto dealer business.,Yes,Yes,
,Property,BusinessType,AutoBody,,BusinessType,AutoBody,The listing is for an auto body business.,Yes,Yes,
,Property,BusinessType,AutoGlass,,BusinessType,AutoGlass,The listing is for an auto glass business.,Yes,Yes,
,Property,BusinessType,AutoParts,,BusinessType,AutoParts,The listing is for an auto parts business.,Yes,Yes,
,Property,BusinessType,AutoRentLease,,BusinessType,AutoRentLease,The listing is for an auto rent/lease business.,Yes,Yes,
,Property,BusinessType,AutoRepairSpecialty,,BusinessType,AutoRepairSpecialty,The listing is for an auto repair specialty business.,Yes,Yes,
,Property,BusinessType,AutoService,,BusinessType,AutoService,The listing is for an auto service business.,Yes,Yes,
,Property,BusinessType,AutoStereoAlarm,,BusinessType,AutoStereoAlarm,The listing is for an auto stereo/alarm business.,Yes,Yes,
,Property,BusinessType,AutoTires,,BusinessType,AutoTires,The listing is for an auto tires business.,Yes,Yes,
,Property,BusinessType,AutoWrecking,,BusinessType,AutoWrecking,The listing is for an auto wrecking business.,Yes,Yes,
,Property,BusinessType,Bakery,,BusinessType,Bakery,The listing is for a bakery business.,Yes,Yes,
,Property,BusinessType,BarTavernLounge,,BusinessType,BarTavernLounge,The listing is for a barber/beauty business.,Yes,Yes,
,Property,BusinessType,BarberBeauty,,BusinessType,BarberBeauty,The listing is for a bar/tavern/lounge business.,Yes,Yes,
,Property,BusinessType,BedAndBreakfast,,BusinessType,BedAndBreakfast,The listing is for a bed & breakfast business.,Yes,Yes,
,Property,BusinessType,BooksCardsStationary,,BusinessType,BooksCardsStationary,The listing is for a books/cards/stationary business.,Yes,Yes,
,Property,BusinessType,Butcher,,BusinessType,Butcher,The listing is for a butcher business.,Yes,Yes,
,Property,BusinessType,Cabinets,,BusinessType,Cabinets,The listing is for a cabinets business.,Yes,Yes,
,Property,BusinessType,CandyCookie,,BusinessType,CandyCookie,The listing is for a candy/cookie business.,Yes,Yes,
,Property,BusinessType,CarWash,,BusinessType,CarWash,The listing is for a carpet/tile business.,Yes,Yes,
,Property,BusinessType,CarpetTile,,BusinessType,CarpetTile,The listing is for a car wash business.,Yes,Yes,
,Property,BusinessType,ChildCare,,BusinessType,ChildCare,The listing is for a child care business.,Yes,Yes,
,Property,BusinessType,Church,,BusinessType,Church,The listing is for a church business.,Yes,Yes,
,Property,BusinessType,Clothing,,BusinessType,Clothing,The listing is for a clothing business.,Yes,Yes,
,Property,BusinessType,Commercial,,BusinessType,Commercial,The listing is for a commercial business.,Yes,Yes,
,Property,BusinessType,Computer,,BusinessType,Computer,The listing is for a computer business.,Yes,Yes,
,Property,BusinessType,ConstructionContractor,,BusinessType,ConstructionContractor,The listing is for a construction/contractor business.,Yes,Yes,
,Property,BusinessType,Convalescent,,BusinessType,Convalescent,The listing is for a convalescent business.,Yes,Yes,
,Property,BusinessType,ConvenienceStore,,BusinessType,ConvenienceStore,The listing is for a convenience store business.,Yes,Yes,
,Property,BusinessType,DanceStudio,,BusinessType,DanceStudio,The listing is for a dance studio business.,Yes,Yes,
,Property,BusinessType,Decorator,,BusinessType,Decorator,The listing is for a decorator business.,Yes,Yes,
,Property,BusinessType,DeliCatering,,BusinessType,DeliCatering,The listing is for a deli/catering business.,Yes,Yes,
,Property,BusinessType,Dental,,BusinessType,Dental,The listing is for a dental business.,Yes,Yes,
,Property,BusinessType,Distribution,,BusinessType,Distribution,The listing is for a distribution business.,Yes,Yes,
,Property,BusinessType,Doughnut,,BusinessType,Doughnut,The listing is for a doughnut business.,Yes,Yes,
,Property,BusinessType,Drugstore,,BusinessType,Drugstore,The listing is for a drugstore business.,Yes,Yes,
,Property,BusinessType,DryCleaner,,BusinessType,DryCleaner,The listing is for a dry cleaner business.,Yes,Yes,
,Property,BusinessType,EducationSchool,,BusinessType,EducationSchool,The listing is for an education/school business.,Yes,Yes,
,Property,BusinessType,Electronics,,BusinessType,Electronics,The listing is for an electronics business.,Yes,Yes,
,Property,BusinessType,Employment,,BusinessType,Employment,The listing is for an employment business.,Yes,Yes,
,Property,BusinessType,Farm,,BusinessType,Farm,The listing is for a farm business.,Yes,Yes,
,Property,BusinessType,FastFood,,BusinessType,FastFood,The listing is for a fast food business.,Yes,Yes,
,Property,BusinessType,Financial,,BusinessType,Financial,The listing is for a financial business.,Yes,Yes,
,Property,BusinessType,Fitness,,BusinessType,Fitness,The listing is for a fitness business.,Yes,Yes,
,Property,BusinessType,FloristNursery,,BusinessType,FloristNursery,The listing is for a florist/nursery business.,Yes,Yes,
,Property,BusinessType,FoodAndBeverage,,BusinessType,FoodAndBeverage,The listing is for a food & beverage business.,Yes,Yes,
,Property,BusinessType,Franchise,,BusinessType,Franchise,The listing is for a franchise business.,Yes,Yes,
,Property,BusinessType,Furniture,,BusinessType,Furniture,The listing is for a furniture business.,Yes,Yes,
,Property,BusinessType,GasStation,,BusinessType,GasStation,The listing is for a gas station business.,Yes,Yes,
,Property,BusinessType,GiftShop,,BusinessType,GiftShop,The listing is for a gift shop business.,Yes,Yes,
,Property,BusinessType,Grocery,,BusinessType,Grocery,The listing is for a grocery business.,Yes,Yes,
,Property,BusinessType,Hardware,,BusinessType,Hardware,The listing is for a hardware business.,Yes,Yes,
,Property,BusinessType,HealthFood,,BusinessType,HealthFood,The listing is for a health food business.,Yes,Yes,
,Property,BusinessType,HealthServices,,BusinessType,HealthServices,The listing is for a health services business.,Yes,Yes,
,Property,BusinessType,Hobby,,BusinessType,Hobby,The listing is for a hobby business.,Yes,Yes,
,Property,BusinessType,HomeCleaner,,BusinessType,HomeCleaner,The listing is for a home cleaner business.,Yes,Yes,
,Property,BusinessType,Hospitality,,BusinessType,Hospitality,The listing is for a hospitality business.,Yes,Yes,
,Property,BusinessType,HotelMotel,,BusinessType,HotelMotel,The listing is for a hotel/motel business.,Yes,Yes,
,Property,BusinessType,IceCreamFrozenYogurt,,BusinessType,IceCreamFrozenYogurt,The listing is for an ice cream/frozen yogurt business.,Yes,Yes,
,Property,BusinessType,Industrial,,BusinessType,Industrial,The listing is for an industrial business.,Yes,Yes,
,Property,BusinessType,Jewelry,,BusinessType,Jewelry,The listing is for a jewelry business.,Yes,Yes,
,Property,BusinessType,Landscaping,,BusinessType,Landscaping,The listing is for a landscaping business.,Yes,Yes,
,Property,BusinessType,Laundromat,,BusinessType,Laundromat,The listing is for a laundromat business.,Yes,Yes,
,Property,BusinessType,LiquorStore,,BusinessType,LiquorStore,The listing is for a liquor store business.,Yes,Yes,
,Property,BusinessType,Locksmith,,BusinessType,Locksmith,The listing is for a locksmith business.,Yes,Yes,
,Property,BusinessType,Manufacturing,,BusinessType,Manufacturing,The listing is for a manufacturing business.,Yes,Yes,
,Property,BusinessType,Medical,,BusinessType,Medical,The listing is for a medical business.,Yes,Yes,
,Property,BusinessType,Mixed,,BusinessType,Mixed,The listing is for a mixed business.,Yes,Yes,
,Property,BusinessType,MobileTrailerPark,,BusinessType,MobileTrailerPark,The listing is for a mobile/trailer park business.,Yes,Yes,
,Property,BusinessType,Music,,BusinessType,Music,The listing is for a music business.,Yes,Yes,
,Property,BusinessType,NursingHome,,BusinessType,NursingHome,The listing is for a nursing home business.,Yes,Yes,
,Property,BusinessType,OfficeSupply,,BusinessType,OfficeSupply,The listing is for an office supply business.,Yes,Yes,
,Property,BusinessType,Other,,BusinessType,Other,The listing is for a business not readily categorized into another business type.,Yes,Yes,
,Property,BusinessType,Paints,,BusinessType,Paints,The listing is for a paint business.,Yes,Yes,
,Property,BusinessType,Parking,,BusinessType,Parking,The listing is for a parking business.,Yes,Yes,
,Property,BusinessType,PetStore,,BusinessType,PetStore,The listing is for a pet store business.,Yes,Yes,
,Property,BusinessType,Photographer,,BusinessType,Photographer,The listing is for a photography business.,Yes,Yes,
,Property,BusinessType,Pizza,,BusinessType,Pizza,The listing is for a pizza business.,Yes,Yes,
,Property,BusinessType,Printing,,BusinessType,Printing,The listing is for a printing business.,Yes,Yes,
,Property,BusinessType,ProfessionalOffice,,BusinessType,ProfessionalOffice,The listing is for a professional service business.,Yes,Yes,
,Property,BusinessType,ProfessionalService,,BusinessType,ProfessionalService,The listing is for a professional/office business.,Yes,Yes,
,Property,BusinessType,RealEstate,,BusinessType,RealEstate,The listing is for a real estate business.,Yes,Yes,
,Property,BusinessType,Recreation,,BusinessType,Recreation,The listing is for a recreation business.,Yes,Yes,
,Property,BusinessType,Rental,,BusinessType,Rental,The listing is for a rental business.,Yes,Yes,
,Property,BusinessType,Residential,,BusinessType,Residential,The listing is for a residential business.,Yes,Yes,
,Property,BusinessType,Restaurant,,BusinessType,Restaurant,The listing is for a restaurant business.,Yes,Yes,
,Property,BusinessType,Retail,,BusinessType,Retail,The listing is for a retail business.,Yes,Yes,
,Property,BusinessType,SaddleryHarness,,BusinessType,SaddleryHarness,The listing is for a saddlery/harness business.,Yes,Yes,
,Property,BusinessType,SportingGoods,,BusinessType,SportingGoods,The listing is for a sporting goods business.,Yes,Yes,
,Property,BusinessType,Storage,,BusinessType,Storage,The listing is for a storage business.,Yes,Yes,
,Property,BusinessType,Toys,,BusinessType,Toys,The listing is for a toy business.,Yes,Yes,
,Property,BusinessType,Transportation,,BusinessType,Transportation,The listing is for a transportation business.,Yes,Yes,
,Property,BusinessType,Travel,,BusinessType,Travel,The listing is for a travel business.,Yes,Yes,
,Property,BusinessType,Upholstery,,BusinessType,Upholstery,The listing is for an upholstery business.,Yes,Yes,
,Property,BusinessType,Utility,,BusinessType,Utility,The listing is for a utility business.,Yes,Yes,
,Property,BusinessType,Variety,,BusinessType,Variety,The listing is for a variety business.,Yes,Yes,
,Property,BusinessType,Video,,BusinessType,Video,The listing is for a video business.,Yes,Yes,
,Property,BusinessType,Wallpaper,,BusinessType,Wallpaper,The listing is for a wallpaper business.,Yes,Yes,
,Property,BusinessType,Warehouse,,BusinessType,Warehouse,The listing is for a warehouse business.,Yes,Yes,
,Property,BusinessType,Wholesale,,BusinessType,Wholesale,The listing is for a wholesale business.,Yes,Yes,
,Property,BuyerFinancing,Assumed,,BuyerFinancing,Assumed,The buyer assumed a current form of financing.,Yes,Yes,
,Property,BuyerFinancing,Cash,,BuyerFinancing,Cash,The buyer paid cash for the property.,Yes,Yes,
,Property,BuyerFinancing,Contract,,BuyerFinancing,Contract,"The purchase of a property involves an agreement to perform services, provide product, share income or some other determined method of payment for the property.",Yes,Yes,
,Property,BuyerFinancing,Conventional,,BuyerFinancing,Conventional,The buyer is using conventional financing to purchase the home.,Yes,Yes,
,Property,BuyerFinancing,Fha,,BuyerFinancing,Fha,"A loan from an approved provider that follows the guidelines of, and is insured by, the Federal Housing Administration (FHA).",Yes,Yes,
,Property,BuyerFinancing,FHA203b,,BuyerFinancing,Fha203b,"The basic home mortgage loan from an approved provider that follows the guidelines of, and is insured by, the Federal Housing Administration (FHA).",Yes,Yes,
,Property,BuyerFinancing,FHA203k,,BuyerFinancing,Fha203k,"A loan for the rehabilitation and repair of a single-family residence from an approved provider that follows the guidelines of, and is insured by, the Federal Housing Administration (FHA).",Yes,Yes,
,Property,BuyerFinancing,Other,,BuyerFinancing,Other,The buyer is using another form of financing that is not included among the options provided on this list.,Yes,Yes,
,Property,BuyerFinancing,Private,,BuyerFinancing,Private,Financing is provided by a private party.,Yes,Yes,
,Property,BuyerFinancing,SellerFinancing,,BuyerFinancing,SellerFinancing,The seller is providing financing to the buyer.,Yes,Yes,
,Property,BuyerFinancing,TrustDeed,,BuyerFinancing,TrustDeed,Financing where title of the property is placed with a trustee who secures payment of the loan for a beneficiary.,Yes,Yes,
,Property,BuyerFinancing,Usda,,BuyerFinancing,Usda,"A loan from an approved provider that follows the guidelines of, and is insured by, the U.S. Department of Agriculture.",Yes,Yes,
,Property,BuyerFinancing,Va,,BuyerFinancing,Va,"A loan from an approved provider that follows the guidelines of, and is insured by, the U.S. Department of Veteran's Affairs.",Yes,Yes,
,Property,MajorChangeType,Active,,ChangeType,Active,The change to the listing was a change of status to Active.,Yes,Yes,
,Property,MajorChangeType,ActiveUnderContract,,ChangeType,ActiveUnderContract,The change to the listing was a change of status to Active Under Contract.,Yes,Yes,
,Property,MajorChangeType,BackOnMarket,,ChangeType,BackOnMarket,The change to the listing was a change of status to Back On Market.,Yes,Yes,
,Property,MajorChangeType,Canceled,,ChangeType,Canceled,The change to the listing was a change of status to Canceled.,Yes,Yes,
,Property,MajorChangeType,Closed,,ChangeType,Closed,The change to the listing was a change of status to Closed.,Yes,Yes,
,Property,MajorChangeType,ComingSoon,,ChangeType,ComingSoon,The change to the listing was a change of status to Coming Soon.,Yes,Yes,
,Property,MajorChangeType,Deleted,,ChangeType,Deleted,The change to the listing was a change of status to Deleted.,Yes,Yes,
,Property,MajorChangeType,Expired,,ChangeType,Expired,The change to the listing was a change of status to Expired.,Yes,Yes,
,Property,MajorChangeType,Hold,,ChangeType,Hold,The change to the listing was a change of status to Hold.,Yes,Yes,
,Property,MajorChangeType,NewListing,,ChangeType,NewListing,The listing is new and hasn't had any status or price changes since its original input.,Yes,Yes,
,Property,MajorChangeType,Pending,,ChangeType,Pending,The change to the listing was a change of status to Pending.,Yes,Yes,
,Property,MajorChangeType,PriceChange,,ChangeType,PriceChange,The change to the listing was a change to the ListPrice.,Yes,Yes,
,Property,MajorChangeType,Withdrawn,,ChangeType,Withdrawn,The change to the listing was a change of status to Withdrawn.,Yes,Yes,
,Property,City,NewYorkCity,,City,NewYorkCity,The municipality is identified as New York City,Yes,Yes,
,Property,CityRegion,Bronx,,CityRegion,Bronx,The listing resides in the borough of The Bronx.,Yes,Yes,
,Property,CityRegion,Brooklyn,,CityRegion,Brooklyn,The listing resides in the borough of Brooklyn.,Yes,Yes,
,Property,CityRegion,Manhattan,,CityRegion,Manhattan,The listing resides in the borough of Manhattan.,Yes,Yes,
,Property,CityRegion,Queens,,CityRegion,Queens,The listing resides in the borough of Queens.,Yes,Yes,
,Property,CityRegion,StatenIsland,,CityRegion,StatenIsland,The listing resides in the borough of Staten Island.,Yes,Yes,
,Property,CoBrokeAgreement,Rundba,,CoBrokeAgreement,Rundba,"Any New Development listings, in buildings coming to market after September 2020.",Yes,Yes,
,Property,CoBrokeAgreement,Ucba,,CoBrokeAgreement,Ucba,Universal Co Brokerage Agreement (required for all RLS Participants).,Yes,Yes,
,Property,CommonInterest,CommunityApartment,,CommonInterest,CommunityApartment,Ownership interest where purchaser receives a partial/fractional interest in the land coupled with the right of exclusive occupancy of an apartment located thereon. The owners elect a governing board which operates and maintains the project.,Yes,Yes,
,Property,CommonInterest,Condominium,,CommonInterest,Condominium,"Ownership of an individual unit where each homeowner only owns their individual unit space and an undivided share in the ownership of common areas or in a common homeowner association (HOA). Generally, the ownership of the individual unit is described in a Condominium Plan and usually consists of ownership of the surface of the walls and the space within. The covenants, conditions and restrictions (CC&Rs) will detail what building components and other complex amenities are considered part of the common area and will describe the common area or HOA ownership percentages and maintenance responsibilities.",Yes,Yes,
,Property,CommonInterest,Condop,,CommonInterest,Condop,"Condop are mixed-use co-op buildings with commercial or non-residential space. As a result, they will have multiple boards that govern the residential and commercial parts of the building separately.",Yes,Yes,
,Property,CommonInterest,None,,CommonInterest,None,Ownership of an entire parcel or lot that is not in a common-interest development (CID) or not held subject to any other common interest rights.,Yes,Yes,
,Property,CommonInterest,PlannedDevelopment,,CommonInterest,PlannedDevelopment,"Ownership consisting of an individual lot or parcel, generally including the ownership of the land and any structures on the individual lot or parcel. Owners also receive use right in common areas that are generally owned by a homeowner association (HOA). Some common areas may be reserved for the use of some or all of the individual lot owners. Generally, the covenants, conditions and restrictions (CC&Rs) will detail the method of management, maintenance, use and control of the common areas and may provide for some control and maintenance of the individual lots.",Yes,Yes,
,Property,CommonInterest,RentalBuilding,,CommonInterest,RentalBuilding,"This classification indicates whether the building consists of all rental units (neither condo, coop, condop).",Yes,Yes,
,Property,CommonInterest,StockCooperative,,CommonInterest,StockCooperative,"Ownership of an interest in a corporation which is formed primarily for the purpose of holding title to improved real property, either in fee simple or for a term of years. All or substantially all of the shareholders receive a right of exclusive occupancy of a portion of the real property, which right is transferable only concurrently with the transfer of the share(s) of stock in the corporation.",Yes,Yes,
,Property,CommonInterest,Timeshare,,CommonInterest,Timeshare,Ownership in a time period or a point system granting possession rights to a unit or occupancy rights at a property. The property may be owned either by a number of individuals on a fractional basis or may be an interest in a corporation each with the right of possession for a specified time interval. Time-sharing is commonly applied to resort and vacation properties.,Yes,Yes,
,Property,Concessions,CallListingAgent,,Concessions,CallListingAgent,Call the listing agent for information about concessions made/offered by the seller.,Yes,Yes,
,Property,Concessions,No,,Concessions,No,There are no concessions included with this listing.,Yes,Yes,
,Property,Concessions,Yes,,Concessions,Yes,There are concessions that are part of the listing.,Yes,Yes,
,Property,ConstructionMaterials,Adobe,,ConstructionMaterials,Adobe,The structure was made wholly or partly with adobe.,Yes,Yes,
,Property,ConstructionMaterials,AluminumSiding,,ConstructionMaterials,AluminumSiding,The structure was made wholly or partly with aluminum siding.,Yes,Yes,
,Property,ConstructionMaterials,Asbestos,,ConstructionMaterials,Asbestos,The structure includes asbestos as a construction material.,Yes,Yes,
,Property,ConstructionMaterials,Asphalt,,ConstructionMaterials,Asphalt,The structure was made wholly or partly with asphalt.,Yes,Yes,
,Property,ConstructionMaterials,AtticCrawlHatchwaysInsulated,,ConstructionMaterials,AtticCrawlHatchwaysInsulated,"When not insulated, a home’s attic hatch or crawlspace hatch creates one of the biggest gaps in the building envelope, increasing heat loss in winter and heat gain in summer, while making indoor living areas uncomfortable. Insulation standards are clearly defined. http://www.ornl.gov/sci/roofs+walls/insulation/fact",Yes,Yes,
,Property,ConstructionMaterials,BattsInsulation,,ConstructionMaterials,BattsInsulation,"Rolls and batts, or blankets, are flexible products made from mineral fibers such as fiberglass, rock wool, cotton or wool. They are available in widths suited to standard spacing of wall studs and attic or floor joists.",Yes,Yes,
,Property,ConstructionMaterials,Block,,ConstructionMaterials,Block,The structure was made wholly or partly with block.,Yes,Yes,
,Property,ConstructionMaterials,BlownInInsulation,,ConstructionMaterials,BlownInInsulation,"Blown-in or loose-fill insulation is usually made of fiberglass, rock wool or cellulose in the form of loose fibers or fiber pellets installed using special pneumatic equipment. The blown-in material conforms readily to odd-sized building cavities and attics with wires, ducts and pipes, making it well suited for places where it is difficult to effectively install other types of insulation.",Yes,Yes,
,Property,ConstructionMaterials,BoardAndBattenSiding,,ConstructionMaterials,BoardAndBattenSiding,The structure was made wholly or partly with board & batten siding.,Yes,Yes,
,Property,ConstructionMaterials,Brick,,ConstructionMaterials,Brick,The structure was made wholly or partly with brick.,Yes,Yes,
,Property,ConstructionMaterials,BrickVeneer,,ConstructionMaterials,BrickVeneer,The structure was made wholly or partly with brick veneer.,Yes,Yes,
,Property,ConstructionMaterials,Cedar,,ConstructionMaterials,Cedar,The structure was made wholly or partly with cedar.,Yes,Yes,
,Property,ConstructionMaterials,CementSiding,,ConstructionMaterials,CementSiding,The structure was made wholly or partly with cement siding.,Yes,Yes,
,Property,ConstructionMaterials,Clapboard,,ConstructionMaterials,Clapboard,The structure was made wholly or partly with clapboard.,Yes,Yes,
,Property,ConstructionMaterials,Concrete,,ConstructionMaterials,Concrete,The structure was made wholly or partly with concrete.,Yes,Yes,
,Property,ConstructionMaterials,DuctsProfessionallyAirSealed,,ConstructionMaterials,DuctsProfessionallyAirSealed,The structure was made wholly or partly with ducts professionally air-sealed.,Yes,Yes,
,Property,ConstructionMaterials,ExteriorDuctWorkIsInsulated,,ConstructionMaterials,ExteriorDuctWorkIsInsulated,U.S. Department of Energy (DOE) estimates that heating and cooling ducts located in unconditioned spaces such as attics and garages can underperform by 60-75 percent. Exterior ducts that are properly insulated can save energy and reduce overall equipment sizing. Insulation standards are clearly defined at https://www.energy.gov/energysaver/insulation.,Yes,Yes,
,Property,ConstructionMaterials,FiberCement,,ConstructionMaterials,FiberCement,The structure was made wholly or partly with fiber cement.,Yes,Yes,
,Property,ConstructionMaterials,FiberglassSiding,,ConstructionMaterials,FiberglassSiding,The structure was made wholly or partly with fiberglass siding.,Yes,Yes,
,Property,ConstructionMaterials,FoamInsulation,,ConstructionMaterials,FoamInsulation,"Spray foam or foam-in-place insulation can be sprayed into walls, on attic surfaces, or under floors to insulate and reduce air leakage. There are two types of foam-in-place insulation: closed-cell and open-cell. Both are typically made with polyurethane. Closed-cell foam has a greater insulation value and provides stronger resistance against moisture and air leakage. Open-cell foam is lighter and less expensive but should not be used below ground level where it could absorb water.",Yes,Yes,
,Property,ConstructionMaterials,Frame,,ConstructionMaterials,Frame,The structure includes a frame.,Yes,Yes,
,Property,ConstructionMaterials,Glass,,ConstructionMaterials,Glass,The structure was made wholly or partly with glass.,Yes,Yes,
,Property,ConstructionMaterials,HardiplankType,,ConstructionMaterials,HardiplankType,The structure includes HardiPlank® siding as a construction material.,Yes,Yes,
,Property,ConstructionMaterials,IcatRecessedLighting,,ConstructionMaterials,IcatRecessedLighting,"ICAT (Insulation Contact Air Tight) recessed light fixtures are rated both to safely come in contact with insulation and are better airsealed. They can be installed safely with insulation and air sealing. These lights are different from IC (Insulation Contact) fixtures, which are not very airtight. They can also be identified by the wording “Washington State Approved.” Documentation on the installation is recommended because ICAT rating often requires that multiple components are used as specified by the manufacturer. Substitutions of components can negate the rating. More information can be found at http://energy.gov/energysaver/articles/tips-lighting and http://energy.gov/energysaver/articles/tips-insulation.",Yes,Yes,
,Property,ConstructionMaterials,InsulatedConcreteForms,,ConstructionMaterials,InsulatedConcreteForms,The structure was made wholly or partly with insulated concrete forms.,Yes,Yes,
,Property,ConstructionMaterials,LapSiding,,ConstructionMaterials,LapSiding,The structure was made wholly or partly with lap siding.,Yes,Yes,
,Property,ConstructionMaterials,Log,,ConstructionMaterials,Log,The structure was made wholly or partly with log.,Yes,Yes,
,Property,ConstructionMaterials,LogSiding,,ConstructionMaterials,LogSiding,The structure was made wholly or partly with log siding.,Yes,Yes,
,Property,ConstructionMaterials,LowVocInsulation,,ConstructionMaterials,LowVocInsulation,Volatile organic compounds (VOCs) are emitted as gases from certain solids or liquids. Different types of insulation can be certified for having low VOC content by third-party verifiers such as GreenGuard.,Yes,Yes,
,Property,ConstructionMaterials,Masonite,,ConstructionMaterials,Masonite,The structure was made wholly or partly with Masonite.,Yes,Yes,
,Property,ConstructionMaterials,MetalSiding,,ConstructionMaterials,MetalSiding,The structure was made wholly or partly with metal siding.,Yes,Yes,
,Property,ConstructionMaterials,NaturalBuilding,,ConstructionMaterials,NaturalBuilding,The structure was made wholly or partly with natural building.,Yes,Yes,
,Property,ConstructionMaterials,Other,,ConstructionMaterials,Other,The structure was made wholly or partly with other construction materials.,Yes,Yes,
,Property,ConstructionMaterials,Plaster,,ConstructionMaterials,Plaster,The structure was made wholly or partly with plaster.,Yes,Yes,
,Property,ConstructionMaterials,RadiantBarrier,,ConstructionMaterials,RadiantBarrier,The structure was made wholly or partly with radiant barrier.,Yes,Yes,
,Property,ConstructionMaterials,RammedEarth,,ConstructionMaterials,RammedEarth,The structure was made wholly or partly with rammed earth.,Yes,Yes,
,Property,ConstructionMaterials,RecycledBioBasedInsulation,,ConstructionMaterials,RecycledBioBasedInsulation,"Insulation can be made from natural or recycled materials ranging from paper to soy to denim, using sustainable materials to improve energy efficiency.",Yes,Yes,
,Property,ConstructionMaterials,RedwoodSiding,,ConstructionMaterials,RedwoodSiding,The structure was made wholly or partly with redwood siding.,Yes,Yes,
,Property,ConstructionMaterials,SeeRemarks,,ConstructionMaterials,SeeRemarks,See remarks for more information about what the structure was wholly or partly made of.,Yes,Yes,
,Property,ConstructionMaterials,ShakeSiding,,ConstructionMaterials,ShakeSiding,The structure was made wholly or partly with shake siding.,Yes,Yes,
,Property,ConstructionMaterials,ShingleSiding,,ConstructionMaterials,ShingleSiding,The structure was made wholly or partly with shingle siding.,Yes,Yes,
,Property,ConstructionMaterials,SlumpBlock,,ConstructionMaterials,SlumpBlock,The structure was made wholly or partly with slump block.,Yes,Yes,
,Property,ConstructionMaterials,SprayFoamInsulation,,ConstructionMaterials,SprayFoamInsulation,The structure was made wholly or partly with spray foam insulation.,Yes,Yes,
,Property,ConstructionMaterials,SteelSiding,,ConstructionMaterials,SteelSiding,The structure was made wholly or partly with steel siding.,Yes,Yes,
,Property,ConstructionMaterials,SteelFrame,,ConstructionMaterials,SteelFrame,The framing of the structure is made of cold-formed steel (CFS).,Yes,Yes,
,Property,ConstructionMaterials,Stone,,ConstructionMaterials,Stone,The structure was made wholly or partly with stone.,Yes,Yes,
,Property,ConstructionMaterials,StoneVeneer,,ConstructionMaterials,StoneVeneer,The structure was made wholly or partly with stone veneer.,Yes,Yes,
,Property,ConstructionMaterials,Straw,,ConstructionMaterials,Straw,The structure was made wholly or partly with straw.,Yes,Yes,
,Property,ConstructionMaterials,Stucco,,ConstructionMaterials,Stucco,The structure was made wholly or partly with stucco.,Yes,Yes,
,Property,ConstructionMaterials,SyntheticStucco,,ConstructionMaterials,SyntheticStucco,The structure was made wholly or partly with synthetic stucco.,Yes,Yes,
,Property,ConstructionMaterials,Unknown,,ConstructionMaterials,Unknown,It is unknown what the structure was wholly or partly made of.,Yes,Yes,
,Property,ConstructionMaterials,VerticalSiding,,ConstructionMaterials,VerticalSiding,The structure was made wholly or partly with vertical siding.,Yes,Yes,
,Property,ConstructionMaterials,VinylSiding,,ConstructionMaterials,VinylSiding,The structure was made wholly or partly with vinyl siding.,Yes,Yes,
,Property,ConstructionMaterials,WoodSiding,,ConstructionMaterials,WoodSiding,The structure was made wholly or partly with wood siding.,Yes,Yes,
,Property,Cooling,AtticFan,,Cooling,AtticFan,The property has an attic fan.,Yes,Yes,
,Property,Cooling,BuildingCooling,,Cooling,BuildingCooling,The building has a cooling system.,Yes,Yes,
,Property,Cooling,CeilingFans,,Cooling,CeilingFans,The property has one or more ceiling fans.,Yes,Yes,
,Property,Cooling,CentralAir,,Cooling,CentralAir,The property has central air conditioning.,Yes,Yes,
,Property,Cooling,Dual,,Cooling,Dual,The cooling system has two units.,Yes,Yes,
,Property,Cooling,Ductless,,Cooling,Ductless,"The cooling system does not have ducted or a wall/window-type unit. A mini-split is a common type of ductless system where an outdoor condenser is connected to an indoor fan unit that feeds the room in which it's located, rather than being ducted throughout the structure.",Yes,Yes,
,Property,Cooling,Electric,,Cooling,Electric,The cooling system is powered by electricity.,Yes,Yes,
,Property,Cooling,EnergyStarQualifiedEquipment,,Cooling,EnergyStarQualifiedEquipment,The cooling system is qualified as ENERGY STAR.,Yes,Yes,
,Property,Cooling,EvaporativeCooling,,Cooling,EvaporativeCooling,The cooling system works by way of water evaporation rather than a compressor and coolant. Evaporative cooling systems are often referred to as swamp coolers.,Yes,Yes,
,Property,Cooling,ExhaustFan,,Cooling,ExhaustFan,The structure has an exhaust fan.,Yes,Yes,
,Property,Cooling,Gas,,Cooling,Gas,The cooling system is powered by gas.,Yes,Yes,
,Property,Cooling,Geothermal,,Cooling,Geothermal,The cooling system runs on a geothermal source.,Yes,Yes,
,Property,Cooling,HeatPump,,Cooling,HeatPump,"A system that exchanges heat between a warm and cool space. The heat exchange is done between the dwelling and another air space, like outdoors; or a water source; or below ground (geothermal).",Yes,Yes,
,Property,Cooling,HumidityControl,,Cooling,HumidityControl,The cooling system includes humidity control.,Yes,Yes,
,Property,Cooling,MultiUnits,,Cooling,MultiUnits,The cooling system includes more than one unit.,Yes,Yes,
,Property,Cooling,None,,Cooling,None,The property includes no cooling system.,Yes,Yes,
,Property,Cooling,Other,,Cooling,Other,The cooling system is different or has features that are not included on this list.,Yes,Yes,
,Property,Cooling,RoofTurbines,,Cooling,RoofTurbines,The cooling system utilizes a roof turbine.,Yes,Yes,
,Property,Cooling,SeparateMeters,,Cooling,SeparateMeters,The cooling system has separate meters for its multiple units/zones.,Yes,Yes,
,Property,Cooling,VariesByUnit,,Cooling,VariesByUnit,The cooling equipment varies by unit.,Yes,Yes,
,Property,Cooling,WallUnits,,Cooling,WallUnits,The cooling system is mounted in an opening in the wall or in a window.,Yes,Yes,
,Property,Cooling,WallWindowUnits,,Cooling,WallWindowUnits,The cooling system is stand alone and mounted in an opening in an outer wall.,Yes,Yes,
,Property,Cooling,WholeHouseFan,,Cooling,WholeHouseFan,The property has a whole house fan.,Yes,Yes,
,Property,Cooling,WindowUnits,,Cooling,WindowUnits,The cooling system is window mounted.,Yes,Yes,
,Property,Cooling,Zoned,,Cooling,Zoned,The cooling system has more than one zone.,Yes,Yes,
,Property,,,,CoOwnershipInterest,12,Indicates the listing interest is 1/2.,Yes,Yes,
,Property,,,,CoOwnershipInterest,14,Indicates the listing interest is 1/4.,Yes,Yes,
,Property,,,,CoOwnershipInterest,18,Indicates the listing interest is 1/8.,Yes,Yes,
,Property,,,,CoOwnershipInterest,110,Indicates the listing interest is 1/10.,Yes,Yes,
,Property,,,,CoOwnershipInterest,112,Indicates the listing interest is 1/12.,Yes,Yes,
,Property,,,,CoOwnershipInterest,152,Indicates the listing interest is 1/52.,Yes,Yes,
,Property,Country,US,,Country,US,"United States is the country in which the individual, entity or property is located. The two letter code is based on ISO standard 3166.",Yes,Yes,
,Property,CountyOrParish,Bronx,,CountyOrParish,Bronx,Borough = Bronx,Yes,Yes,
,Property,CountyOrParish,Kings,,CountyOrParish,Kings,Borough = Brooklyn,Yes,Yes,
,Property,CountyOrParish,NewYork,,CountyOrParish,NewYork,Borough = Manhattan,Yes,Yes,
,Property,CountyOrParish,Queens,,CountyOrParish,Queens,Borough = Queens,Yes,Yes,
,Property,CountyOrParish,Richmond,,CountyOrParish,Richmond,Borough = Staten Island,Yes,Yes,
,Property,CurrentUse,Investment,,CurrentUse,Investment,This listing is currently used as or could be used as an investment.,Yes,Yes,
,Property,CurrentUse,MedicalDental,,CurrentUse,MedicalDental,This listing is currently used for or could be used for a medical/dental busniess.,Yes,Yes,
,Property,CurrentUse,MiniStorage,,CurrentUse,MiniStorage,This listing is currently used for or could be used for a mini storage business.,Yes,Yes,
,Property,CurrentUse,MixedUse,,CurrentUse,MixedUse,This listing is currently used for or could be used for mixed uses.,Yes,Yes,
,Property,CurrentUse,MultiFamily,,CurrentUse,MultiFamily,The listing is currently used for or could be used for a multifamily dwelling or dwellings.,Yes,Yes,
,Property,CurrentUse,Office,,CurrentUse,Office,This listing is currently used as or could be used as office space.,Yes,Yes,
,Property,CurrentUse,Other,,CurrentUse,Other,The listing is currently used for or could be used for some use other than those on this list.,Yes,Yes,
,Property,CurrentUse,Residential,,CurrentUse,Residential,This listing is currently used for or could be used for residential purposes.,Yes,Yes,
,Property,CurrentUse,Retail,,CurrentUse,Retail,This listing is currently used for or could be used for retail purposes.,Yes,Yes,
,Property,CurrentUse,SeeRemarks,,CurrentUse,SeeRemarks,See listing public or private remarks for details on the current or possible use.,Yes,Yes,
,Property,CurrentUse,SingleFamily,,CurrentUse,SingleFamily,The listing is currently used for single-family residence.,Yes,Yes,
,Property,CurrentUse,Vacant,,CurrentUse,Vacant,The listing is currently vacant.,Yes,Yes,
,Property,DevelopmentStatus,Completed,,DevelopmentStatus,Completed,The development of the land is complete.,Yes,Yes,
,Property,DevelopmentStatus,FinishedLots,,DevelopmentStatus,FinishedLots,The development of the land is finished.,Yes,Yes,
,Property,DevelopmentStatus,Other,,DevelopmentStatus,Other,The development status of the land is something other than those options on this list.,Yes,Yes,
,Property,DevelopmentStatus,Proposed,,DevelopmentStatus,Proposed,The development of the land is in the proposal phase.,Yes,Yes,
,Property,DevelopmentStatus,RawLand,,DevelopmentStatus,RawLand,The land is raw and undeveloped.,Yes,Yes,
,Property,DevelopmentStatus,RoughGrade,,DevelopmentStatus,RoughGrade,The development of the last is in the rough grade phase.,Yes,Yes,
,Property,DevelopmentStatus,SeeRemarks,,DevelopmentStatus,SeeRemarks,See the public or private remarks for details on the development status of the land.,Yes,Yes,
,Property,DevelopmentStatus,SitePlanApproved,,DevelopmentStatus,SitePlanApproved,The site plan has been approved for the development.,Yes,Yes,
,Property,DevelopmentStatus,SitePlanFiled,,DevelopmentStatus,SitePlanFiled,The site plan has been filed for the development.,Yes,Yes,
,Property,DevelopmentStatus,UnderConstruction,,DevelopmentStatus,UnderConstruction,There is construction in progress at the development.,Yes,Yes,
,Property,DocumentsAvailable,BuildingRules,,DocumentsAvailable,BuildingRules,There is a Building Rules document available upon request.,Yes,Yes,
,Property,DocumentsAvailable,BylawsAndAmendments,,DocumentsAvailable,BylawsAndAmendments,There is a Bylaws and Amendments document available upon request.,Yes,Yes,
,Property,DocumentsAvailable,ComingSoonOwnerAuthorization,,DocumentsAvailable,ComingSoonOwnerAuthorization,There is a Coming Soon Owner Authorization document available upon request.,Yes,No,
,Property,DocumentsAvailable,FinancialStatement,,DocumentsAvailable,FinancialStatement,There is a Financial Statement document available upon request.,Yes,Yes,
,Property,DocumentsAvailable,OfferingPlan,,DocumentsAvailable,OfferingPlan,There is a Offering Plan document available upon request.,Yes,Yes,
,Property,DocumentsAvailable,OwnerOptOutAuthorization,,DocumentsAvailable,OwnerOptOutAuthorization,There is a Owner Opt-Out document available upon request.,Yes,No,
,Property,DocumentsAvailable,ResaleBoardPackageTemplate,,DocumentsAvailable,ResaleBoardPackageTemplate,There is a Resale Board Package Template document available upon request.,Yes,Yes,
,Property,DocumentsAvailable,ScheduleA,,DocumentsAvailable,ScheduleA,There is a Schedule A document available upon request.,Yes,Yes,
,Property,DoorFeatures,EnergyStarQualifiedDoors,,DoorFeatures,EnergyStarQualifiedDoors,The property has a qualified ENERGY STAR door or multiple qualified doors.,Yes,Yes,
,Property,DoorFeatures,FrenchDoors,,DoorFeatures,FrenchDoors,The property has doors with glass panes throughout the length of the door.,Yes,Yes,
,Property,DoorFeatures,MirroredClosetDoors,,DoorFeatures,MirroredClosetDoors,The property has one or more closet doors that have a mirrored surface.,Yes,Yes,
,Property,DoorFeatures,SlidingDoors,,DoorFeatures,SlidingDoors,The property has sliding doors.,Yes,Yes,
,Property,DoorFeatures,StormDoors,,DoorFeatures,StormDoors,The property has one or more storm doors.,Yes,Yes,
,Property,Electric,Amps100,,Electric,Amps100,The electrical features of the property include 100 amp service.,Yes,Yes,
,Property,Electric,Amps150,,Electric,Amps150,The electrical features of the property include 150 amp service.,Yes,Yes,
,Property,Electric,Amps200OrMore,,Electric,Amps200OrMore,The electrical features of the property include 200+ amp service.,Yes,Yes,
,Property,Electric,CircuitBreakers,,Electric,CircuitBreakers,The electrical features of the property include circuit breakers.,Yes,Yes,
,Property,Electric,EnergyStorageDevice,,Electric,EnergyStorageDevice,"A device that captures energy at one time to be used at a later time. Most commonly, these refer to a single stand-alone battery or groups of stand-alone batteries, such as could be used as backup power, but it also might include flywheels or other devices to store power.",Yes,Yes,
,Property,Electric,Fuses,,Electric,Fuses,The electrical features of the property include fuses.,Yes,Yes,
,Property,Electric,Generator,,Electric,Generator,The electrical features of the property include a generator.,Yes,Yes,
,Property,Electric,NetMeter,,Electric,NetMeter,"Net metering is an electric service that allows electricity generated on a consumer’s site (""on-site"") to offset that consumer’s use. This generation can include (generally small) renewable energy facilities (such as wind, solar power, fuel cells or hydro). Net meters might also be used with energy storage devices such as batteries (stand alone or for electric vehicles). Net meters can ""spin backwards"" such that at the end of the billing period, the consumer only pays for its use, less what it produced (i.e., the ""net"").",Yes,Yes,
,Property,Electric,PhotovoltaicsSellerOwned,,Electric,PhotovoltaicsSellerOwned,The electrical features of the property include a solar photovoltaic system that is owned by the seller.,Yes,Yes,
,Property,Electric,PhotovoltaicsThirdPartyOwned,,Electric,PhotovoltaicsThirdPartyOwned,The electrical features of the property include a solar photovoltaic system owned by a third party. This is typically a lease but may be some other arrangement where the property owner does not own the photovoltaic system.,Yes,Yes,
,Property,Electric,PreWiredForRenewables,,Electric,PreWiredForRenewables,"Indicates the electric infrastructure on the property has been extended to more easily incorporate an on-site electric generation facility in the future. This would often include, for example, installing conduit and wire from the generation facility to the electric panel, designating circuits on the panel for that generation and/or leaving room near the panel for future components, such as an inverter.",Yes,Yes,
,Property,Electric,ReadyForRenewables,,Electric,ReadyForRenewables,"Indicates a comprehensive infrastructure is in place on the property to more easily incorporate an on-site electric generation facility in the future. This can be confirmed via supporting documentation like a checklist provided by the Department of Energy (DOE) Zero Energy Ready Homes program. Solar photovoltaic (PV) ready, for example, would often include extensive efficiency measures such as insulation and appliances, architectural drawings that design for a clear roof space, installing conduit from the attic to the electric panel, dedicated circuits on the electric panel and leaving room near the panel for future components of a solar electric system, such as an inverter. Local requirements may vary. Source: DOE Zero Energy Ready Home (http://energy.gov/sites/prod/files/2015/05/f22/PV-Ready%20Checklist.pdf).",Yes,Yes,
,Property,Electric,Underground,,Electric,Underground,The electrical features of the property include components that are underground.,Yes,Yes,
,Property,Electric,Volts220,,Electric,Volts220,The electrical features of the property include 220 volts.,Yes,Yes,
,Property,Electric,Volts220ForSpa,,Electric,Volts220ForSpa,The electrical features of the property include 220 volts for spa.,Yes,Yes,
,Property,Electric,Volts220InGarage,,Electric,Volts220InGarage,The electrical features of the property include 220 volts in garage.,Yes,Yes,
,Property,Electric,Volts220InKitchen,,Electric,Volts220InKitchen,The electrical features of the property include 220 volts in kitchen.,Yes,Yes,
,Property,Electric,Volts220InLanudry,,Electric,Volts220InLanudry,The electrical features of the property include 220 volts in laundry.,Yes,Yes,
,Property,Electric,Volts220InWorkshop,,Electric,Volts220InWorkshop,The electrical features of the property include 220 volts in workshop.,Yes,Yes,
,Property,Electric,Volts440,,Electric,Volts440,The electrical features of the property include 440 volts.,Yes,Yes,
,Property,Electric,WindTurbineSellerOwned,,Electric,WindTurbineSellerOwned,A wind turbine is provided on the property to generate electricity. Seller owned turbines are typically considered real property and can be transferred with the property.,Yes,Yes,
,Property,Electric,WindTurbineThirdPartyOwned,,Electric,WindTurbineThirdPartyOwned,A wind turbine is provided on the property to generate electricity. The homeowner enters a lease agreement with the owner of the wind turbine(s). Third-Party Owned turbines indicate a lease or a Power Purchase Agreement (PPA) exists. The lease/PPA can often be transferred but the financing company has to agree. See CurrentFinancing field for important further definition of these models.,Yes,Yes,
,Property,Exposures,East,,Exposures,East,The property listed has exposure facing east.,Yes,Yes,
,Property,Exposures,North,,Exposures,North,The property listed has exposure facing north.,Yes,Yes,
,Property,Exposures,South,,Exposures,South,The property listed has exposure facing south.,Yes,Yes,
,Property,Exposures,West,,Exposures,West,The property listed has exposure facing west.,Yes,Yes,
,Property,ExteriorFeatures,Awnings,,ExteriorFeatures,Awnings,The property has one or more awnings on its exterior.,Yes,Yes,
,Property,ExteriorFeatures,Balcony,,ExteriorFeatures,Balcony,The property has an exterior balcony.,Yes,Yes,
,Property,ExteriorFeatures,Barbecue,,ExteriorFeatures,Barbecue,The property has an outdoor barbeque.,Yes,Yes,
,Property,ExteriorFeatures,BasketballCourt,,ExteriorFeatures,BasketballCourt,The property has a basketball court.,Yes,Yes,
,Property,ExteriorFeatures,BuiltInBarbecue,,ExteriorFeatures,BuiltInBarbecue,The property has a built-in outdoor barbeque.,Yes,Yes,
,Property,ExteriorFeatures,Courtyard,,ExteriorFeatures,Courtyard,The property has a courtyard.,Yes,Yes,
,Property,ExteriorFeatures,CoveredCourtyard,,ExteriorFeatures,CoveredCourtyard,The property has a covered courtyard.,Yes,Yes,
,Property,ExteriorFeatures,ElectricGrill,,ExteriorFeatures,ElectricGrill,The property has an outdoor electric grill.,Yes,Yes,
,Property,ExteriorFeatures,FirePit,,ExteriorFeatures,FirePit,The property has an outdoor fire pit.,Yes,Yes,
,Property,ExteriorFeatures,Garden,,ExteriorFeatures,Garden,The property has a garden.,Yes,Yes,
,Property,ExteriorFeatures,GasGrill,,ExteriorFeatures,GasGrill,The property has an outdoor gas grill.,Yes,Yes,
,Property,ExteriorFeatures,JulietBalcony,,ExteriorFeatures,JulietBalcony,The listing/unit includes juliet balcony.,Yes,Yes,
,Property,ExteriorFeatures,Lighting,,ExteriorFeatures,Lighting,The property has exterior lighting.,Yes,Yes,
,Property,ExteriorFeatures,MistingSystem,,ExteriorFeatures,MistingSystem,The property has a misting system.,Yes,Yes,
,Property,ExteriorFeatures,None,,ExteriorFeatures,None,The property has no exterior features.,Yes,Yes,
,Property,ExteriorFeatures,Other,,ExteriorFeatures,Other,The property has exterior features other than those on this list.,Yes,Yes,
,Property,ExteriorFeatures,OutdoorGrill,,ExteriorFeatures,OutdoorGrill,The property has an outdoor grill.,Yes,Yes,
,Property,ExteriorFeatures,OutdoorKitchen,,ExteriorFeatures,OutdoorKitchen,The property has an outdoor kitchen.,Yes,Yes,
,Property,ExteriorFeatures,OutdoorShower,,ExteriorFeatures,OutdoorShower,The property has an outdoor shower.,Yes,Yes,
,Property,ExteriorFeatures,Playground,,ExteriorFeatures,Playground,The property has a playground.,Yes,Yes,
,Property,ExteriorFeatures,PrivateEntrance,,ExteriorFeatures,PrivateEntrance,The property has a private entrance.,Yes,Yes,
,Property,ExteriorFeatures,PrivateYard,,ExteriorFeatures,PrivateYard,The property has a private yard.,Yes,Yes,
,Property,ExteriorFeatures,RoofDeck,,ExteriorFeatures,RoofDeck,The listing/unit has direct access to a roofdeck.,Yes,Yes,
,Property,ExteriorFeatures,Storage,,ExteriorFeatures,Storage,The property has external storage.,Yes,Yes,
,Property,ExteriorFeatures,TennisCourts,,ExteriorFeatures,TennisCourts,The property has one or more tennis courts.,Yes,Yes,
,Property,ExteriorFeatures,UncoveredCourtyard,,ExteriorFeatures,UncoveredCourtyard,The property has an uncovered courtyard.,Yes,Yes,
,Property,AssociationFee2Frequency,Annually,,FeeFrequency,Annually,A fee is paid or received once a year.,Yes,Yes,
,Property,AssociationFeeFrequency,Annually,,FeeFrequency,Annually,A fee is paid or received once a year.,Yes,Yes,
,Property,LandLeaseAmountFrequency,Annually,,FeeFrequency,Annually,A fee is paid or received once a year.,Yes,Yes,
,Property,AssociationFee2Frequency,BiMonthly,,FeeFrequency,BiMonthly,A fee is paid or received every other month.,Yes,Yes,
,Property,AssociationFeeFrequency,BiMonthly,,FeeFrequency,BiMonthly,A fee is paid or received every other month.,Yes,Yes,
,Property,LandLeaseAmountFrequency,BiMonthly,,FeeFrequency,BiMonthly,A fee is paid or received every other month.,Yes,Yes,
,Property,AssociationFee2Frequency,BiWeekly,,FeeFrequency,BiWeekly,A fee is paid or received every other week.,Yes,Yes,
,Property,AssociationFeeFrequency,BiWeekly,,FeeFrequency,BiWeekly,A fee is paid or received every other week.,Yes,Yes,
,Property,LandLeaseAmountFrequency,BiWeekly,,FeeFrequency,BiWeekly,A fee is paid or received every other week.,Yes,Yes,
,Property,AssociationFee2Frequency,Daily,,FeeFrequency,Daily,A fee is paid or received daily.,Yes,Yes,
,Property,AssociationFeeFrequency,Daily,,FeeFrequency,Daily,A fee is paid or received daily.,Yes,Yes,
,Property,LandLeaseAmountFrequency,Daily,,FeeFrequency,Daily,A fee is paid or received daily.,Yes,Yes,
,Property,AssociationFee2Frequency,Monthly,,FeeFrequency,Monthly,A fee is paid or received once a month.,Yes,Yes,
,Property,AssociationFeeFrequency,Monthly,,FeeFrequency,Monthly,A fee is paid or received once a month.,Yes,Yes,
,Property,LandLeaseAmountFrequency,Monthly,,FeeFrequency,Monthly,A fee is paid or received once a month.,Yes,Yes,
,Property,AssociationFee2Frequency,OneTime,,FeeFrequency,OneTime,A fee is paid or received once and is not reoccurring.,Yes,Yes,
,Property,AssociationFeeFrequency,OneTime,,FeeFrequency,OneTime,A fee is paid or received once and is not reoccurring.,Yes,Yes,
,Property,LandLeaseAmountFrequency,OneTime,,FeeFrequency,OneTime,A fee is paid or received once and is not reoccurring.,Yes,Yes,
,Property,AssociationFee2Frequency,Quarterly,,FeeFrequency,Quarterly,A fee is paid or received every three months.,Yes,Yes,
,Property,AssociationFeeFrequency,Quarterly,,FeeFrequency,Quarterly,A fee is paid or received every three months.,Yes,Yes,
,Property,LandLeaseAmountFrequency,Quarterly,,FeeFrequency,Quarterly,A fee is paid or received every three months.,Yes,Yes,
,Property,AssociationFee2Frequency,Seasonal,,FeeFrequency,Seasonal,A fee is paid or received seasonally.,Yes,Yes,
,Property,AssociationFeeFrequency,Seasonal,,FeeFrequency,Seasonal,A fee is paid or received seasonally.,Yes,Yes,
,Property,LandLeaseAmountFrequency,Seasonal,,FeeFrequency,Seasonal,A fee is paid or received seasonally.,Yes,Yes,
,Property,AssociationFee2Frequency,SemiAnnually,,FeeFrequency,SemiAnnually,A fee is paid or received twice a year.,Yes,Yes,
,Property,AssociationFeeFrequency,SemiAnnually,,FeeFrequency,SemiAnnually,A fee is paid or received twice a year.,Yes,Yes,
,Property,LandLeaseAmountFrequency,SemiAnnually,,FeeFrequency,SemiAnnually,A fee is paid or received twice a year.,Yes,Yes,
,Property,AssociationFee2Frequency,SemiMonthly,,FeeFrequency,SemiMonthly,"A fee is paid or received twice a month, generally on the 1st and 15th, but that may vary.",Yes,Yes,
,Property,AssociationFeeFrequency,SemiMonthly,,FeeFrequency,SemiMonthly,"A fee is paid or received twice a month, generally on the 1st and 15th, but that may vary.",Yes,Yes,
,Property,LandLeaseAmountFrequency,SemiMonthly,,FeeFrequency,SemiMonthly,"A fee is paid or received twice a month, generally on the 1st and 15th, but that may vary.",Yes,Yes,
,Property,AssociationFee2Frequency,Weekly,,FeeFrequency,Weekly,A fee is paid or received weekly.,Yes,Yes,
,Property,AssociationFeeFrequency,Weekly,,FeeFrequency,Weekly,A fee is paid or received weekly.,Yes,Yes,
,Property,LandLeaseAmountFrequency,Weekly,,FeeFrequency,Weekly,A fee is paid or received weekly.,Yes,Yes,
,Property,Fencing,BackYard,,Fencing,BackYard,The backyard is fenced.,Yes,Yes,
,Property,Fencing,BarbedWire,,Fencing,BarbedWire,The fencing has barbed wire.,Yes,Yes,
,Property,Fencing,Block,,Fencing,Block,The property has one or more block walls.,Yes,Yes,
,Property,Fencing,Brick,,Fencing,Brick,The property has one or more brick walls.,Yes,Yes,
,Property,Fencing,ChainLink,,Fencing,ChainLink,The property has chain-link fencing.,Yes,Yes,
,Property,Fencing,CrossFenced,,Fencing,CrossFenced,The property is cross fenced.,Yes,Yes,
,Property,Fencing,Electric,,Fencing,Electric,The property has electric fencing.,Yes,Yes,
,Property,Fencing,Fenced,,Fencing,Fenced,The property is fenced.,Yes,Yes,
,Property,Fencing,FrontYard,,Fencing,FrontYard,The front yard is fenced.,Yes,Yes,
,Property,Fencing,Full,,Fencing,Full,The full property is fenced.,Yes,Yes,
,Property,Fencing,Gate,,Fencing,Gate,The fencing has one or more gates.,Yes,Yes,
,Property,Fencing,Invisible,,Fencing,Invisible,The property has invisible fencing.,Yes,Yes,
,Property,Fencing,Masonry,,Fencing,Masonry,The property has one or more masonry walls.,Yes,Yes,
,Property,Fencing,None,,Fencing,None,The property has no fencing.,Yes,Yes,
,Property,Fencing,Other,,Fencing,Other,The property has a type of fencing that is not included on this list.,Yes,Yes,
,Property,Fencing,Partial,,Fencing,Partial,The property is partially fenced.,Yes,Yes,
,Property,Fencing,PartialCross,,Fencing,PartialCross,The property has partial cross fencing.,Yes,Yes,
,Property,Fencing,Perimeter,,Fencing,Perimeter,The property has a perimeter fence.,Yes,Yes,
,Property,Fencing,Pipe,,Fencing,Pipe,The property has pipe fencing.,Yes,Yes,
,Property,Fencing,Privacy,,Fencing,Privacy,The property has privacy fencing.,Yes,Yes,
,Property,Fencing,Security,,Fencing,Security,The property has security fencing.,Yes,Yes,
,Property,Fencing,SeeRemarks,,Fencing,SeeRemarks,See the public or private remarks for details on the fencing.,Yes,Yes,
,Property,Fencing,SlumpStone,,Fencing,SlumpStone,The property has one or more slump stone walls.,Yes,Yes,
,Property,Fencing,SplitRail,,Fencing,SplitRail,The property has split rail fencing.,Yes,Yes,
,Property,Fencing,Stone,,Fencing,Stone,The property has one or more stone walls.,Yes,Yes,
,Property,Fencing,Vinyl,,Fencing,Vinyl,The property has vinyl fencing.,Yes,Yes,
,Property,Fencing,Wire,,Fencing,Wire,The property has wire fencing.,Yes,Yes,
,Property,Fencing,Wood,,Fencing,Wood,The property has wooden fencing.,Yes,Yes,
,Property,Fencing,WroughtIron,,Fencing,WroughtIron,The property has wrought iron fencing.,Yes,Yes,
,Property,FireplaceFeatures,Basement,,FireplaceFeatures,Basement,There is a fireplace in the basement.,Yes,Yes,
,Property,FireplaceFeatures,Bath,,FireplaceFeatures,Bath,The property includes a bathroom fireplace.,Yes,Yes,
,Property,FireplaceFeatures,Bedroom,,FireplaceFeatures,Bedroom,The property has a bedroom fireplace.,Yes,Yes,
,Property,FireplaceFeatures,BlowerFan,,FireplaceFeatures,BlowerFan,The fireplace has a blower fan.,Yes,Yes,
,Property,FireplaceFeatures,Circulating,,FireplaceFeatures,Circulating,The fireplace has a circulation system.,Yes,Yes,
,Property,FireplaceFeatures,Decorative,,FireplaceFeatures,Decorative,The property has a decorative fireplace.,Yes,Yes,
,Property,FireplaceFeatures,Den,,FireplaceFeatures,Den,The property has a fireplace in the den.,Yes,Yes,
,Property,FireplaceFeatures,DiningRoom,,FireplaceFeatures,DiningRoom,The property has a fireplace in the dining room.,Yes,Yes,
,Property,FireplaceFeatures,DoubleSided,,FireplaceFeatures,DoubleSided,The property has a double-sided fireplace. Double-sided fireplaces often have openings in adjacent rooms.,Yes,Yes,
,Property,FireplaceFeatures,Electric,,FireplaceFeatures,Electric,The fireplace is electric.,Yes,Yes,
,Property,FireplaceFeatures,EpaCertifiedWoodStove,,FireplaceFeatures,EpaCertifiedWoodStove,The property has a wood stove certified by the Environmental Protection Agency (EPA).,Yes,Yes,
,Property,FireplaceFeatures,EpaQualifiedFireplace,,FireplaceFeatures,EpaQualifiedFireplace,The property has a fireplace certified by the Environmental Protection Agency (EPA).,Yes,Yes,
,Property,FireplaceFeatures,FactoryBuilt,,FireplaceFeatures,FactoryBuilt,The fireplace is factory built and later installed into the property.,Yes,Yes,
,Property,FireplaceFeatures,FamilyRoom,,FireplaceFeatures,FamilyRoom,There is a fireplace in the family room.,Yes,Yes,
,Property,FireplaceFeatures,FirePit,,FireplaceFeatures,FirePit,The property has a fire pit.,Yes,Yes,
,Property,FireplaceFeatures,FreeStanding,,FireplaceFeatures,FreeStanding,"The fireplace is free standing, rather than built-in.",Yes,Yes,
,Property,FireplaceFeatures,Gas,,FireplaceFeatures,Gas,The fireplace burns gas.,Yes,Yes,
,Property,FireplaceFeatures,GasLog,,FireplaceFeatures,GasLog,The gas fireplace has a gas log.,Yes,Yes,
,Property,FireplaceFeatures,GasStarter,,FireplaceFeatures,GasStarter,The fireplace has a gas starter but also burns wood or other fuels.,Yes,Yes,
,Property,FireplaceFeatures,GlassDoors,,FireplaceFeatures,GlassDoors,The fireplace has glass doors.,Yes,Yes,
,Property,FireplaceFeatures,GreatRoom,,FireplaceFeatures,GreatRoom,There is a fireplace in the great room.,Yes,Yes,
,Property,FireplaceFeatures,Heatilator,,FireplaceFeatures,Heatilator,The fireplace has a built-in ventilation system used to circulate heat.,Yes,Yes,
,Property,FireplaceFeatures,Insert,,FireplaceFeatures,Insert,"A fireplace insert is a device inserted into an existing masonry or prefabricated fireplace. Inserts are used for their aesthetic, insulating, circulating or other features.",Yes,Yes,
,Property,FireplaceFeatures,Kitchen,,FireplaceFeatures,Kitchen,The property has a fireplace in the kitchen.,Yes,Yes,
,Property,FireplaceFeatures,Library,,FireplaceFeatures,Library,The property has a fireplace in the library.,Yes,Yes,
,Property,FireplaceFeatures,LivingRoom,,FireplaceFeatures,LivingRoom,The property has a fireplace in the living room.,Yes,Yes,
,Property,FireplaceFeatures,Masonry,,FireplaceFeatures,Masonry,The fireplace is made of masonry.,Yes,Yes,
,Property,FireplaceFeatures,MasterBedroom,,FireplaceFeatures,MasterBedroom,The property has a fireplace in the primary bedroom.,Yes,Yes,
,Property,FireplaceFeatures,Metal,,FireplaceFeatures,Metal,The fireplace is made of metal.,Yes,Yes,
,Property,FireplaceFeatures,None,,FireplaceFeatures,None,The property has no fireplace.,Yes,Yes,
,Property,FireplaceFeatures,Other,,FireplaceFeatures,Other,The fireplace has features that are not included on this list.,Yes,Yes,
,Property,FireplaceFeatures,Outside,,FireplaceFeatures,Outside,The property has an outdoor fireplace.,Yes,Yes,
,Property,FireplaceFeatures,PelletStove,,FireplaceFeatures,PelletStove,The property has a stove that burns compressed wood or biomass pellets to generate heat.,Yes,Yes,
,Property,FireplaceFeatures,Propane,,FireplaceFeatures,Propane,The fireplace burns propane.,Yes,Yes,
,Property,FireplaceFeatures,RaisedHearth,,FireplaceFeatures,RaisedHearth,The fireplace has a raised hearth.,Yes,Yes,
,Property,FireplaceFeatures,RecreationRoom,,FireplaceFeatures,RecreationRoom,The property has a fireplace in a recreation room.,Yes,Yes,
,Property,FireplaceFeatures,SealedCombustion,,FireplaceFeatures,SealedCombustion,The fireplace has a sealed combustion chamber.,Yes,Yes,
,Property,FireplaceFeatures,SeeRemarks,,FireplaceFeatures,SeeRemarks,See the remarks fields for additional information about any fireplace features.,Yes,Yes,
,Property,FireplaceFeatures,SeeThrough,,FireplaceFeatures,SeeThrough,"The property has a see-through fireplace, usually positioned between two rooms.",Yes,Yes,
,Property,FireplaceFeatures,Stone,,FireplaceFeatures,Stone,The property has a fireplace made with stone.,Yes,Yes,
,Property,FireplaceFeatures,Ventless,,FireplaceFeatures,Ventless,The property has a ventless fireplace.,Yes,Yes,
,Property,FireplaceFeatures,WoodBurning,,FireplaceFeatures,WoodBurning,The fireplace is wood burning.,Yes,Yes,
,Property,FireplaceFeatures,WoodBurningStove,,FireplaceFeatures,WoodBurningStove,The property includes a wood-burning stove.,Yes,Yes,
,Property,FireplaceFeatures,ZeroClearance,,FireplaceFeatures,ZeroClearance,"The property has a zero-clearance fireplace. Zero clearance fireplaces are built to be placed almost directly against combustible materials like wood, walls, or paneling.",Yes,Yes,
,Property,FlipTaxType,Dollars,,FlipTaxType,Dollars,The FlipTax is given in dollars.,Yes,Yes,
,Property,FlipTaxType,Other,,FlipTaxType,Other,The FlipTax is given in a value not on this list.,Yes,Yes,
,Property,FlipTaxType,Percent,,FlipTaxType,Percent,The FlipTax is given as a percent.,Yes,Yes,
,Property,FlipTaxType,SeeRemarks,,FlipTaxType,SeeRemarks,Information about the FlipTax is given in the FlipTaxRemarks field.,Yes,Yes,
,Property,Flooring,Adobe,,Flooring,Adobe,The property includes adobe flooring.,Yes,Yes,
,Property,Flooring,Bamboo,,Flooring,Bamboo,The property includes bamboo flooring.,Yes,Yes,
,Property,Flooring,Brick,,Flooring,Brick,The property includes brick flooring.,Yes,Yes,
,Property,Flooring,Carpet,,Flooring,Carpet,The property includes carpet flooring.,Yes,Yes,
,Property,Flooring,CeramicTile,,Flooring,CeramicTile,The property includes ceramic tile flooring.,Yes,Yes,
,Property,Flooring,Clay,,Flooring,Clay,The property includes clay flooring.,Yes,Yes,
,Property,Flooring,Combination,,Flooring,Combination,The property includes combination flooring.,Yes,Yes,
,Property,Flooring,Concrete,,Flooring,Concrete,The property includes concrete flooring.,Yes,Yes,
,Property,Flooring,Cork,,Flooring,Cork,The property includes cork flooring.,Yes,Yes,
,Property,Flooring,CriGreenLabelPlusCertifiedCarpet,,Flooring,CriGreenLabelPlusCertifiedCarpet,The property includes certified CRI Green Label Plus carpet flooring.,Yes,Yes,
,Property,Flooring,Dirt,,Flooring,Dirt,The property has dirt flooring.,Yes,Yes,
,Property,Flooring,FloorscoreCertifiedFlooring,,Flooring,FloorScoreCertifiedFlooring,The property includes FloorScore® certified flooring.,Yes,Yes,
,Property,Flooring,FscOrSfiCertifiedSourceHardwood,,Flooring,FscOrSfiCertifiedSourceHardwood,The property includes certified FSC or SFI source hardwood flooring.,Yes,Yes,
,Property,Flooring,Granite,,Flooring,Granite,The property includes granite flooring.,Yes,Yes,
,Property,Flooring,Hardwood,,Flooring,Hardwood,The property includes hardwood flooring.,Yes,Yes,
,Property,Flooring,Laminate,,Flooring,Laminate,The property includes laminate flooring.,Yes,Yes,
,Property,Flooring,Linoleum,,Flooring,Linoleum,The property includes linoleum flooring.,Yes,Yes,
,Property,Flooring,Marble,,Flooring,Marble,The property includes marble flooring.,Yes,Yes,
,Property,Flooring,None,,Flooring,None,The property has no flooring.,Yes,Yes,
,Property,Flooring,Other,,Flooring,Other,The property includes flooring that is not included on this list.,Yes,Yes,
,Property,Flooring,PaintedStained,,Flooring,PaintedStained,The property includes painted or stained flooring.,Yes,Yes,
,Property,Flooring,Parquet,,Flooring,Parquet,The property includes parquet flooring.,Yes,Yes,
,Property,Flooring,Pavers,,Flooring,Pavers,The property includes flooring pavers.,Yes,Yes,
,Property,Flooring,ReclaimedWood,,Flooring,ReclaimedWood,The property includes reclaimed wood flooring.,Yes,Yes,
,Property,Flooring,SeeRemarks,,Flooring,SeeRemarks,See the remarks field for additional information about the flooring included with the property.,Yes,Yes,
,Property,Flooring,SimulatedWood,,Flooring,SimulatedWood,The property includes simulated wood flooring.,Yes,Yes,
,Property,Flooring,Slate,,Flooring,Slate,The property includes slate flooring.,Yes,Yes,
,Property,Flooring,Softwood,,Flooring,Softwood,The property includes softwood flooring.,Yes,Yes,
,Property,Flooring,Stamped,,Flooring,Stamped,The property includes stamped flooring.,Yes,Yes,
,Property,Flooring,Stone,,Flooring,Stone,The property includes stone flooring.,Yes,Yes,
,Property,Flooring,Sustainable,,Flooring,Sustainable,The property includes sustainable flooring.,Yes,Yes,
,Property,Flooring,Terrazzo,,Flooring,Terrazzo,The property includes terrazzo flooring.,Yes,Yes,
,Property,Flooring,Tile,,Flooring,Tile,The property includes tile flooring.,Yes,Yes,
,Property,Flooring,Varies,,Flooring,Varies,The property flooring type varies.,Yes,Yes,
,Property,Flooring,Vinyl,,Flooring,Vinyl,The property includes vinyl flooring.,Yes,Yes,
,Property,Flooring,Wood,,Flooring,Wood,The property includes wood flooring.,Yes,Yes,
,Property,FoundationDetails,Block,,FoundationDetails,Block,The foundation of the property is made wholly or partially of block.,Yes,Yes,
,Property,FoundationDetails,BrickMortar,,FoundationDetails,BrickMortar,The foundation of the property is made wholly or partially of brick/mortar.,Yes,Yes,
,Property,FoundationDetails,Combination,,FoundationDetails,Combination,The foundation of the property is made of a combination of materials.,Yes,Yes,
,Property,FoundationDetails,ConcretePerimeter,,FoundationDetails,ConcretePerimeter,The foundation of the property has a concrete perimeter.,Yes,Yes,
,Property,FoundationDetails,None,,FoundationDetails,None,There are no details about the foundation of the property.,Yes,Yes,
,Property,FoundationDetails,Other,,FoundationDetails,Other,A foundation type not included on this list.,Yes,Yes,
,Property,FoundationDetails,Permanent,,FoundationDetails,Permanent,The foundation is permanent and not temporary or movable.,Yes,Yes,
,Property,FoundationDetails,PillarPostPier,,FoundationDetails,PillarPostPier,he foundation of the property is made wholly or partially of pillar/post/pier.,Yes,Yes,
,Property,FoundationDetails,Raised,,FoundationDetails,Raised,The foundation of the property is raised.,Yes,Yes,
,Property,FoundationDetails,SeeRemarks,,FoundationDetails,SeeRemarks,See the listing's remarks for details about the foundation.,Yes,Yes,
,Property,FoundationDetails,Slab,,FoundationDetails,Slab,The foundation of the property is made wholly or partially of a concrete slab.,Yes,Yes,
,Property,FoundationDetails,Stone,,FoundationDetails,Stone,The foundation of the property is made wholly or partially of stone.,Yes,Yes,
,Property,Furnished,Furnished,,Furnished,Furnished,The listing being leased/sold is furnished.,Yes,Yes,
,Property,Furnished,Negotiable,,Furnished,Negotiable,The property may be furnished or left unfurnished at the lessor's request. Contact the listing agent/office to discuss options and cost differences.,Yes,Yes,
,Property,Furnished,Partially,,Furnished,Partially,The listing being leased/sold is partially furnished.,Yes,Yes,
,Property,Furnished,Unfurnished,,Furnished,Unfurnished,The listing being leased/sold is not furnished.,Yes,Yes,
,Property,GreenBuildingVerificationType,CertifiedPassiveHouse,,GreenBuildingVerificationType,CertifiedPassiveHouse,Super-insulated new homes that have been built to meet certification requirements demonstrating minimal or no heating and cooling system.,Yes,Yes,
,Property,GreenBuildingVerificationType,EnergyStarCertifiedHomes,,GreenBuildingVerificationType,EnergyStarCertifiedHomes,"EPA ENERGY STAR Certified Homes is a set of optional construction practices and technologies (above minimum code requirements) that builders can follow to upgrade a new home's energy efficiency beyond minimum code requirements. Guidelines are outlined in the ""National Performance Path"" or ""National Prescriptive Path."" This whole-house label differs from the ENERGY STAR products label. To achieve the ENERGY STAR Certified Homes label, a home's energy efficiency must be verified by a third-party organization.",Yes,Yes,
,Property,GreenBuildingVerificationType,Enerphit,,GreenBuildingVerificationType,Enerphit,Super-insulated existing homes that have been remodeled to meet certification requirements demonstrating minimal or no heating and cooling system.,Yes,Yes,
,Property,GreenBuildingVerificationType,HersIndexScore,,GreenBuildingVerificationType,HersIndexScore,"The HERS Index is a nationally recognized scoring system for measuring a home's energy performance in the U.S. To calculate a home's HERS Index Score, a certified Residential Energy Services Network (RESNET) home energy rater will do a rating and compare the data against a reference home (a design-modeled home of the same size and shape as the actual home), so the HERS Index Score is always relative to the size shape, and type of the house. The lower the number, the more energy efficient the home.",Yes,Yes,
,Property,GreenBuildingVerificationType,HomeEnergyScore,,GreenBuildingVerificationType,HomeEnergyScore,"The Home Energy Score, managed by the U.S. Department of Energy (DOE), is a national system that allows homes to receive an energy efficiency rating, similar to the miles per gallon (MPG) rating available for cars. The Home Energy Score uses a 10-point scale to reflect how much energy a home is expected to use under standard operating conditions. Homes that are expected to use the least amount of energy (and are considered the most energy efficient) score a 10, and homes that are expected to use the most amount of energy (and are considered the least energy efficient) score a 1. The Home Energy Score uses a standard calculation method and takes into account the home's structure and envelope (walls, windows, foundation) and its heating, cooling and hot water systems. Only Qualified Assessors who pass a DOE exam are allowed to provide the Home Energy Score.",Yes,Yes,
,Property,GreenBuildingVerificationType,HomeEnergyUpgradeCertificateOfEnergyEfficiencyImprovements,,GreenBuildingVerificationType,HomeEnergyUpgradeCertificateOfEnergyEfficiencyImprovements,Buildings Performance Institute BPI-2101-S-2013 Standard Requirements for a Certificate of Completion for Residential Energy Efficiency Upgrades specifies a standard way of describing the improvements made to an existing home through a home energy upgrade (HEU). Certificates are provided by a local energy efficiency program sponsor.,Yes,Yes,
,Property,GreenBuildingVerificationType,HomeEnergyUpgradeCertificateOfEnergyEfficiencyPerformance,,GreenBuildingVerificationType,HomeEnergyUpgradeCertificateOfEnergyEfficiencyPerformance,"Buildings Performance Institute BPI-2101-S-2013 Standard Requirements for a Certificate of Completion for Residential Energy Efficiency Upgrades specifies a standard way of describing the improvements made to an existing home through a home energy upgrade (HEU) and provides one or more measures of a home's performance. Measures of performance may include a Home Energy Rating System (HERS) rating, a Home Energy Score, an indication of projected or actual energy consumption, or other systems. Certificates are provided by a local energy efficiency program sponsor.",Yes,Yes,
,Property,GreenBuildingVerificationType,HomePerformanceWithEnergyStar,,GreenBuildingVerificationType,HomePerformanceWithEnergyStar,Home Performance with ENERGY STAR (HPwES) offers whole-house solutions to high energy bills and homes with comfort problems. The program is managed by a local sponsor that recruits home improvement contractors who are qualified to perform comprehensive home assessments and improvements. Local sponsors must follow specific guidelines to participate as outlined in the HPwES Sponsor Guide and Reference Manual.,Yes,Yes,
,Property,GreenBuildingVerificationType,IndoorAirplus,,GreenBuildingVerificationType,IndoorAirplus,Indoor airPLUS from the U.S. Environmental Protection Agency (EPA) is a voluntary partnership and labeling program covering construction practices and technologies that builders can follow to reduce indoor air pollutants and improve the indoor air quality in a new home beyond minimum code requirements. It is only available to homes that first meet ENERGY STAR Certified Homes certification.,Yes,Yes,
,Property,GreenBuildingVerificationType,LeedForHomes,,GreenBuildingVerificationType,LeedForHomes,"The U.S. Green Building Council (USGBC) residential rating system, LEED for Homes, was launched in 2008. The LEED rating systems are developed through an open, consensus-based process led by LEED committees. LEED is a voluntary program that provides independent, third-party verification that a home was designed and built using methods for achieving high performance in multiple areas of sustainability, including energy, water, waste management, indoor air quality and sustainable site development. There are multiple rating systems for all types of buildings, including existing buildings and homes for residential projects. Homes may achieve different levels of certification (platinum, gold, silver, certified) depending on the number of LEED prerequisites and credits that are met.",Yes,Yes,
,Property,GreenBuildingVerificationType,LivingBuildingChallenge,,GreenBuildingVerificationType,LivingBuildingChallenge,The International Living Future Institute third-party certification that proves that a home produces as much or more energy than is used.,Yes,Yes,
,Property,GreenBuildingVerificationType,NgbsNewConstruction,,GreenBuildingVerificationType,NgbsNewConstruction,"Home Innovation Research Labs certifies homes to the ICC-700 National Green Building Standard (NGBS), which has undergone the full consensus process and received approval from the American National Standards Institute (ANSI). Home Innovation Research Labs provides project certification to the NGBS. NGBS applies to both single-family homes and multifamily buildings. Certification options also exist for new construction, remodel projects (both whole-home and functional areas such as a kitchen or bathroom) and land development/subdivision. Homes may qualify for a bronze, silver, gold or emerald certification level depending on the number of green building practices met.",Yes,Yes,
,Property,GreenBuildingVerificationType,NgbsSmallProjectsRemodel,,GreenBuildingVerificationType,NgbsSmallProjectsRemodel,"Home Innovation Research Labs provides project certification to the National Green Building Standard (NGBS). NGBS applies to both single-family homes and multifamily buildings. Certification options also exist for new construction, remodel projects (both whole-home and functional areas such as a kitchen or bathroom), and land development/subdivision. For the Small Projects Remodel, the functional area (kitchen, bathroom, basement, addition) is either certified or not. Unlike other NGBS certifications, multiple certification levels (bronze, silver, gold or emerald) do not exist for this certification option.",Yes,Yes,
,Property,GreenBuildingVerificationType,NgbsWholeHomeRemodel,,GreenBuildingVerificationType,NgbsWholeHomeRemodel,"Home Innovation Research Labs provides project certification to the National Green Building Standard (NGBS). NGBS applies to both single-family homes and multifamily buildings. Certification options also exist for new construction, remodel projects (both whole-home and functional areas such as a kitchen or bathroom), and land development/subdivision. Homes may qualify for a bronze, silver, gold or emerald certification level depending on the number of green building practices met.",Yes,Yes,
,Property,GreenBuildingVerificationType,PhiusPlus,,GreenBuildingVerificationType,PhiusPlus,Super-insulated homes that have met certification requirements demonstrating minimal or no heating and cooling system.,Yes,Yes,
,Property,GreenBuildingVerificationType,Watersense,,GreenBuildingVerificationType,Watersense,EPA WaterSense is a set of optional construction practices and technologies (above minimum code requirements) that builders can follow to ensure a home uses less water while still providing the same level of comfort and convenience. WaterSense also applies to specific plumbing fixtures (see InteriorFeatures) and should not be confused with the whole-house label.,Yes,Yes,
,Property,GreenBuildingVerificationType,ZeroEnergyReadyHome,,GreenBuildingVerificationType,ZeroEnergyReadyHome,"DOE Zero Energy Ready Home is a set of optional construction practices and technologies (above minimum code and ENERGY STAR Certified Home requirements) that builders can follow to ensure high-performance homes that are so energy efficient that all or most annual energy consumption can be offset with renewable energy. Guidelines are outlined in the ""DOE Zero Energy Ready Home National Program Requirements.""",Yes,Yes,
,Property,GreenEnergyEfficient,Appliances,,GreenEnergyEfficient,Appliances,"For purposes of marketing, the property has appliances that have some green/efficient rating or quality.",Yes,Yes,
,Property,GreenEnergyEfficient,Construction,,GreenEnergyEfficient,Construction,"For purposes of marketing, the property has construction that has some green/efficient rating or quality.",Yes,Yes,
,Property,GreenEnergyEfficient,Doors,,GreenEnergyEfficient,Doors,"For purposes of marketing, the property has doors that have some green/efficient rating or quality.",Yes,Yes,
,Property,GreenEnergyEfficient,ExposureShade,,GreenEnergyEfficient,ExposureShade,"For purposes of marketing, the property has exposure/shade that has some green/efficient rating or quality.",Yes,Yes,
,Property,GreenEnergyEfficient,Hvac,,GreenEnergyEfficient,HVAC,"For purposes of marketing, the property has a heating, ventilation and air conditioning system that has some green/efficient rating or quality.",Yes,Yes,
,Property,GreenEnergyEfficient,Incentives,,GreenEnergyEfficient,Incentives,"For purposes of marketing, the property has incentives that have some green/efficiency focus.",Yes,Yes,
,Property,GreenEnergyEfficient,Insulation,,GreenEnergyEfficient,Insulation,"For purposes of marketing, the property has insulation that has some green/efficient rating or quality.",Yes,Yes,
,Property,GreenEnergyEfficient,Lighting,,GreenEnergyEfficient,Lighting,"For purposes of marketing, the property has lighting that has some green/efficient rating or quality.",Yes,Yes,
,Property,GreenEnergyEfficient,Roof,,GreenEnergyEfficient,Roof,"For purposes of marketing, the property has a roof that has some green/efficient rating or quality.",Yes,Yes,
,Property,GreenEnergyEfficient,Thermostat,,GreenEnergyEfficient,Thermostat,"For purposes of marketing, the property has a thermostat or thermostats that have some green/efficient rating or quality.",Yes,Yes,
,Property,GreenEnergyEfficient,WaterHeater,,GreenEnergyEfficient,WaterHeater,"For purposes of marketing, the property has a water heater that has some green/efficient rating or quality.",Yes,Yes,
,Property,GreenEnergyEfficient,Windows,,GreenEnergyEfficient,Windows,"For purposes of marketing, the property has windows that have some green/efficient rating or quality.",Yes,Yes,
,Property,GreenEnergyGeneration,Solar,,GreenEnergyGeneration,Solar,A renewable form of onsite power generation. Most common are solar photovoltaic (PV) devices that generate electricity directly from sunlight via an electronic process that occurs naturally in certain types of material called semiconductors which power electrical devices or send electricity to the grid. http://www.seia.org/policy/solar-technology/photovoltaic-solar-electric.,Yes,Yes,
,Property,GreenEnergyGeneration,Wind,,GreenEnergyGeneration,Wind,A renewable form of onsite power generation. Wind turbines use wind to make electricity and power electrical devices or send electricity to the grid. http://energy.gov/eere/wind/how-do-wind-turbines-work.,Yes,Yes,
,Property,GreenIndoorAirQuality,ContaminantControl,,GreenIndoorAirQuality,ContaminantControl,"The property has been carefully designed to prevent, monitor and suppress pollution issues. Carefully selected low-emission materials have been used in the home and may include passive or active radon control, carbon monoxide monitoring and high-efficiency sealed combustion for equipment such as furnaces and water heaters. May include elimination of materials that contain lead or asbestos. May include reduction of materials that contain volatile organic compounds (VOCs, including formaldehyde) and pesticides.",Yes,Yes,
,Property,GreenIndoorAirQuality,IntegratedPestManagement,,GreenIndoorAirQuality,IntegratedPestManagement,"The property is designed for systematic management of pests that uses prevention, exclusion, monitoring and suppression.",Yes,Yes,
,Property,GreenIndoorAirQuality,MoistureControl,,GreenIndoorAirQuality,MoistureControl,"Every foundation, roof, roofing component, exterior wall, door, skylight and window is designed and maintained to be watertight and free of persistent dampness or moisture.",Yes,Yes,
,Property,GreenIndoorAirQuality,Ventilation,,GreenIndoorAirQuality,Ventilation,"Furnaces, water heaters, woodstoves and other devices that employ combustion-burning fuel are vented to the outside in a manner that meets manufacturer specifications to prevent back drafting. Natural and/or mechanical ventilation delivers fresh air to every habitable room and bathroom to remove moisture-laden air and other contaminants generated during cooking and bathing/showering. The air exhausted from a bathroom, toilet room or kitchen does not vent into habitable space or an attic.",Yes,Yes,
,Property,GreenLocation,None,,GreenLocation,None,None	There is no specific green efficiencies based on the properties location.,Yes,Yes,
,Property,GreenSustainability,ConservingMethods,,GreenSustainability,ConservingMethods,"Construction is planned to require fewer materials while maintaining structural integrity and may include advanced wall framing as documented in several major green building programs. It may also include indigenous construction methods such as straw bale, sod, clay, etc., based on local climate, materials and practices.",Yes,Yes,
,Property,GreenSustainability,OnsiteRecyclingCenter,,GreenSustainability,OnsiteRecyclingCenter,Property includes sufficient built-in storage space and/or containers for temporary storage of recyclable materials and/or compost collection.,Yes,Yes,
,Property,GreenSustainability,RecyclableMaterials,,GreenSustainability,RecyclableMaterials,"The structure includes multiple products that have a significant amount of postconsumer recycled content. Major green building programs tend to use 25 percent postconsumer recycled content as a threshold. Postindustrial recycled content tends to count toward overall content but to a lesser scale. Some more common examples of recycled content materials include masonry, paving stones or foundations with fly ash; aluminum gutters and downspouts; decking; drywall fibers, insulation and house wrap; vinyl plastics; countertops; and cabinets, interior doors or trim. More details are available on the Home Innovation Research Labs “Browse Green Certified Products” tool or on the LEED Environmentally Preferred Products credit table.",Yes,Yes,
,Property,GreenSustainability,RecycledMaterials,,GreenSustainability,RecycledMaterials,"The structure includes multiple products that have a significant amount of postconsumer recycled content. Major green building programs tend to use 25 percent postconsumer recycled content as a threshold. Postindustrial recycled content tends to count toward overall content but to a lesser scale. Some more common examples of recycled content materials include masonry, paving stones or foundations with fly ash; aluminum gutters and downspouts; decking; drywall fibers, insulation and house wrap; vinyl plastics; countertops; and cabinets, interior doors or trim. More details are available on the Home Innovation Research Labs “Browse Green Certified Products” tool or on the LEED Environmentally Preferred Products credit table.",Yes,Yes,
,Property,GreenSustainability,RegionallySourcedMaterials,,GreenSustainability,RegionallySourcedMaterials,"Refers to building materials that were manufactured, extracted, harvested or recovered within 500 miles of the building. Several major green building programs define regionally sourced as within a 500-mile radius.",Yes,Yes,
,Property,GreenSustainability,RenewableMaterials,,GreenSustainability,RenewableMaterials,"The structure includes materials that are naturally occurring, abundant and/or fast growing. Some products are certified to come from fast-growing or otherwise renewable sources such as flooring and wood products. Some materials may be bio-based, which means they have been processed from once-living materials such as paper, straw, soy, natural fibers and crops.",Yes,Yes,
,Property,GreenSustainability,SalvagedMaterials,,GreenSustainability,SalvagedMaterials,"The structure incorporates materials that were diverted from a landfill and/or sourced to give an otherwise unused item fresh use as an attached fixture. May include bricks, timbers, roofing, flooring, walls, cabinets, doors, etc.",Yes,Yes,
,Property,GreenWaterConservation,EfficientHotWaterDistribution,,GreenWaterConservation,EfficientHotWaterDistribution,"Efficient hot water distribution systems are designed to generate hot water using fewer fuel resources and to get hot water to low-flow faucets and fixtures more quickly. These systems often feature carefully designed plumbing lines that are less redundant and/or shorter. Rather than measuring time to hot water at a fixture in gallons, efficient distribution systems can be measured in cups. The Environmental Protection Agency (EPA) WaterSense Guide for Hot Water Distribution and several green building programs have further details. This may also be known as structured plumbing.",Yes,Yes,
,Property,GreenWaterConservation,GrayWaterSystem,,GreenWaterConservation,GrayWaterSystem,The property includes a gray water system.,Yes,Yes,
,Property,GreenWaterConservation,GreenInfrastructure,,GreenWaterConservation,GreenInfrastructure,"A set of strategies and specifically designed systems to manage stormwater runoff through a variety of small, cost-effective landscape features located on a property. Green infrastructure employs infiltration (allowing water to slowly sink into the soil), evaporation/transpiration using native vegetation and rainwater capture and reuse (storing runoff to water plants, flush toilets, etc.). This may include green roof, rain gardens, rain barrels, permeable paving, etc. The Environmental Protection Agency (EPA) Green Infrastructure website has more information at https://www.epa.gov/green-infrastructure.",Yes,Yes,
,Property,GreenWaterConservation,LowFlowFixtures,,GreenWaterConservation,LowFlowFixtures,"Toilets, bathroom faucets, showerheads, irrigation controllers and other products can be manufactured to use less water than minimum standards. Some products are qualified by third-party programs like the Environmental Protection Agency (EPA) WaterSense and are typically at least 20 percent more water-efficient than standard products. The EPA WaterSense website has additional information at https://www.epa.gov/watersense.",Yes,Yes,
,Property,GreenWaterConservation,WaterRecycling,,GreenWaterConservation,WaterRecycling,"The property includes a system to reuse stormwater via rain barrels or cisterns for landscaping or to treat and reuse water from bathroom sinks, showers and clothes washing drains for landscape irrigation and/or toilet flushing.",Yes,Yes,
,Property,GreenWaterConservation,WaterSmartLandscaping,,GreenWaterConservation,WaterSmartLandscaping,Water-smart landscapes are designed to require less water and fertilizer treatments. These landscapes feature regionally appropriate plants that require low water and are native to the local climate. Plants are organized by hydrozones (watering needs). Any irrigation system is qualified for high water efficiency. Turfgrass is minimized and grown to the tallest height recommended. Strategic maintenance includes mulching and soil aeration. Other details are documented in Environmental Protection Agency's Water-Smart Landscape Design Tips. https://www.epa.gov/watersense/landscaping-tips,Yes,Yes,
,Property,Heating,ActiveSolar,,Heating,ActiveSolar,Active solar heating systems use solar energy to heat a fluid - either liquid or air - and then transfer the solar heat directly to the interior space or to a storage system for later use.,Yes,Yes,
,Property,Heating,Baseboard,,Heating,Baseboard,"Baseboard heating utilizes convection; as cold air drops from the window, it enters the baseboard heating unit where the air is warmed by heating elements, typically fins.",Yes,Yes,
,Property,Heating,Ceiling,,Heating,Ceiling,A heating unit that is installed into or upon the surface of the ceiling.,Yes,Yes,
,Property,Heating,Central,,Heating,Central,"A system where heat is generated in one or more locations in the structure and distributed throughout the structure. The term ""central"" is commonly understood as distribution done by ducting air. Piping a fluid to radiators is also a central type of heating, but this can be clarified with the options ""radiator"" and ""forced air.""",Yes,Yes,
,Property,Heating,CitySteam,,Heating,CitySteam,The unit heating type is city steam.,Yes,Yes,
,Property,Heating,Coal,,Heating,Coal,The heating system uses coal as its fuel to generate heat.,Yes,Yes,
,Property,Heating,CoalStove,,Heating,CoalStove,A coal-burning stove that is used for heat.,Yes,Yes,
,Property,Heating,Ductless,,Heating,Ductless,The heating system does not have ducting like that found in forced-air systems.,Yes,Yes,
,Property,Heating,Electric,,Heating,Electric,The heating system utilizes electricity and heating elements such as coils or fins to generate heat.,Yes,Yes,
,Property,Heating,EnergyStarAccaRsiQualifiedInstallation,,Heating,EnergyStarAccaRsiQualifiedInstallation,The heating system is ENERGY STAR qualified. Specific performance information must be determined by review of the actual unit.,Yes,Yes,
,Property,Heating,EnergyStarQualifiedEquipment,,Heating,EnergyStarQualifiedEquipment,The heating system installation was done by a qualified ENERGY STAR or ACCA RSI contractor.,Yes,Yes,
,Property,Heating,ExhaustFan,,Heating,ExhaustFan,The property has an exhaust fan.,Yes,Yes,
,Property,Heating,FireplaceInsert,,Heating,FireplaceInsert,The property has a fireplace insert for generating heat.,Yes,Yes,
,Property,Heating,Fireplaces,,Heating,Fireplaces,The property has one or more fireplaces used to generate heat.,Yes,Yes,
,Property,Heating,FloorFurnace,,Heating,FloorFurnace,The property has a radiant heating system that is mounted into the floor and distributes heat via convection.,Yes,Yes,
,Property,Heating,ForcedAir,,Heating,ForcedAir,"The property has a forced air system, typically via ducting throughout the structure.",Yes,Yes,
,Property,Heating,Geothermal,,Heating,Geothermal,"A geothermal heating system, also known as a ground source heat pump, transfers heat from below ground into the structure.",Yes,Yes,
,Property,Heating,Gravity,,Heating,Gravity,"A gravity heating system, also known as an octopus furnace, is typically a ducted system that doesn't use a fan but rather is designed to allow the heat to rise naturally through the ducts to different areas of the structure.",Yes,Yes,
,Property,Heating,HeatPump,,Heating,HeatPump,"A system that exchanges heat between a warm and cool space. The heat exchange is done between the dwelling and another air space, like outdoors, or a water source or below ground (geothermal).",Yes,Yes,
,Property,Heating,HotWater,,Heating,HotWater,The heating system uses a boiler and pipes to deliver hot water to radiators throughout the dwelling.,Yes,Yes,
,Property,Heating,HumidityControl,,Heating,HumidityControl,The heating system has humidity control.,Yes,Yes,
,Property,Heating,Kerosene,,Heating,Kerosene,The heating system uses kerosene as its fuel to generate heat.,Yes,Yes,
,Property,Heating,NaturalGas,,Heating,NaturalGas,The heating system uses natural gas as its fuel to generate heat.,Yes,Yes,
,Property,Heating,None,,Heating,None,The property does not have a heating system.,Yes,Yes,
,Property,Heating,Oil,,Heating,Oil,The heating system uses oil as its fuel to generate heat.,Yes,Yes,
,Property,Heating,Other,,Heating,Other,The property has a heating system or features that are not included on this list.,Yes,Yes,
,Property,Heating,PassiveSolar,,Heating,PassiveSolar,"Passive solar is a building design where the walls, windows, floors, etc., are made to collect heat and warm the dwelling.",Yes,Yes,
,Property,Heating,PelletStove,,Heating,PelletStove,The property has a stove that burns compressed wood or biomass pellets to generate heat.,Yes,Yes,
,Property,Heating,Propane,,Heating,Propane,The heating system uses propane as its fuel to generate heat.,Yes,Yes,
,Property,Heating,PropaneStove,,Heating,PropaneStove,The property has a stove that burns propane to generate heat.,Yes,Yes,
,Property,Heating,Radiant,,Heating,Radiant,The heating system uses radiators to release heat within the dwelling. The heat is typically delivered to the radiator(s) by water/steam or electricity.,Yes,Yes,
,Property,Heating,RadiantCeiling,,Heating,RadiantCeiling,The radiant heating element(s) are located in the ceiling.,Yes,Yes,
,Property,Heating,RadiantFloor,,Heating,RadiantFloor,The radiant heating element(s) are located in the floor.,Yes,Yes,
,Property,Heating,SeeRemarks,,Heating,SeeRemarks,See the remarks fields for additional information about the heating system included with the property.,Yes,Yes,
,Property,Heating,SeparateMeters,,Heating,SeparateMeters,The heating system has multiple units and/or is zoned with separate meters for each zone/unit.,Yes,Yes,
,Property,Heating,Solar,,Heating,Solar,The property has a heating system or method that uses an unspecified type of solar heating.,Yes,Yes,
,Property,Heating,SpaceHeater,,Heating,SpaceHeater,The property comes with a stand-alone space heater.,Yes,Yes,
,Property,Heating,Steam,,Heating,Steam,The heating system uses a boiler and pipes to deliver hot water to radiators throughout the dwelling.,Yes,Yes,
,Property,Heating,VariesByUnit,,Heating,VariesByUnit,The type of heating or heating features vary from unit to unit.,Yes,Yes,
,Property,Heating,WallFurnace,,Heating,WallFurnace,Typically a ductless system that is built into a wall to deliver to the room in which it's installed.,Yes,Yes,
,Property,Heating,Wood,,Heating,Wood,The heating system uses wood as its fuel to generate heat.,Yes,Yes,
,Property,Heating,WoodStove,,Heating,WoodStove,The property has a stove that burns wood to generate heat.,Yes,Yes,
,Property,Heating,Zoned,,Heating,Zoned,"The heating system is zoned, allowing for indepenant control of two or more parts of the structure.",Yes,Yes,
,Property,InteriorFeatures,Bar,,InteriorFeatures,Bar,"A built-in or movable fixture for the storage, preparation, serving and/or consumption of drinks.",Yes,Yes,
,Property,InteriorFeatures,BeamedCeilings,,InteriorFeatures,BeamedCeilings,A property that has exposed beams across the ceiling of a room or rooms.,Yes,Yes,
,Property,InteriorFeatures,Bidet,,InteriorFeatures,Bidet,A type of sink designed to wash the undercarriage of the human body.,Yes,Yes,
,Property,InteriorFeatures,Bookcases,,InteriorFeatures,Bookcases,Shelves for books or other objects that may or may not be built into the property.,Yes,Yes,
,Property,InteriorFeatures,BreakfastBar,,InteriorFeatures,BreakfastBar,"A surface designed for eating, which is typically smaller than a dining table and attached to another kitchen surface.",Yes,Yes,
,Property,InteriorFeatures,BuiltInFeatures,,InteriorFeatures,BuiltInFeatures,Some features are physically attached to the structure.,Yes,Yes,
,Property,InteriorFeatures,CathedralCeilings,,InteriorFeatures,CathedralCeilings,"A type of vaulted ceiling that is typically higher than normal ceilings and has a slant or curve to reach its uppermost point, which tends to be equal distance from the two shorter walls in the room.",Yes,Yes,
,Property,InteriorFeatures,CedarClosets,,InteriorFeatures,CedarClosets,A closet that is partially or fully lined with cedarwood.,Yes,Yes,
,Property,InteriorFeatures,CeilingFans,,InteriorFeatures,CeilingFans,A fan is mounted from the ceiling in a room or multiple rooms.,Yes,Yes,
,Property,InteriorFeatures,CentralVacuum,,InteriorFeatures,CentralVacuum,"A built-in vacuum that typically consists of a power/collection unit that is typically installed in a garage or closet, tubing from the power unit to rooms throughout the house and including wall-mounted receptacles for the connection of a movable vacuum hose.",Yes,Yes,
,Property,InteriorFeatures,Chandelier,,InteriorFeatures,Chandelier,"A decorative lighting fixture that typically branches out with several lights (or candles) with other decorative components such as glass, crystal or other reflective or light-enhancing materials.",Yes,Yes,
,Property,InteriorFeatures,CofferedCeilings,,InteriorFeatures,CofferedCeilings,"A ceiling with multiple decorative indentations, trays or sunken panels.",Yes,Yes,
,Property,InteriorFeatures,CrownMolding,,InteriorFeatures,CrownMolding,A decorative trim covering the seam between the ceiling and walls.,Yes,Yes,
,Property,InteriorFeatures,Den,,InteriorFeatures,Den,The listing contains a den.,Yes,Yes,
,Property,InteriorFeatures,DoubleVanity,,InteriorFeatures,DoubleVanity,Bathroom cabinetry with two built-in sinks.,Yes,Yes,
,Property,InteriorFeatures,DryBar,,InteriorFeatures,DryBar,"A built-in or movable fixture for the storage, preparation, serving and consumption of drinks that does not have a water supply or sink.",Yes,Yes,
,Property,InteriorFeatures,Dumbwaiter,,InteriorFeatures,Dumbwaiter,"A small elevator, typically for carrying food between floors in a structure.",Yes,Yes,
,Property,InteriorFeatures,EatInKitchen,,InteriorFeatures,EatInKitchen,A kitchen that has been designed to accommodate dining.,Yes,Yes,
,Property,InteriorFeatures,Elevator,,InteriorFeatures,Elevator,A platform or compartment housed within a shaft for raising or lowering people or objects.,Yes,Yes,
,Property,InteriorFeatures,EntranceFoyer,,InteriorFeatures,EntranceFoyer,A room or hall at the entrance leading to other parts of the structure.,Yes,Yes,
,Property,InteriorFeatures,GalleyKitchen,,InteriorFeatures,GalleyKitchen,"A long, thin kitchen with cabinets on either side.",Yes,Yes,
,Property,InteriorFeatures,GraniteCounters,,InteriorFeatures,GraniteCounters,The counters are made of a type of granite stone.,Yes,Yes,
,Property,InteriorFeatures,HighCeilings,,InteriorFeatures,HighCeilings,The ceiling height is greater than what might be considered a normal celling height.,Yes,Yes,
,Property,InteriorFeatures,HighSpeedInternet,,InteriorFeatures,HighSpeedInternet,The property has access to high-speed internet service but may or may not be wired and/or connected to that service..,Yes,Yes,
,Property,InteriorFeatures,HisAndHersClosets,,InteriorFeatures,HisAndHersClosets,The room or rooms have two separate closets.,Yes,Yes,
,Property,InteriorFeatures,HomeOffice,,InteriorFeatures,HomeOffice,The listing contains a home office.,Yes,Yes,
,Property,InteriorFeatures,InLawFloorplan,,InteriorFeatures,InLawFloorplan,"The structure has an area within that has the characteristics of an independent apartment, typically with a living area, kitchen, bedroom and bathroom. An in-law floor plan is not necessarily an Accessory Dwelling Unit (ADU).",Yes,Yes,
,Property,InteriorFeatures,KitchenIsland,,InteriorFeatures,KitchenIsland,"A separate counter surface in a kitchen that is not attached to other surfaces or to a wall. A kitchen island may or may not include a sink, stove or other fixtures.",Yes,Yes,
,Property,InteriorFeatures,LaminateCounters,,InteriorFeatures,LaminateCounters,The counters are covered with a laminate.,Yes,Yes,
,Property,InteriorFeatures,LowFlowPlumbingFixtures,,InteriorFeatures,LowFlowPlumbingFixtures,Some or all of the fixtures are designed to save water.,Yes,Yes,
,Property,InteriorFeatures,MasterDownstairs,,InteriorFeatures,MasterDownstairs,There is a primary bedroom on the main level of the structure.,Yes,Yes,
,Property,InteriorFeatures,NaturalWoodwork,,InteriorFeatures,NaturalWoodwork,The property or room has features made from real wood.,Yes,Yes,
,Property,InteriorFeatures,OpenFloorplan,,InteriorFeatures,OpenFloorplan,A generic design term for a floor plan that makes use of large open spaces and avoids the use of small enclosed spaces.,Yes,Yes,
,Property,InteriorFeatures,Other,,InteriorFeatures,Other,The room or interior has features other than those included on this list.,Yes,Yes,
,Property,InteriorFeatures,Pantry,,InteriorFeatures,Pantry,"A small room or closet where food, dishes and utensils are stored.",Yes,Yes,
,Property,InteriorFeatures,RecessedLighting,,InteriorFeatures,RecessedLighting,A light fixture installed into a hollow opening in the ceiling.,Yes,Yes,
,Property,InteriorFeatures,Sauna,,InteriorFeatures,Sauna,A small room or separate structure designed to produce heat to induce perspiration with wet steam (often poured over hot stones) or with dry heat.,Yes,Yes,
,Property,InteriorFeatures,SeeRemarks,,InteriorFeatures,SeeRemarks,See the remarks fields for additional information about the room or interior.,Yes,Yes,
,Property,InteriorFeatures,SmartHome,,InteriorFeatures,SmartHome,"A generic term for electronic automation of features such as lighting, heating/cooling, security and other amenities. The features are typically linked though an app or software via one or more third-party services. The features are also known for their convenience and energy efficiency.",Yes,Yes,
,Property,InteriorFeatures,SmartThermostat,,InteriorFeatures,SmartThermostat,A heating/cooling control unit that has convenience and energy-saving aspects. A smart thermostat may also integrate with a larger smart home system and typically operates through a third-party service.,Yes,Yes,
,Property,InteriorFeatures,SoakingTub,,InteriorFeatures,SoakingTub,A bathtub that is typically deeper and may be shorter than traditional tubs.,Yes,Yes,
,Property,InteriorFeatures,SolarTubes,,InteriorFeatures,SolarTubes,A reflective tube that extends from a light-gathering surface on the roof of the structure down into a room where the outside light is distributed.,Yes,Yes,
,Property,InteriorFeatures,SoundSystem,,InteriorFeatures,SoundSystem,The property includes a sound system that typically includes in-wall wiring and recessed/built-in speakers and a built-in location for the amplifier and other audio equipment.,Yes,Yes,
,Property,InteriorFeatures,StoneCounters,,InteriorFeatures,StoneCounters,The property or room has counters that are made of some type of stone.,Yes,Yes,
,Property,InteriorFeatures,Storage,,InteriorFeatures,Storage,The property or room has storage space.,Yes,Yes,
,Property,InteriorFeatures,TileCounters,,InteriorFeatures,TileCounters,The property or room has counters that are made of some type of tile.,Yes,Yes,
,Property,InteriorFeatures,TrackLighting,,InteriorFeatures,TrackLighting,A type of lighting where the light fixtures are mounted on a track allowing for adjustment of the position of the lights.,Yes,Yes,
,Property,InteriorFeatures,TrayCeilings,,InteriorFeatures,TrayCeilings,"A ceiling with an inverted tray or recessed area, often rectangular, that adds depth and interest.",Yes,Yes,
,Property,InteriorFeatures,VaultedCeilings,,InteriorFeatures,VaultedCeilings,"Derived from the Italian word ""volta,"" is this is typically a high celling with no attic between the ceiling and the roof. When a vaulted ceiling has two angles that meet in the center of the room, Cathedral Ceiling(s) may be used.",Yes,Yes,
,Property,InteriorFeatures,WalkInClosets,,InteriorFeatures,WalkInClosets,A closet that is a small room with an entryway.,Yes,Yes,
,Property,InteriorFeatures,WaterSenseFixtures,,InteriorFeatures,WaterSenseFixtures,"Water fixtures that are backed by independent, third-party certification and meet Environmental Protection Agency (EPA) specifications for water efficiency and performance.",Yes,Yes,
,Property,InteriorFeatures,WetBar,,InteriorFeatures,WetBar,"Commonly a built-in fixture for the storage, preparation, serving and/or consumption of drinks that has a faucet and sink.",Yes,Yes,
,Property,InteriorFeatures,WindowedBathroom,,InteriorFeatures,WindowedBathroom,The bathroom has windows.,Yes,Yes,
,Property,InteriorFeatures,WindowedKitchen,,InteriorFeatures,WindowedKitchen,The kitchen has windows.,Yes,Yes,
,Property,InteriorFeatures,WiredForData,,InteriorFeatures,WiredForData,"The property has been wired for data, typically Category 5 or 6 wiring for the support of Ethernet data communications.",Yes,Yes,
,Property,InteriorFeatures,WiredForSound,,InteriorFeatures,WiredForSound,"The property has been wired for a built-in sound system. This typically includes in-wall wiring and recessed/built-in speakers and a location for audio equipment. The wiring is in place, but equipment may not be included.",Yes,Yes,
,Property,KitchenCondition,Excellent,,KitchenCondition,Excellent,,Yes,Yes,
,Property,KitchenCondition,Fair,,KitchenCondition,Fair,,Yes,Yes,
,Property,KitchenCondition,Good,,KitchenCondition,Good,,Yes,Yes,
,Property,KitchenCondition,New,,KitchenCondition,New,,Yes,Yes,
,Property,KitchenCondition,Poor,,KitchenCondition,Poor,,Yes,Yes,
,Property,KitchenCondition,Wrecked,,KitchenCondition,Wrecked,,Yes,Yes,
,Property,LaborInformation,EmployeeLicenseRequired,,LaborInformation,EmployeeLicenseRequired,Special licensing is required for employees.,Yes,Yes,
,Property,LaborInformation,NonUnion,,LaborInformation,NonUnion,A labor union is not currently established.,Yes,Yes,
,Property,LaborInformation,Union,,LaborInformation,Union,A labor union is established.,Yes,Yes,
,Property,LaundryFeatures,OnCommonFloor,,LaundryFeatures,OnCommonFloor,The building has laundry on common floor.,Yes,Yes,
,Property,LaundryFeatures,ElectricDryerHookup,,LaundryFeatures,ElectricDryerHookup,The property has electric clothes dryer connections.,Yes,Yes,
,Property,LaundryFeatures,GasDryerHookup,,LaundryFeatures,GasDryerHookup,The property has gas clothes dryer connections.,Yes,Yes,
,Property,LaundryFeatures,InBasement,,LaundryFeatures,InBasement,Laundry features are located in a basement.,Yes,Yes,
,Property,LaundryFeatures,InBathroom,,LaundryFeatures,InBathroom,Laundry features are located in a bathroom.,Yes,Yes,
,Property,LaundryFeatures,InCarport,,LaundryFeatures,InCarport,Laundry features are located in a carport.,Yes,Yes,
,Property,LaundryFeatures,InGarage,,LaundryFeatures,InGarage,Laundry features are located in a garage.,Yes,Yes,
,Property,LaundryFeatures,InHall,,LaundryFeatures,InHall,Laundry features are located in a hall.,Yes,Yes,
,Property,LaundryFeatures,InKitchen,,LaundryFeatures,InKitchen,Laundry features are located in a kitchen.,Yes,Yes,
,Property,LaundryFeatures,InUnit,,LaundryFeatures,InUnit,Laundry features are located in a unit.,Yes,Yes,
,Property,LaundryFeatures,Inside,,LaundryFeatures,Inside,,Yes,Yes,
,Property,LaundryFeatures,LaundryChute,,LaundryFeatures,LaundryChute,The property has a laundry chute.,Yes,Yes,
,Property,LaundryFeatures,LaundryCloset,,LaundryFeatures,LaundryCloset,The property has a laundry closet.,Yes,Yes,
,Property,LaundryFeatures,LaundryRoom,,LaundryFeatures,LaundryRoom,The property has a laundry room.,Yes,Yes,
,Property,LaundryFeatures,LowerLevel,,LaundryFeatures,LowerLevel,Laundry features are located on a lower level.,Yes,Yes,
,Property,LaundryFeatures,MainLevel,,LaundryFeatures,MainLevel,Laundry features are located on the main level.,Yes,Yes,
,Property,LaundryFeatures,MultipleLocations,,LaundryFeatures,MultipleLocations,Laundry features are located in multiple locations.,Yes,Yes,
,Property,LaundryFeatures,None,,LaundryFeatures,None,There are no laundry features.,Yes,Yes,
,Property,LaundryFeatures,Other,,LaundryFeatures,Other,There are laundry features other than those on this list.,Yes,Yes,
,Property,LaundryFeatures,Outside,,LaundryFeatures,Outside,Laundry features are located outside.,Yes,Yes,
,Property,LaundryFeatures,SeeRemarks,,LaundryFeatures,SeeRemarks,See remarks for additional information about laundry features.,Yes,Yes,
,Property,LaundryFeatures,Sink,,LaundryFeatures,Sink,The laundry area has a sink.,Yes,Yes,
,Property,LaundryFeatures,UpperLevel,,LaundryFeatures,UpperLevel,Laundry features are located on an upper level.,Yes,Yes,
,Property,LaundryFeatures,WasherHookup,,LaundryFeatures,WasherHookup,The property has a hookups for a clothes washer.,Yes,Yes,
,Property,LaundryFeatures,WasherDryerInstallAllowed,,LaundryFeatures,WasherDryerInstallAllowed,The building rules allow washer and dryer to be installed in the units.,Yes,Yes,
,Property,LeaseType,NonStabilizedLease,,LeaseType,NonStabilizedLease,The unit or builidng is not stabilized.,Yes,Yes,
,Property,LeaseType,StabilizedLease,,LeaseType,StabilizedLease,The unit or building is stabilized.,Yes,Yes,
,Property,Levels,MultiSplit,,Levels,MultiSplit,"A split-level home (also called a tri-level home) is a style of house in which the floor levels are staggered so that the ""main"" level of the house (e.g., the level that usually contains the front entry) is partway between the upper and lower floors.",Yes,Yes,
,Property,Levels,One,,Levels,One,The property being sold/leased has one level. A discreet horizontal plane of interior living space (excluding basements).,Yes,Yes,
,Property,Levels,OneAndOneHalf,,Levels,OneAndOneHalf,"A 1.5-story house is where the height of any of the walls on the second floor are less than the height of the walls on the first floor. First floor walls that extend up to the second floor level are not included in the height comparison. Depending on your state, province or other local regulations, there may be a specific height difference required. For example, some areas require that second floor walls should be less than 70% the height of first floor walls in order to be called a 1.5-story structure. Other areas are 50%, and it is clear that this may vary substantially from region to region. Another common trait is angled ceilings that compensate for the short walls making all but the edges of the room high enough for normal use.",Yes,Yes,
,Property,Levels,ThreeOrMore,,Levels,ThreeOrMore,The property being sold/leased has three or more levels. A discreet horizontal plane of interior living space (excluding basements).,Yes,Yes,
,Property,Levels,Two,,Levels,Two,The property being sold/leased has two levels. A discreet horizontal plane of interior living space (excluding basements).,Yes,Yes,
,Property,ListingAgreement,CoExclusive,,ListingAgreement,CoExclusive,"A contract giving the 2 Broker the right to collect commission if the property is sold by anyone, including the owning, during the term of the agreement.",Yes,Yes,
,Property,ListingAgreement,ExclusiveAgency,,ListingAgreement,ExclusiveAgency,"A contract giving one brokerage firm, for a specified time, the right to sell/lease the property and also allowing the owner, acting alone, to sell/lease the property without paying commission.",Yes,Yes,
,Property,ListingAgreement,ExclusiveRightToLease,,ListingAgreement,ExclusiveRightToLease,"A contract giving the broker the right to collect commission if the property is leased by anyone, including the owner, during the term of the agreement.",Yes,Yes,PropertyType cannot be equal to Residential.
,Property,ListingAgreement,ExclusiveRightToSell,,ListingAgreement,ExclusiveRightToSell,"A contract giving the broker the right to collect commission if the property is sold by anyone, including the owner, during the term of the agreement.",Yes,Yes,PropertyType cannot be equal to Residential Lease.
,Property,ListingAgreement,ExclusiveRightWithException,,ListingAgreement,ExclusiveRightWithException,"A contract giving the broker the right to collect commission if the property is sold by anyone, including the owner, during the term of the agreement unless some specified exceptions to the agreement occur.",Yes,Yes,
,Property,MLSStatus,InactiveAgent,,ListingIssues,InactiveAgent,"Indicates the ListAgent, CoListAgent, CoListAgent2, or CoListAgent3 are no longer active RLS Participants. This listing is no longer being shared/distributed in the RLS. The agent should reach out to REBNY Membership at rebnymembership@rebny.com.",No,Source Specific,
,,MLSStatus,Mismatched Agent Office,,ListingIssues,MismatchedOffice,"Indicates the ListAgent, CoListAgent, CoListAgent2, or CoListAgent3 no longer matches with the ListOffice.ListOffice details are pulled from REBNY Member Directory. Please have the agent reach out to REBNY Membership at rebnymembership@rebny.com to update their record.",No,Source Specific,
,Property,ListingTerms,Exchange1031,,ListingTerms,Exchange1031,The seller may be interested in a 1031 exchange as part of the sale.,Yes,Yes,
,Property,ListingTerms,AllInclusiveTrustDeed,,ListingTerms,AllInclusiveTrustDeed,The property is under an all-inclusive trust deed.,Yes,Yes,
,Property,ListingTerms,Assumable,,ListingTerms,Assumable,The seller is interested in assumable financing.,Yes,Yes,
,Property,ListingTerms,Cash,,ListingTerms,Cash,The seller would like a cash sale.,Yes,Yes,
,Property,ListingTerms,Contract,,ListingTerms,Contract,"The seller may be interested in an agreement to perform services, provide product, share income or some other agreement as the method of payment for the property.",Yes,Yes,
,Property,ListingTerms,Conventional,,ListingTerms,Conventional,The seller may accept a buyer using conventional financing to purchase the home.,Yes,Yes,
,Property,ListingTerms,ExistingBonds,,ListingTerms,ExistingBonds,The property for sale has existing bonds.,Yes,Yes,
,Property,ListingTerms,Fha,,ListingTerms,Fha,"The seller may accept a buyer with a loan from an approved provider that follows the guidelines of, and is insured by, the Federal Housing Administration (FHA).",Yes,Yes,
,Property,ListingTerms,LandUseFee,,ListingTerms,LandUseFee,The listed property has a land use fee.,Yes,Yes,
,Property,ListingTerms,LeaseBack,,ListingTerms,LeaseBack,The seller may be interested in the simultaneous sale of a property with a lease back to the seller who then becomes the tenant.,Yes,Yes,
,Property,ListingTerms,LeaseOption,,ListingTerms,LeaseOption,The seller may be interested in selling as a lease option to the buyer.,Yes,Yes,
,Property,ListingTerms,LeasePurchase,,ListingTerms,LeasePurchase,The seller may be interested in selling as a lease purchase.,Yes,Yes,
,Property,ListingTerms,LienRelease,,ListingTerms,LienRelease,The property for sale may require a lien release.,Yes,Yes,
,Property,ListingTerms,OwnerMayCarry,,ListingTerms,OwnerMayCarry,The seller may be interested in carrying the mortgage note.,Yes,Yes,
,Property,ListingTerms,OwnerPayPoints,,ListingTerms,OwnerPayPoints,The seller may carry points.,Yes,Yes,
,Property,ListingTerms,OwnerWillCarry,,ListingTerms,OwnerWillCarry,The seller will carry the mortgage note.,Yes,Yes,
,Property,ListingTerms,PrivateFinancingAvailable,,ListingTerms,PrivateFinancingAvailable,Financing is provided by a private party.,Yes,Yes,
,Property,ListingTerms,RelocationProperty,,ListingTerms,RelocationProperty,The property for sale is a relocation property.,Yes,Yes,
,Property,ListingTerms,SellerEquityShare,,ListingTerms,SellerEquityShare,The seller may be interested in investing in an equity share.,Yes,Yes,
,Property,ListingTerms,SpecialFunding,,ListingTerms,SpecialFunding,The seller may be interested in a special funding arrangement.,Yes,Yes,
,Property,ListingTerms,Submit,,ListingTerms,Submit,Contact the listing agent for the listing terms.,Yes,Yes,
,Property,ListingTerms,Trade,,ListingTerms,Trade,The seller may be interested in a trade arrangement.,Yes,Yes,
,Property,ListingTerms,TrustConveyance,,ListingTerms,TrustConveyance,A trust conveyance (to another trustee) may be involved in the sale of the property.,Yes,Yes,
,Property,ListingTerms,TrustDeed,,ListingTerms,TrustDeed,The seller may accept financing where title of the property is placed with a trustee who secures payment of the loan for a beneficiary.,Yes,Yes,
,Property,ListingTerms,UsdaLoan,,ListingTerms,UsdaLoan,"The seller may accept a loan from an approved provider that follows the guidelines of, and is insured by, the U.S. Department of Agriculture.",Yes,Yes,
,Property,ListingTerms,VaLoan,,ListingTerms,VaLoan,"The seller may accept a loan from an approved provider that follows the guidelines of, and is insured by, the U.S. Department of Veteran's Affairs.",Yes,Yes,
,Property,LotFeatures,Agricultural,,LotFeatures,Agricultural,The lot has agricultural features.,Yes,Yes,
,Property,LotFeatures,BackYard,,LotFeatures,BackYard,The lot has a backyard.,Yes,Yes,
,Property,LotFeatures,Bluff,,LotFeatures,Bluff,The lot is on or near a bluff.,Yes,Yes,
,Property,LotFeatures,CityLot,,LotFeatures,CityLot,The lot is in a city/urban setting.,Yes,Yes,
,Property,LotFeatures,Cleared,,LotFeatures,Cleared,The lot has been cleared.,Yes,Yes,
,Property,LotFeatures,CloseToClubhouse,,LotFeatures,CloseToClubhouse,The lot is located close to a community clubhouse.,Yes,Yes,
,Property,LotFeatures,CornerLot,,LotFeatures,CornerLot,The lot is located on the corner of an intersection.,Yes,Yes,
,Property,LotFeatures,CornersMarked,,LotFeatures,CornersMarked,The corners of the lot have been marked.,Yes,Yes,
,Property,LotFeatures,CulDeSac,,LotFeatures,CulDeSac,"The lot is located on a street that is closed on one end in a circular shape. Cul-de-sac translated literally from French is ""the bottom of the bag,"" which helps explain the circular shape.",Yes,Yes,
,Property,LotFeatures,DesertBack,,LotFeatures,DesertBack,The back of the lot faces a desert area.,Yes,Yes,
,Property,LotFeatures,DesertFront,,LotFeatures,DesertFront,The front of the lot faces a desert area.,Yes,Yes,
,Property,LotFeatures,Farm,,LotFeatures,Farm,The lot is or has characteristics of a farm.,Yes,Yes,
,Property,LotFeatures,FewTrees,,LotFeatures,FewTrees,The lot has a few trees.,Yes,Yes,
,Property,LotFeatures,FlagLot,,LotFeatures,FlagLot,"Named for the shape, a flag lot has a long driveway leading to the property that, together, may have the appearance of a pole and flag. The driveway in a flag lot typically runs between two other properties.",Yes,Yes,
,Property,LotFeatures,FrontYard,,LotFeatures,FrontYard,The lot has a front yard.,Yes,Yes,
,Property,LotFeatures,Garden,,LotFeatures,Garden,The lot has a garden.,Yes,Yes,
,Property,LotFeatures,GentleSloping,,LotFeatures,GentleSloping,The lot's slop is gentle.,Yes,Yes,
,Property,LotFeatures,Greenbelt,,LotFeatures,Greenbelt,The lot is adjacent to a greenbelt.,Yes,Yes,
,Property,LotFeatures,InteriorLot,,LotFeatures,InteriorLot,"Also referred to as an inside lot, an interior lot faces a street on only one side.",Yes,Yes,
,Property,LotFeatures,IrregularLot,,LotFeatures,IrregularLot,The lot is not a rectangle.,Yes,Yes,
,Property,LotFeatures,Landscaped,,LotFeatures,Landscaped,The lot has been fully or partially landscaped.,Yes,Yes,
,Property,LotFeatures,Level,,LotFeatures,Level,The lot is level/flat.,Yes,Yes,
,Property,LotFeatures,ManyTrees,,LotFeatures,ManyTrees,The lot has many trees.,Yes,Yes,
,Property,LotFeatures,Meadow,,LotFeatures,Meadow,The lot has a meadow.,Yes,Yes,
,Property,LotFeatures,NativePlants,,LotFeatures,NativePlants,The lot's landscaping includes native plants.,Yes,Yes,
,Property,LotFeatures,NearGolfCourse,,LotFeatures,NearGolfCourse,The lot is near a golf course.,Yes,Yes,
,Property,LotFeatures,NearPublicTransit,,LotFeatures,NearPublicTransit,The lot is near public transportation.,Yes,Yes,
,Property,LotFeatures,OnGolfCourse,,LotFeatures,OnGolfCourse,The lot is directly adjacent to a golf course.,Yes,Yes,
,Property,LotFeatures,OpenLot,,LotFeatures,OpenLot,The lot is open.,Yes,Yes,
,Property,LotFeatures,Orchards,,LotFeatures,Orchards,The lot includes one or more orchards.,Yes,Yes,
,Property,LotFeatures,Other,,LotFeatures,Other,The lot has features other than those on this list.,Yes,Yes,
,Property,LotFeatures,Pasture,,LotFeatures,Pasture,The lot includes a pasture.,Yes,Yes,
,Property,LotFeatures,Paved,,LotFeatures,Paved,The lot is partially or fully paved.,Yes,Yes,
,Property,LotFeatures,PieShapedLot,,LotFeatures,PieShapedLot,"The lot is shaped like a pie or triangle and is typically narrow at the front and wide at the back. The reverse, a wide front, could be referred to as pie shaped or reverse pie shaped.",Yes,Yes,
,Property,LotFeatures,Private,,LotFeatures,Private,The lot is private or has features that provide privacy from adjacent areas such as neighbors or roads.,Yes,Yes,
,Property,LotFeatures,RectangularLot,,LotFeatures,RectangularLot,"Also known as a regular-shaped lot, the lot has a rectangle or square shape.",Yes,Yes,
,Property,LotFeatures,RockOutcropping,,LotFeatures,RockOutcropping,Rock features or barriers that transition a grading in the landscape.,Yes,Yes,
,Property,LotFeatures,RollingSlope,,LotFeatures,RollingSlope,The slope of the property varies in a rolling or wavy fashion.,Yes,Yes,
,Property,LotFeatures,Secluded,,LotFeatures,Secluded,The lot is secluded.,Yes,Yes,
,Property,LotFeatures,SeeRemarks,,LotFeatures,SeeRemarks,See the remarks fields for additional information about the lot's features.,Yes,Yes,
,Property,LotFeatures,Sloped,,LotFeatures,Sloped,The lot is sloped.,Yes,Yes,
,Property,LotFeatures,SlopedDown,,LotFeatures,SlopedDown,"The lot is sloped down, typically from the perspective of looking at the property from the street.",Yes,Yes,
,Property,LotFeatures,SlopedUp,,LotFeatures,SlopedUp,"The lot is sloped up, typically from the perspective of looking at the property from the street.",Yes,Yes,
,Property,LotFeatures,SplitPossible,,LotFeatures,SplitPossible,It may be possible that the lot could be split into two or more parcels.,Yes,Yes,
,Property,LotFeatures,SprinklersInFront,,LotFeatures,SprinklersInFront,There are irrigation sprinklers on the front of the lot.,Yes,Yes,
,Property,LotFeatures,SprinklersInRear,,LotFeatures,SprinklersInRear,There are irrigation sprinklers to the rear of the lot.,Yes,Yes,
,Property,LotFeatures,SteepSlope,,LotFeatures,SteepSlope,The lot is sloped steeply.,Yes,Yes,
,Property,LotFeatures,Subdivided,,LotFeatures,Subdivided,The lot has been subdivided into two or more parcels.,Yes,Yes,
,Property,LotFeatures,Views,,LotFeatures,Views,There are views from the lot.,Yes,Yes,
,Property,LotFeatures,Waterfall,,LotFeatures,Waterfall,The lot has a waterfall.,Yes,Yes,
,Property,LotFeatures,Waterfront,,LotFeatures,Waterfront,The lot is located on a waterfront.,Yes,Yes,
,Property,LotFeatures,Wetlands,,LotFeatures,Wetlands,The lot is located near or within wetlands.,Yes,Yes,
,Property,LotFeatures,Wooded,,LotFeatures,Wooded,The lot is wooded.,Yes,Yes,
,Property,LotFeatures,ZeroLotLine,,LotFeatures,ZeroLotLine,"The structure comes up to or very near the property line. Attached single-family residences, row houses, garden homes or patio homes all may be zero lot line homes.",Yes,Yes,
,Property,MlsStatus,Active,,MlsStatus,Active,The listing is on market and an offer has not been accepted.,Yes,Yes,
,Property,MlsStatus,Canceled,,MlsStatus,Canceled,The listing contract has been terminated.,Yes,Yes,"After 90 days, require to submit new listing key if putting back on market."
,Property,MlsStatus,Closed,,MlsStatus,Closed,The purchase agreement has been fulfilled or the lease agreement has been executed.,Yes,Yes,"When is Closed, if StatusChangeDateTime is greater than 3 days ago, then:
1. MLSStatus cannot be changed
2. PublicRemarks and all address fields cannot be changed
3. Cotality Member and Office associations cannot be changed (the data will remain frozen so if the Member or Office details changes the details will remain as is)
4. Any API request including changes to the relevant attributes will be rejected
5. Any API request including changes to other attributes (i.e. BuyerAgent) will be accepted, assuming other validations are satisfied

Listings must be Pending prior to changing status to Closed."
,Property,MlsStatus,ComingSoon,,MlsStatus,ComingSoon,"This is a listing that has not yet been on market but will be on market soon. A listing contract has been executed. Coming Soon is different from Hold and Withdrawn, as the property, under the current listing contract only, has not been previously on market.",Yes,Yes,"-ListingContractDate is the indicated date when the Property Record will be changed to MLSStatus = Active
-Submission of a Property Record where MLSStatus = ComingSoon requires a Media Record where SupplementType = ComingSoonOwnerAuthorization
-Acceptance of a Property Record where MLSStatus = ComingSoon triggers an auto generation timestamp in the ComingSoonTimestamp field
-Acceptance of a Property Record where MLSStatus= ComingSoon will set utilize the MajorChangeType field as ComingSoon is now an acceptable field in the Cotality data model
-Submission of Property Record where MLSStatus = ComingSoon are rejected if
   -NewDevelopmentYN = true
   -PropertyType = ResidentialLease
An existing Property Record cannot be changed to ComingSoon if
   -The OriginalEntryTimestamp is > 14 days ago
   -There is no Media Record where SupplementType = ComingSoonOwnerAuthorization
   -NewDevelopmentYN = true
   -PropertyType = ResidentialLease
   -An Open House Record exists and the OpenHouseStartTime is before the ListingContractDate
-Changing an existing listing to MLSStatus = ComingSoon triggers an auto generation timestamp in the ComingSoonTimestamp field
-Open House Records can be created while StandardStatus = ComingSoon if
   -The OpenHouseStartTime is on or after the ListingContractDate
-A Property Record where MLSStatus= ComingSoon cannot be changed to Closed or Pending
-If ShowingStartTime is included with a listing the ShowingStartTime value must be greater than or equal to the ListingContractDate"
,Property,MlsStatus,Expired,,MlsStatus,Expired,"The listing contract has expired.  Update from Expired to Active, Pending, Cancelled or Withdrawn allowed if within 90 days of ExpirationDate.",Yes,Yes,"After 90 days, require to submit new listing key if putting back on market."
,Property,MlsStatus,Hold,,MlsStatus,Hold,"A contract exists between the seller and the listing member. The listing may be completely off market, not allowing any showings and/or not taking any further offers.",Yes,Yes,"TOM30 status is allowed for 30 days, it is renewable 2 times. TOM30 Status is allowed a Maximum of 90 days, after consecutive 90 days, the listing can be displayed as new. New listing key is required to be submitted after 90 days.

The MLSStatus is allowed to change from Hold to Canceled, Expired, or Withdrawn even after 90 days of an Off Market status of Hold.

Listing marked hold are required to submit as Pending prior to marking status as Closed."
,Property,MlsStatus,Incomplete,,MlsStatus,Incomplete,The listing has not yet been completely entered and is not yet published in the MLS.,Yes,No,Listing marked Incomplete are required to submit status as Active prior to marking status as Pending.
,Property,MlsStatus,Pending,,MlsStatus,Pending,An offer has been accepted and the listing is no longer on market.,Yes,Yes,Listings must be Active prior to marking Pending status.
,Property,MlsStatus,Withdrawn,,MlsStatus,Withdrawn,"The listing has been withdrawn from the market, but a contract still exists between the seller and the listing member. For those systems that use both Hold and Withdrawn, Withdrawn may represent an intention not to bring the listing back on the market.",Yes,Yes,"After 90 days, require to resubmit new listing key."
,Property,OccupantType,Owner,,OccupantType,Owner,The occupant is the owner.,Yes,Yes,
,Property,OccupantType,Tenant,,OccupantType,Tenant,The occupant is a tenant.,Yes,Yes,
,Property,OccupantType,Vacant,,OccupantType,Vacant,The property listed is vacant.,Yes,Yes,
,Property,OtherEquipment,AirPurifier,,OtherEquipment,AirPurifier,The property includes an air purifier.,Yes,Yes,
,Property,OtherEquipment,Buzzer,,OtherEquipment,Buzzer,The property includes a buzzer system.,Yes,Yes,
,Property,OtherEquipment,CallListingAgent,,OtherEquipment,CallListingAgent,Call the listing agent for more information about other equipment included with the property.,Yes,Yes,
,Property,OtherEquipment,Compressor,,OtherEquipment,Compressor,The property includes a compressor.,Yes,Yes,
,Property,OtherEquipment,DcWellPump,,OtherEquipment,DcWellPump,The property includes a DC well pump.,Yes,Yes,
,Property,OtherEquipment,Dehumidifier,,OtherEquipment,Dehumidifier,The property includes a dehumidifier.,Yes,Yes,
,Property,OtherEquipment,FuelTanks,,OtherEquipment,FuelTanks,The property includes a fuel tank or fuel tanks.,Yes,Yes,
,Property,OtherEquipment,Generator,,OtherEquipment,Generator,The property includes a generator.,Yes,Yes,
,Property,OtherEquipment,HomeTheater,,OtherEquipment,HomeTheater,The property includes a home theater.,Yes,Yes,
,Property,OtherEquipment,Intercom,,OtherEquipment,Intercom,The property includes an intercom.,Yes,Yes,
,Property,OtherEquipment,IrrigationEquipment,,OtherEquipment,IrrigationEquipment,The property includes irrigation equipment.,Yes,Yes,
,Property,OtherEquipment,ListAvailable,,OtherEquipment,ListAvailable,A list of other equipment included with the property is available upon request.,Yes,Yes,
,Property,OtherEquipment,Negotiable,,OtherEquipment,Negotiable,The other equipment included with the property is negotiable.,Yes,Yes,
,Property,OtherEquipment,None,,OtherEquipment,None,There is no other equipment included with the property.,Yes,Yes,
,Property,OtherEquipment,Other,,OtherEquipment,Other,The property includes equipment other than what's included on this list.,Yes,Yes,
,Property,OtherEquipment,RotaryAntenna,,OtherEquipment,RotaryAntenna,The property includes a rotary antenna.,Yes,Yes,
,Property,OtherEquipment,SatelliteDish,,OtherEquipment,SatelliteDish,The property includes a satellite dish.,Yes,Yes,
,Property,OtherEquipment,TvAntenna,,OtherEquipment,TvAntenna,The property includes a TV antenna.,Yes,Yes,
,Property,OtherEquipment,VariesByUnit,,OtherEquipment,VariesByUnit,The equipment included with the property varies from unit to unit.,Yes,Yes,
,Property,OtherStructures,Cabana,,OtherStructures,Cabana,The property includes a cabana.,Yes,Yes,
,Property,OtherStructures,Caves,,OtherStructures,Caves,The property includes a cave or caves.,Yes,Yes,
,Property,OtherStructures,Garages,,OtherStructures,Garages,The property includes a garage or garages.,Yes,Yes,
,Property,OtherStructures,Gazebo,,OtherStructures,Gazebo,The property includes a gazebo.,Yes,Yes,
,Property,OtherStructures,Greenhouse,,OtherStructures,Greenhouse,The property includes a greenhouse.,Yes,Yes,
,Property,OtherStructures,GuestHouse,,OtherStructures,GuestHouse,The property includes a guest house.,Yes,Yes,
,Property,OtherStructures,KennelDogRun,,OtherStructures,KennelDogRun,The property includes a kennel or dog run.,Yes,Yes,
,Property,OtherStructures,None,,OtherStructures,None,The property has no other structures.,Yes,Yes,
,Property,OtherStructures,Other,,OtherStructures,Other,The property includes a structure other than those included on this list.,Yes,Yes,
,Property,OtherStructures,Outbuilding,,OtherStructures,Outbuilding,The property includes an outbuilding.,Yes,Yes,
,Property,OtherStructures,OutdoorKitchen,,OtherStructures,OutdoorKitchen,The property includes an outdoor kitchen.,Yes,Yes,
,Property,OtherStructures,PackingShed,,OtherStructures,PackingShed,The property includes a packing shed.,Yes,Yes,
,Property,OtherStructures,Pergola,,OtherStructures,Pergola,The property includes a pergola.,Yes,Yes,
,Property,OtherStructures,PoolHouse,,OtherStructures,PoolHouse,The property includes a pool house.,Yes,Yes,
,Property,OtherStructures,Residence,,OtherStructures,Residence,The property includes a residence structure.,Yes,Yes,
,Property,OtherStructures,RvBoatStorage,,OtherStructures,RvBoatStorage,The property includes RV or boat storage.,Yes,Yes,
,Property,OtherStructures,SecondGarage,,OtherStructures,SecondGarage,The property includes a second garage.,Yes,Yes,
,Property,OtherStructures,SecondResidence,,OtherStructures,SecondResidence,The property includes a second residence.,Yes,Yes,
,Property,OtherStructures,SeeRemarks,,OtherStructures,SeeRemarks,See the public or private remarks for information about other structures on the property.,Yes,Yes,
,Property,OtherStructures,Sheds,,OtherStructures,Sheds,The property includes a shed or sheds.,Yes,Yes,
,Property,OtherStructures,Storage,,OtherStructures,Storage,The property includes storage.,Yes,Yes,
,Property,OtherStructures,TennisCourts,,OtherStructures,TennisCourts,The property includes a tennis court or tennis courts.,Yes,Yes,
,Property,OtherStructures,Workshop,,OtherStructures,Workshop,The property includes a workshop.,Yes,Yes,
,Property,OwnerPays,AllUtilities,,OwnerPays,AllUtilities,The owner/lessor pays for all utilities.,Yes,Yes,
,Property,OwnerPays,AssociationFees,,OwnerPays,AssociationFees,The owner/lessor pays for association fees.,Yes,Yes,
,Property,OwnerPays,CableTv,,OwnerPays,CableTv,The owner/lessor pays for cable television.,Yes,Yes,
,Property,OwnerPays,CommonAreaMaintenance,,OwnerPays,CommonAreaMaintenance,The owner/lessor pays for common area maintenance.,Yes,Yes,
,Property,OwnerPays,Electricity,,OwnerPays,Electricity,The owner/lessor pays for electricity.,Yes,Yes,
,Property,OwnerPays,ExteriorMaintenance,,OwnerPays,ExteriorMaintenance,The owner/lessor pays for exterior maintenance.,Yes,Yes,
,Property,OwnerPays,Gas,,OwnerPays,Gas,The owner/lessor pays for gas.,Yes,Yes,
,Property,OwnerPays,GroundsCare,,OwnerPays,GroundsCare,The owner/lessor pays for grounds care.,Yes,Yes,
,Property,OwnerPays,HotWater,,OwnerPays,HotWater,The owner/lessor pays for hot water.,Yes,Yes,
,Property,OwnerPays,HvacMaintenance,,OwnerPays,HvacMaintenance,The owner/lessor pays for HVAC maintenance.,Yes,Yes,
,Property,OwnerPays,Insurance,,OwnerPays,Insurance,The owner/lessor pays for insurance.,Yes,Yes,
,Property,OwnerPays,JanitorialService,,OwnerPays,JanitorialService,The owner/lessor pays for janitorial service.,Yes,Yes,
,Property,OwnerPays,Management,,OwnerPays,Management,The owner/lessor pays for management.,Yes,Yes,
,Property,OwnerPays,None,,OwnerPays,None,"The owner/lessor pays for no utilities, services, etc.",Yes,Yes,
,Property,OwnerPays,Other,,OwnerPays,Other,The owner/lessor pays for items that are not included on this list.,Yes,Yes,
,Property,OwnerPays,OtherTax,,OwnerPays,OtherTax,The owner/lessor pays for other taxes.,Yes,Yes,
,Property,OwnerPays,ParkingFee,,OwnerPays,ParkingFee,The owner/lessor pays for parking fees.,Yes,Yes,
,Property,OwnerPays,PestControl,,OwnerPays,PestControl,The owner/lessor pays for pest control.,Yes,Yes,
,Property,OwnerPays,PoolMaintenance,,OwnerPays,PoolMaintenance,The owner/lessor pays for pool maintenance.,Yes,Yes,
,Property,OwnerPays,Repairs,,OwnerPays,Repairs,The owner/lessor pays for repairs.,Yes,Yes,
,Property,OwnerPays,RoofMaintenance,,OwnerPays,RoofMaintenance,The owner/lessor pays for roof maintenance.,Yes,Yes,
,Property,OwnerPays,Security,,OwnerPays,Security,The owner/lessor pays for security.,Yes,Yes,
,Property,OwnerPays,SeeRemarks,,OwnerPays,SeeRemarks,See the listing's remarks for details on what the owner/lessor pays for.,Yes,Yes,
,Property,OwnerPays,Sewer,,OwnerPays,Sewer,The owner/lessor pays for sewer.,Yes,Yes,
,Property,OwnerPays,SnowRemoval,,OwnerPays,SnowRemoval,The owner/lessor pays for snow removal.,Yes,Yes,
,Property,OwnerPays,Taxes,,OwnerPays,Taxes,The owner/lessor pays for taxes.,Yes,Yes,
,Property,OwnerPays,Telephone,,OwnerPays,Telephone,The owner/lessor pays for telephone.,Yes,Yes,
,Property,OwnerPays,TrashCollection,,OwnerPays,TrashCollection,The owner/lessor pays for trash collection.,Yes,Yes,
,Property,OwnerPays,Water,,OwnerPays,Water,The owner/lessor pays for water.,Yes,Yes,
,Property,ParkingFeatures,AdditionalParking,,ParkingFeatures,AdditionalParking,The property has additional parking.,Yes,Yes,
,Property,ParkingFeatures,AlleyAccess,,ParkingFeatures,AlleyAccess,The property has alley access.,Yes,Yes,
,Property,ParkingFeatures,Asphalt,,ParkingFeatures,Asphalt,The property has asphalt parking.,Yes,Yes,
,Property,ParkingFeatures,Assigned,,ParkingFeatures,Assigned,The property has assigned parking spaces.,Yes,Yes,
,Property,ParkingFeatures,Attached,,ParkingFeatures,Attached,The property has attached parking.,Yes,Yes,
,Property,ParkingFeatures,AttachedCarport,,ParkingFeatures,AttachedCarport,The property has an attached carport.,Yes,Yes,
,Property,ParkingFeatures,AutomatedParkingSystem,,ParkingFeatures,AutomatedParkingSystem,The property has an automated parking system.,Yes,Yes,
,Property,ParkingFeatures,Basement,,ParkingFeatures,Basement,"A basement garage is partially or mostly below grade, with its entrance level with the basement floor.",Yes,Yes,
,Property,ParkingFeatures,Carport,,ParkingFeatures,Carport,The property has a carport.,Yes,Yes,
,Property,ParkingFeatures,CircularDriveway,,ParkingFeatures,CircularDriveway,The property has a circular driveway.,Yes,Yes,
,Property,ParkingFeatures,Common,,ParkingFeatures,Common,The property has common/shared parking.,Yes,Yes,
,Property,ParkingFeatures,CommunityStructure,,ParkingFeatures,CommunityStructure,The property has a community parking structure.,Yes,Yes,
,Property,ParkingFeatures,Concrete,,ParkingFeatures,Concrete,The property has concrete paved parking.,Yes,Yes,
,Property,ParkingFeatures,ConvertedGarage,,ParkingFeatures,ConvertedGarage,The property has a converted garage.,Yes,Yes,
,Property,ParkingFeatures,Covered,,ParkingFeatures,Covered,The property has covered parking.,Yes,Yes,
,Property,ParkingFeatures,Deck,,ParkingFeatures,Deck,The property has a deck for parking.,Yes,Yes,
,Property,ParkingFeatures,Deeded,,ParkingFeatures,Deeded,The property has deeded parking.,Yes,Yes,
,Property,ParkingFeatures,Detached,,ParkingFeatures,Detached,The property has detached parking.,Yes,Yes,
,Property,ParkingFeatures,DetachedCarport,,ParkingFeatures,DetachedCarport,The property has a detached carport.,Yes,Yes,
,Property,ParkingFeatures,DirectAccess,,ParkingFeatures,DirectAccess,The parking has direct access to the property or structure.,Yes,Yes,
,Property,ParkingFeatures,DriveThrough,,ParkingFeatures,DriveThrough,The property has drive-through parking.,Yes,Yes,
,Property,ParkingFeatures,Driveway,,ParkingFeatures,Driveway,The property has a driveway.,Yes,Yes,
,Property,ParkingFeatures,ElectricGate,,ParkingFeatures,ElectricGate,The property has an electric gate.,Yes,Yes,
,Property,ParkingFeatures,ElectricVehicleChargingStations,,ParkingFeatures,ElectricVehicleChargingStations,The property has one or more electric vehicle charging station.,Yes,Yes,
,Property,ParkingFeatures,Enclosed,,ParkingFeatures,Enclosed,The property has enclosed parking.,Yes,Yes,
,Property,ParkingFeatures,Garage,,ParkingFeatures,Garage,The property has a garage.,Yes,Yes,
,Property,ParkingFeatures,GarageDoorOpener,,ParkingFeatures,GarageDoorOpener,The garage has an automatic garage door opener.,Yes,Yes,
,Property,ParkingFeatures,GarageFacesFront,,ParkingFeatures,GarageFacesFront,The property has a garage that faces the front of the property.,Yes,Yes,
,Property,ParkingFeatures,GarageFacesRear,,ParkingFeatures,GarageFacesRear,The property has a garage that faces the rear of the property.,Yes,Yes,
,Property,ParkingFeatures,GarageFacesSide,,ParkingFeatures,GarageFacesSide,The property has a garage that faces the side of the property.,Yes,Yes,
,Property,ParkingFeatures,Gated,,ParkingFeatures,Gated,The property has gated parking.,Yes,Yes,
,Property,ParkingFeatures,Gravel,,ParkingFeatures,Gravel,The property has parking on gravel.,Yes,Yes,
,Property,ParkingFeatures,Guest,,ParkingFeatures,Guest,The property has guest parking.,Yes,Yes,
,Property,ParkingFeatures,HeatedGarage,,ParkingFeatures,HeatedGarage,The property has a heated garage.,Yes,Yes,
,Property,ParkingFeatures,InsideEntrance,,ParkingFeatures,InsideEntrance,The property has parking with an inside entrance.,Yes,Yes,
,Property,ParkingFeatures,Leased,,ParkingFeatures,Leased,The property has leased parking.,Yes,Yes,
,Property,ParkingFeatures,Lighted,,ParkingFeatures,Lighted,The property has lighted parking.,Yes,Yes,
,Property,ParkingFeatures,NoGarage,,ParkingFeatures,NoGarage,The property has no garage.,Yes,Yes,
,Property,ParkingFeatures,None,,ParkingFeatures,None,The property does not include parking or no parking is available.,Yes,Yes,
,Property,ParkingFeatures,OffSite,,ParkingFeatures,OffSite,The property has off-site parking.,Yes,Yes,
,Property,ParkingFeatures,OffStreet,,ParkingFeatures,OffStreet,The property has off-street parking.,Yes,Yes,
,Property,ParkingFeatures,OnSite,,ParkingFeatures,OnSite,The property has on-site parking.,Yes,Yes,
,Property,ParkingFeatures,OnStreet,,ParkingFeatures,OnStreet,The property has on-street parking only.,Yes,Yes,
,Property,ParkingFeatures,Open,,ParkingFeatures,Open,The property has open or unassigned parking.,Yes,Yes,
,Property,ParkingFeatures,Other,,ParkingFeatures,Other,The property has parking features other than those included on this list.,Yes,Yes,
,Property,ParkingFeatures,Outside,,ParkingFeatures,Outside,The property has outside parking that is not enclosed.,Yes,Yes,
,Property,ParkingFeatures,Oversized,,ParkingFeatures,Oversized,The property has parking for oversized vehicles.,Yes,Yes,
,Property,ParkingFeatures,ParkingLot,,ParkingFeatures,ParkingLot,The property has access to a parking lot.,Yes,Yes,
,Property,ParkingFeatures,ParkingPad,,ParkingFeatures,ParkingPad,The property has a parking pad.,Yes,Yes,
,Property,ParkingFeatures,Paved,,ParkingFeatures,Paved,The property has paved parking.,Yes,Yes,
,Property,ParkingFeatures,PaverBlock,,ParkingFeatures,PaverBlock,The property has parking on paver blocks.,Yes,Yes,
,Property,ParkingFeatures,PermitRequired,,ParkingFeatures,PermitRequired,Parking at the property or on the street requires a permit.,Yes,Yes,
,Property,ParkingFeatures,Private,,ParkingFeatures,Private,The property has private parking.,Yes,Yes,
,Property,ParkingFeatures,RvGated,,ParkingFeatures,RvGated,The property has gated parking for recreational vehicles.,Yes,Yes,
,Property,ParkingFeatures,Secured,,ParkingFeatures,Secured,The property has secure parking.,Yes,Yes,
,Property,ParkingFeatures,SeeRemarks,,ParkingFeatures,SeeRemarks,See remarks for additional information about parking.,Yes,Yes,
,Property,ParkingFeatures,SharedDriveway,,ParkingFeatures,SharedDriveway,The property has a shared driveway.,Yes,Yes,
,Property,ParkingFeatures,SideBySide,,ParkingFeatures,SideBySide,The property has side-by-side parking spaces.,Yes,Yes,
,Property,ParkingFeatures,Storage,,ParkingFeatures,Storage,The property has storage in the parking area.,Yes,Yes,
,Property,ParkingFeatures,Tandem,,ParkingFeatures,Tandem,The property has tandem parking.,Yes,Yes,
,Property,ParkingFeatures,Unassigned,,ParkingFeatures,Unassigned,The property has unassigned or open parking.,Yes,Yes,
,Property,ParkingFeatures,Underground,,ParkingFeatures,Underground,The property has underground parking.,Yes,Yes,
,Property,ParkingFeatures,Unpaved,,ParkingFeatures,Unpaved,The property has parking on an unpaved surface.,Yes,Yes,
,Property,ParkingFeatures,Valet,,ParkingFeatures,Valet,The property has valet parking available.,Yes,Yes,
,Property,ParkingFeatures,VariesByUnit,,ParkingFeatures,VariesByUnit,The parking varies from unit to unit.,Yes,Yes,
,Property,PatioAndPorchFeatures,Awnings,,PatioAndPorchFeatures,Awnings,The property has one or more awnings.,Yes,Yes,
,Property,PatioAndPorchFeatures,Covered,,PatioAndPorchFeatures,Covered,The property has a covered patio or porch.,Yes,Yes,
,Property,PatioAndPorchFeatures,Deck,,PatioAndPorchFeatures,Deck,The property has a deck.,Yes,Yes,
,Property,PatioAndPorchFeatures,Enclosed,,PatioAndPorchFeatures,Enclosed,The property has an enclosed patio or porch.,Yes,Yes,
,Property,PatioAndPorchFeatures,FrontPorch,,PatioAndPorchFeatures,FrontPorch,The property has a front porch.,Yes,Yes,
,Property,PatioAndPorchFeatures,GlassEnclosed,,PatioAndPorchFeatures,GlassEnclosed,The property has a glass-enclosed patio or porch.,Yes,Yes,
,Property,PatioAndPorchFeatures,None,,PatioAndPorchFeatures,None,The property has no patio or porch.,Yes,Yes,
,Property,PatioAndPorchFeatures,Other,,PatioAndPorchFeatures,Other,The property has a patio or porch feature other than what's included on this list.,Yes,Yes,
,Property,PatioAndPorchFeatures,Patio,,PatioAndPorchFeatures,Patio,The property has a patio.,Yes,Yes,
,Property,PatioAndPorchFeatures,Porch,,PatioAndPorchFeatures,Porch,The property has a porch.,Yes,Yes,
,Property,PatioAndPorchFeatures,RearPorch,,PatioAndPorchFeatures,RearPorch,The property has a rear porch.,Yes,Yes,
,Property,PatioAndPorchFeatures,Screened,,PatioAndPorchFeatures,Screened,The property has a screened patio or porch.,Yes,Yes,
,Property,PatioAndPorchFeatures,SeeRemarks,,PatioAndPorchFeatures,SeeRemarks,See the remarks fields for more information on the patio or porch features of the property.,Yes,Yes,
,Property,PatioAndPorchFeatures,SidePorch,,PatioAndPorchFeatures,SidePorch,The property has a side porch.,Yes,Yes,
,Property,PatioAndPorchFeatures,Terrace,,PatioAndPorchFeatures,Terrace,The property has a terrace.,Yes,Yes,
,Property,PatioAndPorchFeatures,WrapAround,,PatioAndPorchFeatures,WrapAround,The property has wraparound patio or porch.,Yes,Yes,
,Property,Permissions,OwnerOptOut,,Permissions,OwnerOptOut,This to indicate Owner Opt Out listing. Owner elects to not share their Exclusive Property over the RLS and other forms of Public Dissemination.,Yes,No,"If Permissions was originally set to Private or null, it cannot be changed to Owner Opt Out"
,Property,Permissions,Private,,Permissions,Private,"This is to indicate Participant Only Listing. The seller/owner elects to not publicly disseminate, make publicly available online, or otherwise advertise but wishes to co-broke by entering the listing on the RLS database for Authorized Participant view only.",Yes,For Authorized Only,
,Property,PetsAllowed,UnitBreedRestrictions,,PetsAllowed,BreedRestrictions,There are breed restrictions on allowed pets in the unit.,Yes,Yes,
,Property,PetsAllowed,UnitCatsOK,,PetsAllowed,CatsOk,Cats are allowed in the unit.,Yes,Yes,
,Property,PetsAllowed,UnitDogsOK,,PetsAllowed,DogsOk,Dogs are allowed in the unit.,Yes,Yes,
,Property,PetsAllowed,UnitNo,,PetsAllowed,UnitNo,No pets are allowed in the unit.,Yes,Yes,
,Property,PetsAllowed,UnitNumberLimit,,PetsAllowed,NumberLimit,There is a limit on the number of pets allowed in the unit.,Yes,Yes,
,Property,PetsAllowed,UnitSizeLimit,,PetsAllowed,SizeLimit,There are size restrictions on allowed pets in the unit.,Yes,Yes,
,Property,PetsAllowed,UnitYes,,PetsAllowed,UnitYes,Pets are allowed in the unit.,Yes,Yes,
,Property,PoolFeatures,AboveGround,,PoolFeatures,AboveGround,The pool is above ground.,Yes,Yes,
,Property,PoolFeatures,BlackBottom,,PoolFeatures,BlackBottom,The pool has a black bottom.,Yes,Yes,
,Property,PoolFeatures,Cabana,,PoolFeatures,Cabana,The pool has a cabana.,Yes,Yes,
,Property,PoolFeatures,DivingBoard,,PoolFeatures,DivingBoard,The pool has a diving board.,Yes,Yes,
,Property,PoolFeatures,ElectricHeat,,PoolFeatures,ElectricHeat,The pool is heated by electricity.,Yes,Yes,
,Property,PoolFeatures,EnergyStarQualifiedPoolPump,,PoolFeatures,EnergyStarQualifiedPoolPump,The pool has a qualified ENERGY STAR pool pump.,Yes,Yes,
,Property,PoolFeatures,Fenced,,PoolFeatures,Fenced,The pool is fenced.,Yes,Yes,
,Property,PoolFeatures,Fiberglass,,PoolFeatures,Fiberglass,The pool is made of or lined with fiberglass.,Yes,Yes,
,Property,PoolFeatures,Filtered,,PoolFeatures,Filtered,The pool has a filtration system.,Yes,Yes,
,Property,PoolFeatures,GasHeat,,PoolFeatures,GasHeat,The pool is heated by gas.,Yes,Yes,
,Property,PoolFeatures,Gunite,,PoolFeatures,Gunite,The pool has a gunite surface.,Yes,Yes,
,Property,PoolFeatures,Heated,,PoolFeatures,Heated,The pool is heated.,Yes,Yes,
,Property,PoolFeatures,InGround,,PoolFeatures,InGround,The pool is built into the ground.,Yes,Yes,
,Property,PoolFeatures,Indoor,,PoolFeatures,Indoor,The pool is indoors or within a structure.,Yes,Yes,
,Property,PoolFeatures,Infinity,,PoolFeatures,Infinity,"Also named a negative edge, zero edge or infinity edge, an infinity pool has one or more edges where water flows over the edge, creating a visual effect of water with no boundary.",Yes,Yes,
,Property,PoolFeatures,Lap,,PoolFeatures,Lap,The pool is specifically designed for swimming laps.,Yes,Yes,
,Property,PoolFeatures,Liner,,PoolFeatures,Liner,The pool has a liner.,Yes,Yes,
,Property,PoolFeatures,None,,PoolFeatures,None,There is no pool included with the property.,Yes,Yes,
,Property,PoolFeatures,Other,,PoolFeatures,Other,There are pool features other than those included on this list.,Yes,Yes,
,Property,PoolFeatures,OutdoorPool,,PoolFeatures,OutdoorPool,The pool is outdoors.,Yes,Yes,
,Property,PoolFeatures,PoolCover,,PoolFeatures,PoolCover,The pool has a cover.,Yes,Yes,
,Property,PoolFeatures,PoolSweep,,PoolFeatures,PoolSweep,The pool includes a spa.,Yes,Yes,
,Property,PoolFeatures,PoolSpaCombo,,PoolFeatures,PoolSpaCombo,The pool has an automatic sweep or cleaner.,Yes,Yes,
,Property,PoolFeatures,SaltWater,,PoolFeatures,SaltWater,The pool has a saltwater system.,Yes,Yes,
,Property,PoolFeatures,ScreenEnclosure,,PoolFeatures,ScreenEnclosure,The pool has a screened enclosure.,Yes,Yes,
,Property,PoolFeatures,SeeRemarks,,PoolFeatures,SeeRemarks,See the remarks fields for more information about the pool.,Yes,Yes,
,Property,PoolFeatures,SolarCover,,PoolFeatures,SolarCover,The pool has a solar cover.,Yes,Yes,
,Property,PoolFeatures,SolarHeat,,PoolFeatures,SolarHeat,The pool has some form of solar heating.,Yes,Yes,
,Property,PoolFeatures,Sport,,PoolFeatures,Sport,The pool has two shallow ends on opposite sides of the pool with a deeper center.,Yes,Yes,
,Property,PoolFeatures,Tile,,PoolFeatures,Tile,The pool is tiled.,Yes,Yes,
,Property,PoolFeatures,Vinyl,,PoolFeatures,Vinyl,The pool has a vinyl surface.,Yes,Yes,
,Property,PoolFeatures,Waterfall,,PoolFeatures,Waterfall,The pool has a waterfall.,Yes,Yes,
,Property,,,,Possession,CloseOfEscrow,Possession is passed to the buyer at the close of escrow.,Yes,Yes,
,Property,,,,Possession,ClosePlus1Day,Possession is passed to the buyer one day after the close of escrow.,Yes,Yes,
,Property,,,,Possession,ClosePlus2Days,Possession is passed to the buyer two days after the close of escrow.,Yes,Yes,
,Property,,,,Possession,ClosePlus3Days,Possession is passed to the buyer three days after the close of escrow.,Yes,Yes,
,Property,,,,Possession,ClosePlus3To5Days,Possession is passed to the buyer three to five days after the close of escrow.,Yes,Yes,
,Property,,,,Possession,ClosePlus30Days,Possession is passed to the buyer 30 days after the close of escrow.,Yes,Yes,
,Property,,,,Possession,Negotiable,Timing of the passing of possession to the buyer is negotiable.,Yes,Yes,
,Property,,,,Possession,Other,A type of possession not included on this list.,Yes,Yes,
,Property,,,,Possession,RentalAgreement,Possession is stipulated in the rental agreement.,Yes,Yes,
,Property,,,,Possession,SeeRemarks,See the listing/agent remarks for more information on possession.,Yes,Yes,
,Property,,,,Possession,SellerRentBack,"Possession is determined by the details of the seller rent-back agreement. In most cases, the seller will remain resident.",Yes,Yes,
,Property,,,,Possession,SubjectToTenantRights,The terms of the transfer of possession are subject to the rights of the current tenant.,Yes,Yes,
,Property,PossibleUse,Commercial,,PossibleUse,Commercial,This land is currently used for or could be used for comercial purposes.,Yes,Yes,
,Property,PossibleUse,Development,,PossibleUse,Development,This land is currently used for or could be used for a new development.,Yes,Yes,
,Property,PossibleUse,Investment,,PossibleUse,Investment,This land is currently used as or could be used as an investment.,Yes,Yes,
,Property,PossibleUse,MedicalDental,,PossibleUse,MedicalDental,This land is currently used for or could be used for a medical/dental busniess.,Yes,Yes,
,Property,PossibleUse,MiniStorage,,PossibleUse,MiniStorage,This land is currently used for or could be used for a mini storage business.,Yes,Yes,
,Property,PossibleUse,MixedUse,,PossibleUse,MixedUse,This land is currently used for or could be used for mixed uses.,Yes,Yes,
,Property,PossibleUse,MultiFamily,,PossibleUse,MultiFamily,The land is currently used for or could be used for a multifamily dwelling or dwellings.,Yes,Yes,
,Property,PossibleUse,Office,,PossibleUse,Office,This land is currently used as or could be used as office space.,Yes,Yes,
,Property,PossibleUse,Other,,PossibleUse,Other,The land is currently used for or could be used for some use other than those on this list.,Yes,Yes,
,Property,PossibleUse,Residential,,PossibleUse,Residential,This land is currently used for or could be used for residential purposes.,Yes,Yes,
,Property,PossibleUse,Retail,,PossibleUse,Retail,This land is currently used for or could be used for retail purposes.,Yes,Yes,
,Property,PossibleUse,SeeRemarks,,PossibleUse,SeeRemarks,See the public or private remarks for details on the current or possible use.,Yes,Yes,
,Property,PossibleUse,SingleFamily,,PossibleUse,SingleFamily,The land is currently used for single-family residence.,Yes,Yes,
,Property,PossibleUse,Subdevelopment,,PossibleUse,Subdevelopment,This land is currently used for or could be used for a subdevelopment or subdevelopments.,Yes,Yes,
,Property,PossibleUse,Subdivision,,PossibleUse,Subdivision,This land is currently used for or could be used for property subdivisions.,Yes,Yes,
,Property,PossibleUse,Unimproved,,PossibleUse,Unimproved,The land is currently unimproved.,Yes,Yes,
,Property,PossibleUse,,,PossibleUse,Vacant,The land is currently vacant.,Yes,Yes,
,Property,PostalCity,Arverne,,PostalCity,Arverne,,Yes,Yes,
,Property,PostalCity,Astoria,,PostalCity,Astoria,,Yes,Yes,
,Property,PostalCity,Bayside,,PostalCity,Bayside,,Yes,Yes,
,Property,PostalCity,Beechhurst,,PostalCity,Beechhurst,,Yes,Yes,
,Property,PostalCity,Bellerose,,PostalCity,Bellerose,,Yes,Yes,
,Property,PostalCity,Breezy Point,,PostalCity,BreezyPoint,,Yes,Yes,
,Property,PostalCity,Briarwood,,PostalCity,Briarwood,,Yes,Yes,
,Property,PostalCity,Bronx,,PostalCity,Bronx,,Yes,Yes,
,Property,PostalCity,Brooklyn,,PostalCity,Brooklyn,,Yes,Yes,
,Property,PostalCity,Cambria Heights,,PostalCity,CambriaHeights,,Yes,Yes,
,Property,PostalCity,College Point,,PostalCity,CollegePoint,,Yes,Yes,
,Property,PostalCity,Douglaston,,PostalCity,Douglaston,,Yes,Yes,
,Property,PostalCity,East Elmhurst,,PostalCity,EastElmhurst,,Yes,Yes,
,Property,PostalCity,Edgemere,,PostalCity,Edgemere,,Yes,Yes,
,Property,PostalCity,Elmhurst,,PostalCity,Elmhurst,,Yes,Yes,
,Property,PostalCity,Far Rockaway,,PostalCity,FarRockaway,,Yes,Yes,
,Property,PostalCity,Floral Park,,PostalCity,FloralPark,,Yes,Yes,
,Property,PostalCity,Flushing,,PostalCity,Flushing,,Yes,Yes,
,Property,PostalCity,Forest Hills,,PostalCity,ForestHills,,Yes,Yes,
,Property,PostalCity,Fresh Meadows,,PostalCity,FreshMeadows,,Yes,Yes,
,Property,PostalCity,Glendale,,PostalCity,Glendale,,Yes,Yes,
,Property,PostalCity,Hollis,,PostalCity,Hollis,,Yes,Yes,
,Property,PostalCity,Howard Beach,,PostalCity,HowardBeach,,Yes,Yes,
,Property,PostalCity,Jackson Heights,,PostalCity,JacksonHeights,,Yes,Yes,
,Property,PostalCity,Jamaica,,PostalCity,Jamaica,,Yes,Yes,
,Property,PostalCity,Kew Gardens,,PostalCity,KewGardens,,Yes,Yes,
,Property,PostalCity,Kings,,PostalCity,Kings,,Yes,Yes,
,Property,PostalCity,Little Neck,,PostalCity,LittleNeck,,Yes,Yes,
,Property,PostalCity,Long Island City,,PostalCity,LongIslandCity,,Yes,Yes,
,Property,PostalCity,Manhattan,,PostalCity,Manhattan,,Yes,Yes,
,Property,PostalCity,Maspeth,,PostalCity,Maspeth,,Yes,Yes,
,Property,PostalCity,Middle Village,,PostalCity,MiddleVillage,,Yes,Yes,
,Property,PostalCity,NewYork,,PostalCity,NewYork,,Yes,Yes,
,Property,PostalCity,Oakland Gardens,,PostalCity,OaklandGardens,,Yes,Yes,
,Property,PostalCity,Ozone Park,,PostalCity,OzonePark,,Yes,Yes,
,Property,PostalCity,Queens,,PostalCity,Queens,,Yes,Yes,
,Property,PostalCity,Queens Village,,PostalCity,QueensVillage,,Yes,Yes,
,Property,PostalCity,Rego Park,,PostalCity,RegoPark,,Yes,Yes,
,Property,PostalCity,Richmond Hill,,PostalCity,RichmondHill,,Yes,Yes,
,Property,PostalCity,Ridgewood,,PostalCity,Ridgewood,,Yes,Yes,
,Property,PostalCity,Rockaway Beach,,PostalCity,RockawayBeach,,Yes,Yes,
,Property,PostalCity,Rockaway Park,,PostalCity,RockawayPark,,Yes,Yes,
,Property,PostalCity,Rosedale,,PostalCity,Rosedale,,Yes,Yes,
,Property,PostalCity,South Ozone Park,,PostalCity,SouthOzonePark,,Yes,Yes,
,Property,PostalCity,South Richmond Hill,,PostalCity,SouthRichmondHill,,Yes,Yes,
,Property,PostalCity,St. Albans,,PostalCity,St.Albans,,Yes,Yes,
,Property,PostalCity,StatenIsland,,PostalCity,StatenIsland,,Yes,Yes,
,Property,PostalCity,Sunnyside,,PostalCity,Sunnyside,,Yes,Yes,
,Property,PostalCity,White Stone,,PostalCity,WhiteStone,,Yes,Yes,
,Property,PostalCity,Wood Haven,,PostalCity,WoodHaven,,Yes,Yes,
,Property,PostalCity,Wood Side,,PostalCity,WoodSide,,Yes,Yes,
,Property,,,,PrivateOutdoorSpaceSize,LessThan60Sqft,,Yes,Yes,
,Property,,,,PrivateOutdoorSpaceSize,GreaterThan60Sqft,,Yes,Yes,
,Property,PropertyCondition,,,PropertyCondition,Excellent,"1. Well Maintained and upgraded and/or quality building materials.
2. These properties are fully financeable in their current state.
3. If the interior is viewed, the appliances are up to date and are of high quality.
4. Many upgrades. Modern. Include newly renovated.",Yes,Yes,
,Property,PropertyCondition,Fair,,PropertyCondition,Fair,"1. Maintained and evidence of typical wear and tear for age and neighborhood.
2. Any deferred maintenance can be resolved and is mostly cosmetic in nature.
3. These properties are fully financeable in their current state.
4. If the interior is viewed, the appliances are of adequate functionality.
5. Will need maintenance/upgrades.",Yes,Yes,
,Property,PropertyCondition,Good,,PropertyCondition,Good,"1. Well maintained and few/no evidence of deferred maintenance.
2. Very minimal deferred maintenance can be quickly resolved and is only cosmetic in nature.
3. Some upgrades typical in market.
4. These properties are fully financeable in their current state.
5. If the interior is viewed, the appliances are up to date and are of good quality but not necessarily high quality.",Yes,Yes,
,Property,PropertyCondition,Poor,,PropertyCondition,Poor,"1. Uninhabitable, dilapidated, fire damaged, flooded, vandalized.
2. Major repairs needed.
3. These properties are not financeable in their current state.
4. If the interior is viewed, the appliances are out of date with suspect functionality.",Yes,Yes,
,Property,PropertySubType,Apartment,,PropertySubType,Apartment,"A unit within a wholly owned structure of five or more units. This may not be used for Residential or Residential Income. For Residential, use Condo. For Income, use Residential Income.",Yes,Yes,
,Property,,,,PropertySubType,CoOwnership,Co-ownership indicates that the property is owned by two or more parties in which each party has an equal ownership interest and obtains ownership at the same time.   It may be referred to as fractional ownership.,Yes,Yes,
,Property,PropertySubType,DeededParking,,PropertySubType,DeededParking,A parking space (or spaces) that are owned and separate from a residence.,Yes,Yes,
,Property,PropertySubType,Duplex,,PropertySubType,Duplex,A multifamily structure that has two independent units with a shared wall or ceiling/floor.,Yes,Yes,
,Property,PropertySubType,GardenApartment,,PropertySubType,GardenApartment,A single unit garden apartment can refer to a unit within a garden apartment complex or a unit with an attached garden.,Yes,Yes,
,Property,PropertySubType,Loft,,PropertySubType,Loft,A property with features of a loft unit or building.,Yes,Yes,
,Property,PropertySubType,MixedUse,,PropertySubType,MixedUse,A property that has both residential and commercial space/use.,Yes,Yes,
,Property,PropertySubType,MultiFamily,,PropertySubType,MultiFamily,A structure or complex with five or more units that are individual dwellings.,Yes,Yes,
,Property,PropertySubType,Office,,PropertySubType,Office,The property is designed to be used as office space.,Yes,Yes,
,Property,PropertySubType,Quadruplex,,PropertySubType,Quadruplex,A multifamily structure with four independent units with shared walls or ceilings/floors.,Yes,Yes,
,Property,PropertySubType,Retail,,PropertySubType,Retail,The property designed to be used as retail space.,Yes,Yes,
,Property,PropertySubType,SingleFamilyResidence,,PropertySubType,SingleFamilyResidence,"A stand-alone, detached residential building used as a single-dwelling unit with no shared walls and its own lot or land with no shared utilities with another dwelling unit.",Yes,Yes,
,Property,PropertySubType,Timeshare,,PropertySubType,Timeshare,"A form of property ownership where a property is held by a number of people, each with the right of possession for a specified time interval.",Yes,Yes,
,Property,PropertySubType,MultiFamilyTownhouse,,PropertySubType,MultiFamilyTownhouse,A townhouse structure that has more than 1 individual unit in the dwelling.,Yes,Yes,
,Property,PropertySubType,SingleFamilyTownhouse,,PropertySubType,SingleFamilyTownhouse,A dwelling unit generally having two or more floors and attached to other similar units via party walls.,Yes,Yes,
,Property,PropertySubType,Triplex,,PropertySubType,Triplex,A multifamily structure with three independent units with shared walls or ceilings/floors.,Yes,Yes,
,Property,PropertySubType,UnimprovedLand,,PropertySubType,UnimprovedLand,Land that has not been built upon or improved.,Yes,Yes,
,Property,PropertySubType,UnitDuplex,,PropertySubType,UnitDuplex,A unit with two stories/levels.,Yes,Yes,
,Property,PropertySubType,UnitQuadruplex,,PropertySubType,UnitQuadruplex,A unit with four stories/levels.,Yes,Yes,
,Property,PropertySubType,UnitTriplex,,PropertySubType,UnitTriplex,A unit with three stories/levels.,Yes,Yes,
,Property,PropertyType,Residential,,PropertyType,Residential,The property type of the listing is Residential. The property type can be references as a class or a field within a single class structure.,Yes,Yes,
,Property,PropertyType,ResidentialLease,,PropertyType,ResidentialLease,The property type of the listing is Residential Lease. The property type can be references as a class or a field within a single class structure.,Yes,Yes,
,Property,SecurityFeatures,Buzzer,,SecurityFeatures,Buzzer,The property has a buzzer system.,Yes,Yes,
,Property,SecurityFeatures,Cameras,,SecurityFeatures,Cameras,The property has a security camera system.,Yes,Yes,
,Property,SecurityFeatures,CarbonMonoxideDetectors,,SecurityFeatures,CarbonMonoxideDetectors,The property has a carbon monoxide detector or detectors.,Yes,Yes,
,Property,SecurityFeatures,ClosedCircuitCameras,,SecurityFeatures,ClosedCircuitCameras,The property has a closed-circuit camera or cameras.,Yes,Yes,
,Property,SecurityFeatures,FireAlarm,,SecurityFeatures,FireAlarm,The property has a fire alarm or fire alarms.,Yes,Yes,
,Property,SecurityFeatures,FireEscape,,SecurityFeatures,FireEscape,The property has a fire escape.,Yes,Yes,
,Property,SecurityFeatures,FireSprinklerSystem,,SecurityFeatures,FireSprinklerSystem,The property has a fire sprinkler system.,Yes,Yes,
,Property,SecurityFeatures,Firewalls,,SecurityFeatures,Firewalls,The property has a firewall or firewalls.,Yes,Yes,
,Property,SecurityFeatures,Intercom,,SecurityFeatures,Intercom,The property has an intercom system.,Yes,Yes,
,Property,SecurityFeatures,KeyCardEntry,,SecurityFeatures,KeyCardEntry,The property or community has key card entry.,Yes,Yes,
,Property,SecurityFeatures,KeyFobEntry,,SecurityFeatures,KeyFobEntry,The property or community has a key fob entry system.,Yes,Yes,
,Property,SecurityFeatures,None,,SecurityFeatures,None,The property has no enhanced security features.,Yes,Yes,
,Property,SecurityFeatures,Other,,SecurityFeatures,Other,The property has security features other than those on this list.,Yes,Yes,
,Property,SecurityFeatures,PanicAlarm,,SecurityFeatures,PanicAlarm,The property has a panic alarm.,Yes,Yes,
,Property,SecurityFeatures,Prewired,,SecurityFeatures,Prewired,The property is prewired for a security system.,Yes,Yes,
,Property,SecurityFeatures,SecuredGarageParking,,SecurityFeatures,SecuredGarageParking,The property has a secured garage or parking area.,Yes,Yes,
,Property,SecurityFeatures,SecurityFence,,SecurityFeatures,SecurityFence,The property has a security fence.,Yes,Yes,
,Property,SecurityFeatures,SecurityGate,,SecurityFeatures,SecurityGate,The property has a security gate.,Yes,Yes,
,Property,SecurityFeatures,SecurityGuard,,SecurityFeatures,SecurityGuard,The property or community has a security guard.,Yes,Yes,
,Property,SecurityFeatures,SecurityLights,,SecurityFeatures,SecurityLights,The property has security lights.,Yes,Yes,
,Property,SecurityFeatures,SecurityService,,SecurityFeatures,SecurityService,The property has a security service.,Yes,Yes,
,Property,SecurityFeatures,SecuritySystem,,SecurityFeatures,SecuritySystem,The property has a security system.,Yes,Yes,
,Property,SecurityFeatures,SecuritySystemLeased,,SecurityFeatures,SecuritySystemLeased,The property has a leased security system.,Yes,Yes,
,Property,SecurityFeatures,SecuritySystemOwned,,SecurityFeatures,SecuritySystemOwned,The property has an owned security system.,Yes,Yes,
,Property,SecurityFeatures,SeeRemarks,,SecurityFeatures,SeeRemarks,See the remarks fields for more information about the security features of the property.,Yes,Yes,
,Property,SecurityFeatures,SmartLockEntry,,SecurityFeatures,SmartLockEntry,The property has a smart lock entry system.,Yes,Yes,
,Property,SecurityFeatures,SmokeDetectors,,SecurityFeatures,SmokeDetectors,The property has a smoke detector or smoke detectors.,Yes,Yes,
,Property,SecurityFeatures,WindowBars,,SecurityFeatures,WindowBars,The property has window bars.,Yes,Yes,
,Property,SecurityFeatures,WindowBarsWithQuickRelease,,SecurityFeatures,WindowBarsWithQuickRelease,The property has window bars with a quick-release mechanism.,Yes,Yes,
,Property,ShowingContactType,Agent,,ShowingContactType,Agent,The showing contact is a licensed agent.,Yes,Yes,
,Property,ShowingContactType,Occupant,,ShowingContactType,Occupant,The showing contact is the occupant.,Yes,Yes,
,Property,ShowingContactType,Owner,,ShowingContactType,Owner,The showing contact is the owner.,Yes,Yes,
,Property,ShowingContactType,PropertyManager,,ShowingContactType,PropertyManager,The showing contact is the property manager.,Yes,Yes,
,Property,ShowingDays,Fridays,,ShowingDays,Fridays,Showings are available on Fridays.,Yes,Yes,
,Property,ShowingDays,Mondays,,ShowingDays,Mondays,Showings are available on Mondays.,Yes,Yes,
,Property,ShowingDays,Saturdays,,ShowingDays,Saturdays,Showings are available on Saturdays.,Yes,Yes,
,Property,ShowingDays,Sundays,,ShowingDays,Sundays,Showings are available on Sundays.,Yes,Yes,
,Property,ShowingDays,Thursdays,,ShowingDays,Thursdays,Showings are available on Thursdays.,Yes,Yes,
,Property,ShowingDays,Tuesdays,,ShowingDays,Tuesdays,Showings are available on Tuesdays.,Yes,Yes,
,Property,ShowingDays,Wednesdays,,ShowingDays,Wednesdays,Showings are available on Wednesdays.,Yes,Yes,
,Property,SpaFeatures,AboveGround,,SpaFeatures,AboveGround,The spa is not built into the ground.,Yes,Yes,
,Property,SpaFeatures,Bath,,SpaFeatures,Bath,The bath has a built-in spa or jets.,Yes,Yes,
,Property,SpaFeatures,Community,,SpaFeatures,Community,The property has access to a community spa.,Yes,Yes,
,Property,SpaFeatures,Fiberglass,,SpaFeatures,Fiberglass,The spa is lined or made of fiberglass.,Yes,Yes,
,Property,SpaFeatures,Gunite,,SpaFeatures,Gunite,The spa is lined with gunite.,Yes,Yes,
,Property,SpaFeatures,Heated,,SpaFeatures,Heated,The spa is heated.,Yes,Yes,
,Property,SpaFeatures,InGround,,SpaFeatures,InGround,The spa is built into the ground.,Yes,Yes,
,Property,SpaFeatures,None,,SpaFeatures,None,The property has no spa.,Yes,Yes,
,Property,SpaFeatures,Private,,SpaFeatures,Private,The spa is privately owned or is secluded.,Yes,Yes,
,Property,SpaFeatures,SeeRemarks,,SpaFeatures,SeeRemarks,See the remarks fields for more information about the spa.,Yes,Yes,
,Property,SpecialListingConditions,Auction,,SpecialListingConditions,Auction,The listing is an auction.,Yes,Yes,
,Property,SpecialListingConditions,BankruptcyProperty,,SpecialListingConditions,BankruptcyProperty,The listed property is currently involved in a bankruptcy.,Yes,Yes,
,Property,SpecialListingConditions,BoardApprovalNotRequired,,SpecialListingConditions,BoardApprovalNotRequired,Approval from the board is not required for the sale to finalize.,Yes,Yes,
,Property,SpecialListingConditions,BoardApprovalRequired,,SpecialListingConditions,BoardApprovalRequired,Approval from the board is required for the sale to finalize.,Yes,Yes,
,Property,SpecialListingConditions,HudOwned,,SpecialListingConditions,HudOwned,The listed property is owned and being sold by the U.S. Department of Housing and Urban Development.,Yes,Yes,
,Property,SpecialListingConditions,InForeclosure,,SpecialListingConditions,InForeclosure,The listed property is currently in the process of foreclosure.,Yes,Yes,
,Property,SpecialListingConditions,NoticeOfDefault,,SpecialListingConditions,NoticeOfDefault,There is a notice of default on the listed property.,Yes,Yes,
,Property,SpecialListingConditions,ProbateListing,,SpecialListingConditions,ProbateListing,The listed property is a probate sale.,Yes,Yes,
,Property,SpecialListingConditions,RealEstateOwned,,SpecialListingConditions,RealEstateOwned,The listed property is currently owned by a bank/lender.,Yes,Yes,
,Property,SpecialListingConditions,ShortSale,,SpecialListingConditions,ShortSale,The listing is a short sale (short pay) and may require bank approval.,Yes,Yes,
,Property,SpecialListingConditions,Standard,,SpecialListingConditions,Standard,The listing has none of the other conditions in the Special Listing Conditions field.,Yes,Yes,
,Property,SpecialListingConditions,ThirdPartyApproval,,SpecialListingConditions,ThirdPartyApproval,A court or other third-party approval is required for the sale to finalize.,Yes,Yes,
,Property,StandardStatus,Active,,StandardStatus,Active,The listing is on market and an offer has not been accepted.,No,Yes,
,Property,StandardStatus,Canceled,,StandardStatus,Canceled,The listing contract has been terminated.,No,Yes,
,Property,StandardStatus,Closed,,StandardStatus,Closed,The purchase agreement has been fulfilled or the lease agreement has been executed.,No,Yes,
,Property,StandardStatus,ComingSoon,,StandardStatus,ComingSoon,"This is a listing that has not yet been on market but will be on market soon. A listing contract has been executed. Some systems may use Hold or Withdrawn for similar purposes. When all three are in use, Hold expresses a listing that may have been on market but is off market temporarily and is expected to return to market. Withdrawn may have been on market but, when used in conjunction with Hold, is not expected to return to market. Coming Soon is different from Hold and Withdrawn, as the property, under the current listing contract only, has not been previously on market.",No,Yes,
,Property,StandardStatus,Expired,,StandardStatus,Expired,The listing contract has expired.,No,Yes,
,,StandardStatus,Incomplete,,StandardStatus,Incomplete,The listing has not yet been completely entered and is not yet published in the MLS.,Yes,No,Listing marked Incomplete are required to submit status as Active prior to marking status as Pending.
,Property,StandardStatus,Hold,,StandardStatus,Hold,A contract exists between the seller and the listing member but have been temporarily taken off market. Not allowing any showings and/or not taking any further offers.,No,Yes,
,Property,StateOrProvince,NY,,StateOrProvince,NY,The U.S. state in which the listing is located is New York.,Yes,Yes,Required for all listings to reside in the 5 boroughs of NYC
,Property,AlternateStreetDirPrefix,E,,StreetDirection,E,The street suffix or prefix direction is east.,Yes,Yes,
,Property,AlternateStreetDirSuffix,E,,StreetDirection,E,The street suffix or prefix direction is east.,Yes,Yes,
,Property,DirectionFaces,East,,DirectionFaces,E,The front of the structure faces east.,Yes,Yes,
,Property,StreetDirPrefix,E,,StreetDirection,E,The street suffix or prefix direction is east.,Yes,Yes,
,Property,StreetDirSuffix,E,,StreetDirection,E,The street suffix or prefix direction is east.,Yes,Yes,
,Property,AlternateStreetDirPrefix,N,,StreetDirection,N,The street suffix or prefix direction is north.,Yes,Yes,
,Property,AlternateStreetDirSuffix,N,,StreetDirection,N,The street suffix or prefix direction is north.,Yes,Yes,
,Property,DirectionFaces,North,,DirectionFaces,N,The front of the structure faces north.,Yes,Yes,
,Property,StreetDirPrefix,N,,StreetDirection,N,The street suffix or prefix direction is north.,Yes,Yes,
,Property,StreetDirSuffix,N,,StreetDirection,N,The street suffix or prefix direction is north.,Yes,Yes,
,Property,AlternateStreetDirPrefix,NE,,StreetDirection,NE,The street suffix or prefix direction is northeast.,Yes,Yes,
,Property,AlternateStreetDirSuffix,NE,,StreetDirection,NE,The street suffix or prefix direction is northeast.,Yes,Yes,
,Property,DirectionFaces,Northeast,,DirectionFaces,NE,The front of the structure faces northeast.,Yes,Yes,
,Property,StreetDirPrefix,NE,,StreetDirection,NE,The street suffix or prefix direction is northeast.,Yes,Yes,
,Property,StreetDirSuffix,NE,,StreetDirection,NE,The street suffix or prefix direction is northeast.,Yes,Yes,
,Property,AlternateStreetDirPrefix,NW,,StreetDirection,NW,The street suffix or prefix direction is northwest.,Yes,Yes,
,Property,AlternateStreetDirSuffix,NW,,StreetDirection,NW,The street suffix or prefix direction is northwest.,Yes,Yes,
,Property,DirectionFaces,Northwest,,DirectionFaces,NW,The front of the structure faces northwest.,Yes,Yes,
,Property,StreetDirPrefix,NW,,StreetDirection,NW,The street suffix or prefix direction is northwest.,Yes,Yes,
,Property,StreetDirSuffix,NW,,StreetDirection,NW,The street suffix or prefix direction is northwest.,Yes,Yes,
,Property,AlternateStreetDirPrefix,S,,StreetDirection,S,The street suffix or prefix direction is south.,Yes,Yes,
,Property,AlternateStreetDirSuffix,S,,StreetDirection,S,The street suffix or prefix direction is south.,Yes,Yes,
,Property,DirectionFaces,South,,DirectionFaces,S,The front of the structure faces south.,Yes,Yes,
,Property,StreetDirPrefix,S,,StreetDirection,S,The street suffix or prefix direction is south.,Yes,Yes,
,Property,StreetDirSuffix,S,,StreetDirection,S,The street suffix or prefix direction is south.,Yes,Yes,
,Property,AlternateStreetDirPrefix,SE,,StreetDirection,SE,The street suffix or prefix direction is southeast.,Yes,Yes,
,Property,AlternateStreetDirSuffix,SE,,StreetDirection,SE,The street suffix or prefix direction is southeast.,Yes,Yes,
,Property,DirectionFaces,Southeast,,DirectionFaces,SE,The front of the structure faces southeast.,Yes,Yes,
,Property,StreetDirPrefix,SE,,StreetDirection,SE,The street suffix or prefix direction is southeast.,Yes,Yes,
,Property,StreetDirSuffix,SE,,StreetDirection,SE,The street suffix or prefix direction is southeast.,Yes,Yes,
,Property,AlternateStreetDirPrefix,SW,,StreetDirection,SW,The street suffix or prefix direction is southwest.,Yes,Yes,
,Property,AlternateStreetDirSuffix,SW,,StreetDirection,SW,The street suffix or prefix direction is southwest.,Yes,Yes,
,Property,DirectionFaces,Southwest,,DirectionFaces,SW,The front of the structure faces southwest.,Yes,Yes,
,Property,StreetDirPrefix,SW,,StreetDirection,SW,The street suffix or prefix direction is southwest.,Yes,Yes,
,Property,StreetDirSuffix,SW,,StreetDirection,SW,The street suffix or prefix direction is southwest.,Yes,Yes,
,Property,AlternateStreetDirPrefix,W,,StreetDirection,W,The street suffix or prefix direction is west.,Yes,Yes,
,Property,AlternateStreetDirSuffix,W,,StreetDirection,W,The street suffix or prefix direction is west.,Yes,Yes,
,Property,DirectionFaces,West,,DirectionFaces,W,The front of the structure faces west.,Yes,Yes,
,Property,StreetDirPrefix,W,,StreetDirection,W,The street suffix or prefix direction is west.,Yes,Yes,
,Property,StreetDirSuffix,W,,StreetDirection,W,The street suffix or prefix direction is west.,Yes,Yes,
,Property,AlternateStreetSuffix,Aly,,StreetSuffix,Alley,The street suffix is Alley.,Yes,Yes,
,Property,StreetSuffix,Aly,,StreetSuffix,Alley,The street suffix is Alley.,Yes,Yes,
,Property,AlternateStreetSuffix,Ave,,StreetSuffix,Avenue,The street suffix is Avenue.,Yes,Yes,
,Property,StreetSuffix,Ave,,StreetSuffix,Avenue,The street suffix is Avenue.,Yes,Yes,
,Property,AlternateStreetSuffix,Blvd,,StreetSuffix,Boulevard,The street suffix is Boulevard.,Yes,Yes,
,Property,StreetSuffix,Blvd,,StreetSuffix,Boulevard,The street suffix is Boulevard.,Yes,Yes,
,Property,AlternateStreetSuffix,Cir,,StreetSuffix,Circle,The street suffix is Circle.,Yes,Yes,
,Property,StreetSuffix,Cir,,StreetSuffix,Circle,The street suffix is Circle.,Yes,Yes,
,Property,AlternateStreetSuffix,Cmns,,StreetSuffix,Commons,The street suffix is Commons.,Yes,Yes,
,Property,StreetSuffix,Cmns,,StreetSuffix,Commons,The street suffix is Commons.,Yes,Yes,
,Property,AlternateStreetSuffix,Ct,,StreetSuffix,Court,The street suffix is Court.,Yes,Yes,
,Property,StreetSuffix,Ct,,StreetSuffix,Court,The street suffix is Court.,Yes,Yes,
,Property,AlternateStreetSuffix,Cove,,StreetSuffix,Cove,The street suffix is for a cul-de-sac or dead-end road.,Yes,Yes,
,Property,StreetSuffix,Cove,,StreetSuffix,Cove,The street suffix is for a cul-de-sac or dead-end road.,Yes,Yes,
,Property,AlternateStreetSuffix,Cres,,StreetSuffix,Crescent,The street suffix is Crescent.,Yes,Yes,
,Property,StreetSuffix,Cres,,StreetSuffix,Crescent,The street suffix is Crescent.,Yes,Yes,
,Property,AlternateStreetSuffix,Dr,,StreetSuffix,Drive,The street suffix is Drive.,Yes,Yes,
,Property,StreetSuffix,Dr,,StreetSuffix,Drive,The street suffix is Drive.,Yes,Yes,
,Property,AlternateStreetSuffix,Expy,,StreetSuffix,Expressway,The street suffix is Expressway.,Yes,Yes,
,Property,StreetSuffix,Expy,,StreetSuffix,Expressway,The street suffix is Expressway.,Yes,Yes,
,Property,AlternateStreetSuffix,Gdns,,StreetSuffix,Gardens,The street suffix is Gardens.,Yes,Yes,
,Property,StreetSuffix,Gdns,,StreetSuffix,Gardens,The street suffix is Gardens.,Yes,Yes,
,Property,AlternateStreetSuffix,Hts,,StreetSuffix,Heights,The street suffix is Heights.,Yes,Yes,
,Property,StreetSuffix,Hts,,StreetSuffix,Heights,The street suffix is Heights.,Yes,Yes,
,Property,AlternateStreetSuffix,Hwy,,StreetSuffix,Highway,The street suffix is Highway.,Yes,Yes,
,Property,StreetSuffix,Hwy,,StreetSuffix,Highway,The street suffix is Highway.,Yes,Yes,
,Property,AlternateStreetSuffix,Ln,,StreetSuffix,Lane,The street suffix is Lane.,Yes,Yes,
,Property,StreetSuffix,Ln,,StreetSuffix,Lane,The street suffix is Lane.,Yes,Yes,
,Property,AlternateStreetSuffix,Loop,,StreetSuffix,Loop,The street suffix is Loop.,Yes,Yes,
,Property,StreetSuffix,Loop,,StreetSuffix,Loop,The street suffix is Loop.,Yes,Yes,
,Property,AlternateStreetSuffix,Mews,,StreetSuffix,Meadows,The street suffix is Meadows.,Yes,Yes,
,Property,StreetSuffix,Mews,,StreetSuffix,Meadows,The street suffix is Mews.,Yes,Yes,
,Property,AlternateStreetSuffix,Park,,StreetSuffix,Park,The street suffix is Park,Yes,Yes,
,Property,StreetSuffix,Park,,StreetSuffix,Park,The street suffix is Park,Yes,Yes,
,Property,AlternateStreetSuffix,Pkwy,,StreetSuffix,Parkway,The street suffix is Parkway.,Yes,Yes,
,Property,StreetSuffix,Pkwy,,StreetSuffix,Parkway,The street suffix is Parkway.,Yes,Yes,
,Property,AlternateStreetSuffix,Pl,,StreetSuffix,Place,The street suffix is Place.,Yes,Yes,
,Property,StreetSuffix,Pl,,StreetSuffix,Place,The street suffix is Place.,Yes,Yes,
,Property,AlternateStreetSuffix,Plz,,StreetSuffix,Plaza,The street suffix is Plaza.,Yes,Yes,
,Property,StreetSuffix,Plz,,StreetSuffix,Plaza,The street suffix is Plaza.,Yes,Yes,
,Property,AlternateStreetSuffix,Pt,,StreetSuffix,Point,The street suffix is Point.,Yes,Yes,
,Property,StreetSuffix,Pt,,StreetSuffix,Point,The street suffix is Point.,Yes,Yes,
,Property,AlternateStreetSuffix,Rd,,StreetSuffix,Road,The street suffix is Road.,Yes,Yes,
,Property,StreetSuffix,Rd,,StreetSuffix,Road,The street suffix is Road.,Yes,Yes,
,Property,AlternateStreetSuffix,Row,,StreetSuffix,Row,The street suffix is Row.,Yes,Yes,
,Property,StreetSuffix,Row,,StreetSuffix,Row,The street suffix is Row.,Yes,Yes,
,Property,AlternateStreetSuffix,Sq,,StreetSuffix,Square,The street suffix is Square.,Yes,Yes,
,Property,StreetSuffix,Sq,,StreetSuffix,Square,The street suffix is Square.,Yes,Yes,
,Property,AlternateStreetSuffix,St,,StreetSuffix,Street,The street suffix is Street.,Yes,Yes,
,Property,StreetSuffix,St,,StreetSuffix,Street,The street suffix is Street.,Yes,Yes,
,Property,AlternateStreetSuffix,Ter,,StreetSuffix,Terrace,The street suffix is Terrace.,Yes,Yes,
,Property,StreetSuffix,Ter,,StreetSuffix,Terrace,The street suffix is Terrace.,Yes,Yes,
,Property,AlternateStreetSuffix,Tpke,,StreetSuffix,Turnpike,The street suffix is Turnpike.,Yes,Yes,
,Property,StreetSuffix,Tpke,,StreetSuffix,Turnpike,The street suffix is Turnpike.,Yes,Yes,
,Property,AlternateStreetSuffix,Walk,,StreetSuffix,Walk,The street suffix is Walk.,Yes,Yes,
,Property,StreetSuffix,Walk,,StreetSuffix,Walk,The street suffix is Walk.,Yes,Yes,
,Property,AlternateStreetSuffix,Way,,StreetSuffix,Way,The street suffix is Way.,Yes,Yes,
,Property,StreetSuffix,Way,,StreetSuffix,Way,The street suffix is Way.,Yes,Yes,
,Property,StructureType,Duplex,,StructureType,Duplex,A multifamily structure with two independent units sharing a common roof.,Yes,Yes,
,Property,StructureType,HighRise,,StructureType,HighRise,"Per NYC Buildings, high-rise is classified as a building with an occupied floor located more than 75 feet (22 860 mm) above the lowest level of fire department vehicle access.",Yes,Yes,
,Property,StructureType,HotelMotel,,StructureType,HotelMotel,A commercial structure designed to be a hotel or motel.,Yes,Yes,
,Property,StructureType,House,,StructureType,House,A single-family residence on real property either attached or detached from another structure. A house may be modular (aka prefabricated) but not a manufactured home with a serial/license number.,Yes,Yes,
,Property,StructureType,Loft,,StructureType,Loft,"Architectural characteristics that range from: wide open spaces, high ceilings, columns, exposed brick, mezzanines, large windows, and large doors.",Yes,Yes,
,Property,StructureType,ManufacturedHouse,,StructureType,ManufacturedHouse,"A factory-built house that is transported to a lot. A manufactured home will have a serial/license number, where prefabricated (modular) homes are classified with stick built as ""House"" on this list.",Yes,Yes,
,Property,StructureType,MixedUse,,StructureType,MixedUse,"The property is designed to be used in more than one way. This is typically a combination of residential and commercial space (e.g., a dwelling over a retail space).",Yes,Yes,
,Property,StructureType,MultiFamily,,StructureType,MultiFamily,A structure or complex with five or more units that are individual dwellings.,Yes,Yes,
,Property,StructureType,None,,StructureType,None,The property has no structure.,Yes,Yes,
,Property,StructureType,Quadruplex,,StructureType,Quadruplex,A multifamily structure with four independent units sharing a common roof.,Yes,Yes,
,Property,StructureType,Townhouse,,StructureType,Townhouse,"A dwelling unit, generally having two or more floors and attached to other similar units via party walls.",Yes,Yes,
,Property,StructureType,Triplex,,StructureType,Triplex,A multifamily structure with three independent units sharing a common roof.,Yes,Yes,
,Property,StructureType,WalkUp,,StructureType,WalkUp,An apartment building without an elevator.,Yes,Yes,
,Property,UnitsFurnished,AllUnits,,UnitsFurnished,AllUnits,All of the units in the listed income property are furnished.,Yes,Yes,
,Property,UnitsFurnished,None,,UnitsFurnished,None,None of the units in the listed income property are furnished.,Yes,Yes,
,Property,UnitsFurnished,VariesByUnit,,UnitsFurnished,VariesByUnit,Some of the units in the listing income property are furnished.,Yes,Yes,
,Property,View,Bay,,View,Bay,The property has a bay view.,Yes,Yes,
,Property,View,Beach,,View,Beach,The property has a beach view.,Yes,Yes,
,Property,View,Bridges,,View,Bridges,The property has a view of a bridge or bridges.,Yes,Yes,
,Property,View,Canal,,View,Canal,The property has a canal view.,Yes,Yes,
,Property,View,Canyon,,View,Canyon,The property has a canyon view.,Yes,Yes,
,Property,View,City,,View,City,The property has a city view.,Yes,Yes,
,Property,View,CityLights,,View,CityLights,The property has a view of city lights.,Yes,Yes,
,Property,View,CreekStream,,View,CreekStream,The property has a creek/stream view.,Yes,Yes,
,Property,View,Desert,,View,Desert,The property has a desert view.,Yes,Yes,
,Property,View,Downtown,,View,Downtown,The property has a downtown view.,Yes,Yes,
,Property,View,Forest,,View,Forest,The property has a forest view.,Yes,Yes,
,Property,View,Garden,,View,Garden,The property has a garden view.,Yes,Yes,
,Property,View,GolfCourse,,View,GolfCourse,The property has a view of a golf course.,Yes,Yes,
,Property,View,Hills,,View,Hills,The property has a view of hills.,Yes,Yes,
,Property,View,Lake,,View,Lake,The property has a lake view.,Yes,Yes,
,Property,View,Marina,,View,Marina,The property has a marina view.,Yes,Yes,
,Property,View,Meadow,,View,Meadow,The property has a view of a meadow.,Yes,Yes,
,Property,View,Mountains,,View,Mountains,The property has a mountain view.,Yes,Yes,
,Property,View,Neighborhood,,View,Neighborhood,The property has a view of the surrounding neighborhood.,Yes,Yes,
,Property,View,None,,View,None,The property has no view.,Yes,Yes,
,Property,View,Ocean,,View,Ocean,The property has an ocean view.,Yes,Yes,
,Property,View,Orchard,,View,Orchard,The property has a view of the orchard(s).,Yes,Yes,
,Property,View,Other,,View,Other,The property has a view other than those listed.,Yes,Yes,
,Property,View,Panoramic,,View,Panoramic,The property has a panoramic view.,Yes,Yes,
,Property,View,Park,,View,Park,The property has a park view.,Yes,Yes,
,Property,View,ParkGreenbelt,,View,ParkGreenbelt,The property has a park/greenbelt view.,Yes,Yes,
,Property,View,Pasture,,View,Pasture,The property has a view of a pasture.,Yes,Yes,
,Property,View,Pond,,View,Pond,The property has a view of a pond.,Yes,Yes,
,Property,View,Pool,,View,Pool,The property has a view of a pool.,Yes,Yes,
,Property,View,Ridge,,View,Ridge,The property has a view of a ridge.,Yes,Yes,
,Property,View,River,,View,River,The property has a river view.,Yes,Yes,
,Property,View,Rural,,View,Rural,The property has a rural view.,Yes,Yes,
,Property,View,SeeRemarks,,View,SeeRemarks,See the remarks fields for more information about the view from the property.,Yes,Yes,
,Property,View,Skyline,,View,Skyline,The property has a skyline view.,Yes,Yes,
,Property,View,Territorial,,View,Territorial,The property has a view of the surrounding area.,Yes,Yes,
,Property,View,TreesWoods,,View,TreesWoods,The property has a view of trees or woods.,Yes,Yes,
,Property,View,Valley,,View,Valley,The property has a view of a valley.,Yes,Yes,
,Property,View,Vineyard,,View,Vineyard,The property has a view of a vineyard.,Yes,Yes,
,Property,View,Water,,View,Water,The property has a water view.,Yes,Yes,
,Property,WindowFeatures,AluminumFrames,,WindowFeatures,AluminumFrames,The windows have aluminum frames.,Yes,Yes,
,Property,WindowFeatures,BayWindows,,WindowFeatures,BayWindows,The listing has one or more bay windows.,Yes,Yes,
,Property,WindowFeatures,Blinds,,WindowFeatures,Blinds,The listing has window blinds.,Yes,Yes,
,Property,WindowFeatures,DisplayWindows,,WindowFeatures,DisplayWindows,The listing has one or more windows that would normally be used to display goods or products.,Yes,Yes,
,Property,WindowFeatures,DoublePaneWindows,,WindowFeatures,DoublePaneWindows,The listing has windows with two panes of glass.,Yes,Yes,
,Property,WindowFeatures,Drapes,,WindowFeatures,Drapes,The listing has drapes.,Yes,Yes,
,Property,WindowFeatures,EnergyStarQualifiedWindows,,WindowFeatures,EnergyStarQualifiedWindows,The listing has qualified ENERGY STAR windows.,Yes,Yes,
,Property,WindowFeatures,FloorToCeilingWindows,,WindowFeatures,FloorToCeilingWindows,The listing has floor to ceiling windows.,Yes,Yes,
,Property,WindowFeatures,GardenWindows,,WindowFeatures,GardenWindows,The listing has one or more garden windows.,Yes,Yes,
,Property,WindowFeatures,InsulatedWindows,,WindowFeatures,InsulatedWindows,The listing has insulated windows.,Yes,Yes,
,Property,WindowFeatures,LowEmissivityWindows,,WindowFeatures,LowEmissivityWindows,The listing has low-emissivity windows.,Yes,Yes,
,Property,WindowFeatures,NewWindows,,WindowFeatures,NewWindows,The listing in which is currently for sale/lease has new installed windows.,Yes,Yes,
,Property,WindowFeatures,PlantationShutters,,WindowFeatures,PlantationShutters,The listing has plantation shutters.,Yes,Yes,
,Property,WindowFeatures,Screens,,WindowFeatures,Screens,The listing has screens.,Yes,Yes,
,Property,WindowFeatures,Shutters,,WindowFeatures,Shutters,The listing has shutters.,Yes,Yes,
,Property,WindowFeatures,Skylights,,WindowFeatures,Skylights,The listing has skylights.,Yes,Yes,
,Property,WindowFeatures,SolarScreens,,WindowFeatures,SolarScreens,The listing has solar screens.,Yes,Yes,
,Property,WindowFeatures,StormWindows,,WindowFeatures,StormWindows,The listing has storm windows.,Yes,Yes,
,Property,WindowFeatures,TintedWindows,,WindowFeatures,TintedWindows,The listing has tinted windows.,Yes,Yes,
,Property,WindowFeatures,TriplePaneWindows,,WindowFeatures,TriplePaneWindows,The listing has triple-pane windows.,Yes,Yes,
,Property,WindowFeatures,WindowCoverings,,WindowFeatures,WindowCoverings,The listing has window coverings.,Yes,Yes,
,Property,WindowFeatures,WindowTreatments,,WindowFeatures,WindowTreatments,The listing has window treatments.,Yes,Yes,
,Property,WindowFeatures,WoodFrames,,WindowFeatures,WoodFrames,The listing has wood-framed windows.,Yes,Yes,
,Property,LotDimensionsSource,Appraiser,,LotSizeSource,Appraiser,The lot dimensions were provided by an appraiser.,Yes,Yes,
,Property,LotDimensionsSource,Assessor,,LotSizeSource,Assessor,The lot dimensions were provided by an assessor.,Yes,Yes,
,Property,LotDimensionsSource,Builder,,LotSizeSource,Builder,The lot dimensions were provided by a builder.,Yes,Yes,
,Property,LotDimensionsSource,Estimated,,LotSizeSource,Estimated,The lot dimensions were estimated.,Yes,Yes,
,Property,LotDimensionsSource,GisCalculated,,LotSizeSource,GisCalculated,The lot dimensions were calculated by a Geographic Information System (GIS).,Yes,Yes,
,Property,LotDimensionsSource,Measured,,LotSizeSource,Measured,The lot dimensions were measured.,Yes,Yes,
,Property,LotDimensionsSource,Other,,LotSizeSource,Other,The lot dimensions were provided by a source other than those on this list.,Yes,Yes,
,Property,LotDimensionsSource,Owner,,LotSizeSource,Owner,The lot dimensions were provided by the owner.,Yes,Yes,
,Property,LotDimensionsSource,PublicRecords,,LotSizeSource,PublicRecords,The lot dimensions were taken from public records.,Yes,Yes,
,Property,LotDimensionsSource,SeeRemarks,,LotSizeSource,SeeRemarks,See the public or private remarks for details on the source of the lot dimensions.,Yes,Yes,
,Property,LotDimensionsSource,Survey,,LotSizeSource,Survey,The lot dimensions were provided by a land survey.,Yes,Yes,
,Property,TenantPays,,,TenantPays,AllUtilities,The tenant pays for all utilities.,Yes,Yes,
,Property,TenantPays,,,TenantPays,Association Fees,The tenant pays for association fees.,Yes,Yes,
,Property,TenantPays,,,TenantPays,CableTV,The tenant pays for cable TV.,Yes,Yes,
,Property,TenantPays,,,TenantPays,CommonAreaMaintenance,The tenant pays for common area maintenance.,Yes,Yes,
,Property,TenantPays,,,TenantPays,Electricity,The tenant pays for electricity.,Yes,Yes,
,Property,TenantPays,,,TenantPays,ExteriorMaintenance,The tenant pays for exterior maintenance.,Yes,Yes,
,Property,TenantPays,,,TenantPays,Gardener,The tenant pays for gardening or groundskeeping service.,Yes,Yes,
,Property,TenantPays,,,TenantPays,Gas,The tenant pays for gas.,Yes,Yes,
,Property,TenantPays,,,TenantPays,GroundsCare,The tenant pays for grounds care.,Yes,Yes,
,Property,TenantPays,,,TenantPays,HotWater,The tenant pays for hot water.,Yes,Yes,
,Property,TenantPays,,,TenantPays,HVACMaintenance,The tenant pays for HVAC maintenance.,Yes,Yes,
,Property,TenantPays,,,TenantPays,Insurance,The tenant pays for insurance.,Yes,Yes,
,Property,TenantPays,,,TenantPays,Internet,The tenant/lessee pays for internet service.,Yes,Yes,
,Property,TenantPays,,,TenantPays,JanitorialService,The tenant pays for janitorial service.,Yes,Yes,
,Property,TenantPays,,,TenantPays,Management,The tenant pays for management.,Yes,Yes,
,Property,TenantPays,,,TenantPays,None,"The tenant pays for no other utilities, services, etc.",Yes,Yes,
,Property,TenantPays,,,TenantPays,Other,The tenant pays for items other than those on this list.,Yes,Yes,
,Property,TenantPays,,,TenantPays,OtherTax,The tenant pays for other taxes.,Yes,Yes,
,Property,TenantPays,,,TenantPays,ParkingFee,The tenant pays for parking fees.,Yes,Yes,
,Property,TenantPays,,,TenantPays,PestControl,The tenant pays for pest control.,Yes,Yes,
,Property,TenantPays,,,TenantPays,PoolMaintenance,The tenant pays for pool maintenance.,Yes,Yes,
,Property,TenantPays,,,TenantPays,Repairs,The tenant pays for repairs.,Yes,Yes,
,Property,TenantPays,,,TenantPays,Roof,The tenant pays for roof maintenance.,Yes,Yes,
,Property,TenantPays,,,TenantPays,Security,The tenant pays for security.,Yes,Yes,
,Property,TenantPays,,,TenantPays,See Remarks,See listing remarks for details on what the tenant pays for.,Yes,Yes,
,Property,TenantPays,,,TenantPays,Sewer,The tenant pays for sewer.,Yes,Yes,
,Property,TenantPays,,,TenantPays,Snow Removal,The tenant pays for snow removal.,Yes,Yes,
,Property,TenantPays,,,TenantPays,Taxes,The tenant pays for taxes.,Yes,Yes,
,Property,TenantPays,,,TenantPays,Telephone,The tenant pays for telephone.,Yes,Yes,
,Property,TenantPays,,,TenantPays,Trash Collection,The tenant pays for trash collection.,Yes,Yes,
,Property,TenantPays,,,TenantPays,Water,The tenant pays for water.,Yes,Yes,
,Property,MoveInCosts,,,MoveInCosts,AdditionalApplicationFee,"A fee charged for additional application (more than 1 co-application), often covering administrative costs)",Yes,Yes,
,Property,MoveInCosts,,,MoveInCosts,AdministrationFee,An administration fee is required to be paid by the lessee.,Yes,Yes,
,Property,MoveInCosts,,,MoveInCosts,Application fee,"A fee charged to process the applicant application, often covering administrative costs.",Yes,Yes,
,Property,MoveInCosts,,,MoveInCosts,AssociationDeposit,An association deposit is required to be paid by the lessee.,Yes,Yes,
,Property,MoveInCosts,,,MoveInCosts,BackgroundCheck,A fee for conducting a criminal or rental history background check on the applicant.,Yes,Yes,
,Property,MoveInCosts,,,MoveInCosts,CleaningFee,A cleaning fee is required to be paid by the lessee.,Yes,Yes,
,Property,MoveInCosts,,,MoveInCosts,CreditCheck,A fee to cover the cost of obtaining and reviewing the applicant’s credit report.,Yes,Yes,
,Property,MoveInCosts,,,MoveInCosts,FirstMonthRent,The first month of rent is required to be paid by the lessee.,Yes,Yes,
,Property,MoveInCosts,,,MoveInCosts,GuarantorCoSigner,A fee associated with processing a guarantor or co-signer on the lease.,Yes,Yes,
,Property,MoveInCosts,,,MoveInCosts,LastMonthRent,The last month of rent is required to be paid by the lessee.,Yes,Yes,
,Property,MoveInCosts,,,MoveInCosts,None,No additional listing fees apply.,Yes,Yes,
,Property,MoveInCosts,,,MoveInCosts,Other,Any other fees not listed above; should be explained in the comments field.,Yes,Yes,
,Property,MoveInCosts,,,MoveInCosts,PetDeposit,A pet deposit is required to be paid by the lessee.,Yes,Yes,
,Property,MoveInCosts,,,MoveInCosts,SecurityDeposit,A security deposit may be required to be paid by the lessee.,Yes,Yes,
,Property,OngoingFees,,,OngoingFees,Other,,Yes,Yes,
,Property,UnitTypeType,Apartments,,UnitTypeType,Apartments,,Yes,Yes,
,,UnitTypeType,Commercial,,UnitTypeType,Commercial,,Yes,Yes,
,Property,UnitTypeType,Efficiency,,UnitTypeType,Efficiency,,Yes,Yes,
,Property,UnitTypeType,FourBedroomOrMore,,UnitTypeType,FourBedroomOrMore,,Yes,Yes,
,Property,UnitTypeType,Loft,,UnitTypeType,Loft,,Yes,Yes,
,Property,UnitTypeType,ManagersUnit,,UnitTypeType,ManagersUnit,,Yes,Yes,
,Property,UnitTypeType,OneBedroom,,UnitTypeType,OneBedroom,,Yes,Yes,
,,UnitTypeType,Parking,,UnitTypeType,Parking,,Yes,Yes,
,Property,UnitTypeType,Penthouse,,UnitTypeType,Penthouse,,Yes,Yes,
,Property,UnitTypeType,Studio,,UnitTypeType,Studio,,Yes,Yes,
,Property,UnitTypeType,ThreeBedroom,,UnitTypeType,ThreeBedroom,,Yes,Yes,
,Property,UnitTypeType,TwoBedroom,,UnitTypeType,TwoBedroom,,Yes,Yes,
